set	set_label	status	tier	tool	tool_label	tool_role	metric	n	n_clusters	true_value_variance	true_value_constant	true_value_min	true_value_max	mae	mae_ci_lo	mae_ci_hi	rmse	rmse_ci_lo	rmse_ci_hi	bias	bias_ci_lo	bias_ci_hi	r2	r2_ci_lo	r2_ci_hi	r2_pearson_sq	r2_pearson_sq_ci_lo	r2_pearson_sq_ci_hi	r2_omitted_reason
set_A_v2	Set A (completeness gradient, 0% contamination)	current	primary	magicc_v5	MAGICC v5 (released, v0.3.0)	primary	completeness	1000	798	288.16837015258153	False	50.07295870786195	100.0	2.1766318366134065	1.9277441429974123	2.435865381542502	4.265459274526059	3.623068010271329	4.941846003477394	0.09221869013727485	-0.22021929281434696	0.3615054110643994	0.9368628041550612	0.9149649346821997	0.9546766052827128	0.9369097873360442	0.9150789451799862	0.9549034238294165	
set_A_v2	Set A (completeness gradient, 0% contamination)	current	primary	magicc_v4	MAGICC v4 (numbers in submitted manuscript)	secondary	completeness	1000	798	288.16837015258153	False	50.07295870786195	100.0	2.591358171535378	2.331690526613714	2.8703209569354535	4.653794186738778	4.01237827122918	5.354821640961681	-0.3558517728627252	-0.6767237840143815	-0.06584473426948192	0.924843242438245	0.9005742155665559	0.9441474823389727	0.925951506879619	0.9019742547947851	0.9453663227818452	
set_A_v2	Set A (completeness gradient, 0% contamination)	current	primary	magicc_v3	MAGICC v3 (SUPERSEDED - uses 20 assembly statistics)	superseded	completeness	1000	798	288.16837015258153	False	50.07295870786195	100.0	1.9928675263079683	1.8084866295530386	2.181995226635654	3.4664167383890567	3.0637434053875747	3.852775566992939	-0.002137164862725115	-0.22524963059520484	0.22048864240111624	0.9583019989396425	0.9482289011510405	0.9676763829085017	0.9585290917646682	0.948303421567447	0.9680754662813467	
set_A_v2	Set A (completeness gradient, 0% contamination)	current	primary	checkm2	CheckM2 1.0.1	competitor	completeness	1000	798	288.16837015258153	False	50.07295870786195	100.0	2.5423106509718054	2.3618738037626237	2.71386793577417	3.836799863069146	3.5632109711142346	4.102091013069212	1.2338306271372748	0.9958970961969391	1.4616723262918312	0.9489151665692774	0.9404746544506805	0.9563008200589307	0.9542042212077979	0.946968352073464	0.9608029149817808	
set_A_v2	Set A (completeness gradient, 0% contamination)	current	primary	cocopye	CoCoPyE 0.5.0	competitor	completeness	1000	798	288.16837015258153	False	50.07295870786195	100.0	3.626543119935133	3.3500954034054615	3.9256856641459867	5.476054680966631	5.02626563539997	5.92667511844745	1.5985225375141008	1.257584076014884	1.9337134904364863	0.8959387012077047	0.8779376295982056	0.9121925150110476	0.9085106847176115	0.8899267676432443	0.9248142585963722	
set_A_v2	Set A (completeness gradient, 0% contamination)	current	primary	deepcheck	DeepCheck	competitor	completeness	1000	798	288.16837015258153	False	50.07295870786195	100.0	4.255472477276518	3.975215340154827	4.539029889031779	6.229719890580933	5.806058833692202	6.681775560255611	1.4648283920298533	1.094480196229916	1.8452645121778857	0.8653238386483895	0.8429478177442182	0.8846172390510949	0.8735672962805364	0.8541934186593315	0.8908654862380183	
set_A_v2	Set A (completeness gradient, 0% contamination)	current	primary	magicc_v5	MAGICC v5 (released, v0.3.0)	primary	contamination	1000	798	0.0	True	0.0	0.0	0.8285294344272	0.6429887833268665	1.0594770411788443	3.01249322423102	1.805901322270498	4.082399324670734	0.8285294344272	0.6429887833268665	1.0594770411788443							R^2 is undefined: the true contamination is constant at 0% for all 1000 genomes in this set, so the total sum of squares is zero and no fraction of variance can be explained. MAE, RMSE and mean signed error remain well defined and are reported instead.
set_A_v2	Set A (completeness gradient, 0% contamination)	current	primary	magicc_v4	MAGICC v4 (numbers in submitted manuscript)	secondary	contamination	1000	798	0.0	True	0.0	0.0	1.4780225	1.2131116012108982	1.7854141358224014	4.212589272168604	2.948494234614737	5.46509863269554	1.4780225	1.2131116012108982	1.7854141358224014							R^2 is undefined: the true contamination is constant at 0% for all 1000 genomes in this set, so the total sum of squares is zero and no fraction of variance can be explained. MAE, RMSE and mean signed error remain well defined and are reported instead.
set_A_v2	Set A (completeness gradient, 0% contamination)	current	primary	magicc_v3	MAGICC v3 (SUPERSEDED - uses 20 assembly statistics)	superseded	contamination	1000	798	0.0	True	0.0	0.0	0.4568896125832999	0.3415882878057161	0.5860754939886198	2.0572538951470056	1.1740603897350756	2.883252149099237	0.4568896125832999	0.3415882878057161	0.5860754939886198							R^2 is undefined: the true contamination is constant at 0% for all 1000 genomes in this set, so the total sum of squares is zero and no fraction of variance can be explained. MAE, RMSE and mean signed error remain well defined and are reported instead.
set_A_v2	Set A (completeness gradient, 0% contamination)	current	primary	checkm2	CheckM2 1.0.1	competitor	contamination	1000	798	0.0	True	0.0	0.0	0.27387	0.24952591857678735	0.29995225000000003	0.4403654164441163	0.3986877218081268	0.4832202811971876	0.27387	0.24952591857678735	0.29995225000000003							R^2 is undefined: the true contamination is constant at 0% for all 1000 genomes in this set, so the total sum of squares is zero and no fraction of variance can be explained. MAE, RMSE and mean signed error remain well defined and are reported instead.
set_A_v2	Set A (completeness gradient, 0% contamination)	current	primary	cocopye	CoCoPyE 0.5.0	competitor	contamination	1000	798	0.0	True	0.0	0.0	0.7744793874790756	0.612203505699262	0.9754128016180987	2.8670595482195016	2.2684247140695093	3.476486106458412	0.7744793874790756	0.612203505699262	0.9754128016180987							R^2 is undefined: the true contamination is constant at 0% for all 1000 genomes in this set, so the total sum of squares is zero and no fraction of variance can be explained. MAE, RMSE and mean signed error remain well defined and are reported instead.
set_A_v2	Set A (completeness gradient, 0% contamination)	current	primary	deepcheck	DeepCheck	competitor	contamination	1000	798	0.0	True	0.0	0.0	0.404035914644599	0.3717926938627589	0.4355011395700983	0.6315151025352045	0.5838906333722574	0.6730980550807207	0.2865536159723997	0.24924082711367634	0.32292307093063594							R^2 is undefined: the true contamination is constant at 0% for all 1000 genomes in this set, so the total sum of squares is zero and no fraction of variance can be explained. MAE, RMSE and mean signed error remain well defined and are reported instead.
set_B_v2	Set B (contamination gradient, 100% completeness)	current	primary	magicc_v5	MAGICC v5 (released, v0.3.0)	primary	completeness	1000	803	0.0	True	100.0	100.0	2.972426611	2.6474062363997954	3.3182404214419767	6.014786910832875	5.3811897431688145	6.589604916586322	-2.972426611	-3.318240421441977	-2.6474062363997954							R^2 is undefined: the true completeness is constant at 100% for all 1000 genomes in this set, so the total sum of squares is zero and no fraction of variance can be explained. MAE, RMSE and mean signed error remain well defined and are reported instead.
set_B_v2	Set B (contamination gradient, 100% completeness)	current	primary	magicc_v4	MAGICC v4 (numbers in submitted manuscript)	secondary	completeness	1000	803	0.0	True	100.0	100.0	3.1238226	2.7744222138535073	3.4590567742551848	5.8482909374021395	5.261669729884048	6.416101081222105	-3.1238226	-3.459056774255185	-2.7744222138535073							R^2 is undefined: the true completeness is constant at 100% for all 1000 genomes in this set, so the total sum of squares is zero and no fraction of variance can be explained. MAE, RMSE and mean signed error remain well defined and are reported instead.
set_B_v2	Set B (contamination gradient, 100% completeness)	current	primary	magicc_v3	MAGICC v3 (SUPERSEDED - uses 20 assembly statistics)	superseded	completeness	1000	803	0.0	True	100.0	100.0	0.7727145449999998	0.57808676173181	0.9860229440792727	3.2782157809863457	2.475862599904699	4.025357052295423	-0.7727145449999998	-0.9860229440792727	-0.57808676173181							R^2 is undefined: the true completeness is constant at 100% for all 1000 genomes in this set, so the total sum of squares is zero and no fraction of variance can be explained. MAE, RMSE and mean signed error remain well defined and are reported instead.
set_B_v2	Set B (contamination gradient, 100% completeness)	current	primary	checkm2	CheckM2 1.0.1	competitor	completeness	1000	803	0.0	True	100.0	100.0	0.45112000000000024	0.3190901682152185	0.6001370518252777	2.249215374302781	1.604649331559399	2.8786889436984024	-0.45112000000000024	-0.6001370518252777	-0.3190901682152185							R^2 is undefined: the true completeness is constant at 100% for all 1000 genomes in this set, so the total sum of squares is zero and no fraction of variance can be explained. MAE, RMSE and mean signed error remain well defined and are reported instead.
set_B_v2	Set B (contamination gradient, 100% completeness)	current	primary	cocopye	CoCoPyE 0.5.0	competitor	completeness	1000	803	0.0	True	100.0	100.0	2.6084536472310864	2.2952356974016053	2.9452929737110622	5.632382684609849	5.014345418517646	6.241895806621802	-2.6084536472310864	-2.9452929737110622	-2.2952356974016053							R^2 is undefined: the true completeness is constant at 100% for all 1000 genomes in this set, so the total sum of squares is zero and no fraction of variance can be explained. MAE, RMSE and mean signed error remain well defined and are reported instead.
set_B_v2	Set B (contamination gradient, 100% completeness)	current	primary	deepcheck	DeepCheck	competitor	completeness	1000	803	0.0	True	100.0	100.0	6.6112978515625	6.063183851459312	7.165332125251908	11.124742303672994	10.332623636596598	11.934503552774936	4.400948608398438	3.76484709078012	5.054528200063339							R^2 is undefined: the true completeness is constant at 100% for all 1000 genomes in this set, so the total sum of squares is zero and no fraction of variance can be explained. MAE, RMSE and mean signed error remain well defined and are reported instead.
set_B_v2	Set B (contamination gradient, 100% completeness)	current	primary	magicc_v5	MAGICC v5 (released, v0.3.0)	primary	contamination	1000	803	772.4672959754683	False	0.0	80.0	4.453452160275677	4.121883812189373	4.792029895134867	6.772518352675309	6.132658715921999	7.43248934992398	-0.13556211729051568	-0.5949579560188135	0.30051961127251664	0.9406227227012851	0.9283067332847375	0.9513593721607386	0.9408855023396409	0.9287581833579539	0.9516782128068355	
set_B_v2	Set B (contamination gradient, 100% completeness)	current	primary	magicc_v4	MAGICC v4 (numbers in submitted manuscript)	secondary	contamination	1000	803	772.4672959754683	False	0.0	80.0	5.109657326062996	4.741421495878926	5.50406543930061	7.702473366904932	6.899186837533228	8.511519031677347	1.7674096368514842	1.2666306865420756	2.2721519005703397	0.9231966242752575	0.9067870205912647	0.9385108024225474	0.9276074728380337	0.9127223112703688	0.9416050953614593	
set_B_v2	Set B (contamination gradient, 100% completeness)	current	primary	magicc_v3	MAGICC v3 (SUPERSEDED - uses 20 assembly statistics)	superseded	contamination	1000	803	772.4672959754683	False	0.0	80.0	2.783629888936638	2.579950361203287	3.0031050587219044	4.30382439859824	3.924774164043202	4.733705595807183	-0.04897599531531569	-0.3295784596263371	0.23142284029950932	0.9760211150032199	0.9709925614587326	0.9801181740532652	0.9763162929485565	0.971519756542672	0.9803600147680497	
set_B_v2	Set B (contamination gradient, 100% completeness)	current	primary	checkm2	CheckM2 1.0.1	competitor	contamination	1000	803	772.4672959754683	False	0.0	80.0	17.661892481683402	16.510105631285878	18.778819690336313	25.23848722734899	23.90581170607492	26.542919848593968	-14.261714663148517	-15.593799180511477	-12.96018867102942	0.17539390878589745	0.0863532979672487	0.2594772099937376	0.47565440392885955	0.435750415603258	0.5171062251233254	
set_B_v2	Set B (contamination gradient, 100% completeness)	current	primary	cocopye	CoCoPyE 0.5.0	competitor	contamination	1000	803	772.4672959754683	False	0.0	80.0	19.14068970973646	18.04250157822005	20.291697976833614	26.72869859204681	25.616310318751605	27.852288541985125	-18.418447222226682	-19.606929641446552	-17.27655207066593	0.07514100318989625	0.008653369522991484	0.1374532950721437	0.7142834517723246	0.6908147568885733	0.7372319639415361	
set_B_v2	Set B (contamination gradient, 100% completeness)	current	primary	deepcheck	DeepCheck	competitor	contamination	1000	803	772.4672959754683	False	0.0	80.0	25.704923896847433	24.347163470022036	27.09590014050012	33.9781108824303	32.29440077424578	35.6758198029079	-20.585649024365537	-22.273219337626	-18.873629116015874	-0.4945772140176057	-0.6528200869147395	-0.3577999980501757	0.2959317946432209	0.26265365852708344	0.3328551831072637	
set_C	Set C (Patescibacteriota) - SUPERSEDED (training leakage)	superseded_leaky	reported	magicc_v5	MAGICC v5 (released, v0.3.0)	primary	completeness	1000	1000	267.7203131565555	False	50.00148287148627	100.0	3.153890706633181	2.8941616623273334	3.411516591354186	5.245828049671358	4.749667963269326	5.740729561828009	0.9695422635955971	0.6428714744717973	1.2968649527914238	0.897210967661514	0.8768559479061228	0.9156508073231044	0.9009957720486075	0.8813949701043321	0.9185586807364158	
set_C	Set C (Patescibacteriota) - SUPERSEDED (training leakage)	superseded_leaky	reported	magicc_v4	MAGICC v4 (numbers in submitted manuscript)	secondary	completeness	1000	1000	267.7203131565555	False	50.00148287148627	100.0	3.3647852548056716	3.1002880505293726	3.639760736953016	5.516167936549697	5.0216145078985965	6.0045306600077595	1.1477021955955973	0.8116814344428775	1.4976041073560202	0.8863436683400807	0.8649970471339246	0.9058456320309242	0.891756515474674	0.8718346117657564	0.9102073403631181	
set_C	Set C (Patescibacteriota) - SUPERSEDED (training leakage)	superseded_leaky	reported	magicc_v3	MAGICC v3 (SUPERSEDED - uses 20 assembly statistics)	superseded	completeness	1000	1000	267.7203131565555	False	50.00148287148627	100.0	2.958389655163977	2.706060888815342	3.213180145849564	5.014598594134317	4.447612409785529	5.586761611531796	-0.09618630140440265	-0.4171839902187959	0.21633453330296198	0.9060728759659374	0.8829647720734153	0.9259362985568956	0.9063955490804738	0.8837853674838093	0.9260997953596123	
set_C	Set C (Patescibacteriota) - SUPERSEDED (training leakage)	superseded_leaky	reported	checkm2	CheckM2 1.0.1	competitor	completeness	1000	1000	267.7203131565555	False	50.00148287148627	100.0	7.993850021155766	7.640436571252238	8.364727093954041	9.843362051336328	9.45966912827637	10.239179841505916	-4.7301815044044035	-5.285841536706507	-4.193801885139743	0.6380858242272096	0.6040972896780036	0.6692735266280238	0.7289338639488994	0.7026875974899794	0.7536118706869606	
set_C	Set C (Patescibacteriota) - SUPERSEDED (training leakage)	superseded_leaky	reported	cocopye	CoCoPyE 0.5.0	competitor	completeness	1000	1000	267.7203131565555	False	50.00148287148627	100.0	15.725176062118091	15.096966863220032	16.348057242349437	18.680391692698443	18.09426552180541	19.27408765752516	-13.976697537222805	-14.727081511840357	-13.216457482738779	-0.30343876293233074	-0.43330855856980094	-0.19498353438515095	0.4680926729715007	0.42804604065416213	0.505415209291498	
set_C	Set C (Patescibacteriota) - SUPERSEDED (training leakage)	superseded_leaky	reported	deepcheck	DeepCheck	competitor	completeness	1000	1000	267.7203131565555	False	50.00148287148627	100.0	17.967173426126184	17.363163259990383	18.58199630489771	20.490850366253078	19.877147447181116	21.0868954038692	-17.44978112621532	-18.12730161197492	-16.79844904337708	-0.5683342955252055	-0.711958462579735	-0.4405111051583253	0.5857199970227487	0.5499678404345449	0.6216935231695356	
set_C	Set C (Patescibacteriota) - SUPERSEDED (training leakage)	superseded_leaky	reported	magicc_v5	MAGICC v5 (released, v0.3.0)	primary	contamination	1000	1000	835.7012587862166	False	0.0	99.88232114857072	7.974122201377205	7.490692329672567	8.485530127479255	11.130891115830526	10.445407315650895	11.807194999988234	-6.997701786355452	-7.562475887962148	-6.461262893883703	0.8517451831861255	0.8340536198397067	0.8685485495269092	0.9293160231293653	0.9180670415453288	0.939446276409357	
set_C	Set C (Patescibacteriota) - SUPERSEDED (training leakage)	superseded_leaky	reported	magicc_v4	MAGICC v4 (numbers in submitted manuscript)	secondary	contamination	1000	1000	835.7012587862166	False	0.0	99.88232114857072	7.439052423495307	6.950873576475571	7.940664677109171	10.757246679991553	10.007415710607882	11.528554746815358	-6.1686907447954535	-6.726194854272147	-5.617831175051539	0.8615314325333671	0.8421421740776927	0.8791598158549134	0.9249449462819438	0.9114468505587496	0.937558528140311	
set_C	Set C (Patescibacteriota) - SUPERSEDED (training leakage)	superseded_leaky	reported	magicc_v3	MAGICC v3 (SUPERSEDED - uses 20 assembly statistics)	superseded	contamination	1000	1000	835.7012587862166	False	0.0	99.88232114857072	5.051978223224069	4.67887414035318	5.43970704278253	7.944632799078396	7.18001934908132	8.74062348833243	-3.3894195489954533	-3.8333933808346354	-2.949647000507404	0.924473979608617	0.9089926001376726	0.9387124432057956	0.9390292842821111	0.9254009499669048	0.9511425702913674	
set_C	Set C (Patescibacteriota) - SUPERSEDED (training leakage)	superseded_leaky	reported	checkm2	CheckM2 1.0.1	competitor	contamination	1000	1000	835.7012587862166	False	0.0	99.88232114857072	42.37174453000813	40.74199473388218	44.029797256439814	49.955717330411524	48.4314941179282	51.48921407774829	-42.36055974479545	-44.01810775938356	-40.72993873970957	-1.9862031051868718	-2.188247264278119	-1.7965254760266067	0.3242554373403898	0.2830798297017807	0.3673668375619948	
set_C	Set C (Patescibacteriota) - SUPERSEDED (training leakage)	superseded_leaky	reported	cocopye	CoCoPyE 0.5.0	competitor	contamination	1000	1000	835.7012587862166	False	0.0	99.88232114857072	34.06761223194041	32.56077208601346	35.601818428499335	42.04254567204721	40.60556070640356	43.4853441830424	-32.90216491540823	-34.564698656386824	-31.290784395295688	-1.1150807516473362	-1.2648452585039665	-0.9749187410370408	0.28369259862507445	0.23483935879262743	0.33316915681983666	
set_C	Set C (Patescibacteriota) - SUPERSEDED (training leakage)	superseded_leaky	reported	deepcheck	DeepCheck	competitor	contamination	1000	1000	835.7012587862166	False	0.0	99.88232114857072	44.55567753814589	42.8650971443121	46.25610708617699	52.15487753250576	50.60836481612333	53.70979611068391	-44.55290579207112	-46.25521852093402	-42.86316864297599	-2.2549086432889043	-2.4735887642157985	-2.048237945713448	0.262505291799801	0.22278547419270175	0.3081680283677817	
set_D	Set D (Archaea) - SUPERSEDED (training leakage)	superseded_leaky	reported	magicc_v5	MAGICC v5 (released, v0.3.0)	primary	completeness	1000	1000	237.2289297106215	False	50.08139633487758	100.0	5.1759362701545975	4.772119333618833	5.596064651991617	8.43168125504886	7.654687608289757	9.241713033923878	1.4317592447423257	0.9277440662019256	1.9185356776801825	0.7003179634395187	0.6407737961388101	0.7534764454688707	0.7123932969492441	0.6603288365750318	0.760956071624749	
set_D	Set D (Archaea) - SUPERSEDED (training leakage)	superseded_leaky	reported	magicc_v4	MAGICC v4 (numbers in submitted manuscript)	secondary	completeness	1000	1000	237.2289297106215	False	50.08139633487758	100.0	5.203892952530291	4.816460265684378	5.6121273142288794	8.347663261737408	7.584792200755501	9.122575667943591	1.6472394827423256	1.1613319369528297	2.136166280611834	0.7062606065105033	0.6489912413830945	0.7570505646241932	0.7211230989520274	0.670595937692401	0.7669606347029696	
set_D	Set D (Archaea) - SUPERSEDED (training leakage)	superseded_leaky	reported	magicc_v3	MAGICC v3 (SUPERSEDED - uses 20 assembly statistics)	superseded	completeness	1000	1000	237.2289297106215	False	50.08139633487758	100.0	4.055917874359668	3.7367382717537128	4.3991974178927205	6.747012535109389	6.077747692062532	7.458405275349128	0.3319485767423255	-0.07731696946886953	0.7414510190732063	0.8081086560376407	0.7644711405687127	0.8449211551315967	0.8098006217445454	0.7683276528797331	0.84597874794335	
set_D	Set D (Archaea) - SUPERSEDED (training leakage)	superseded_leaky	reported	checkm2	CheckM2 1.0.1	competitor	completeness	1000	1000	237.2289297106215	False	50.08139633487758	100.0	9.887259516262748	9.278286258020458	10.536252429208597	14.11915537808762	13.364567643500601	14.894491970834027	8.226491982742326	7.550192508634754	8.956782333789796	0.15967015981670563	0.05207787655089928	0.2513192522334032	0.48008893990603385	0.43661763074997273	0.5251864939910614	
set_D	Set D (Archaea) - SUPERSEDED (training leakage)	superseded_leaky	reported	cocopye	CoCoPyE 0.5.0	competitor	completeness	1000	1000	237.2289297106215	False	50.08139633487758	100.0	6.140037705036426	5.726415483207687	6.552582990960739	8.989920814511375	8.246701918559468	9.738416361028396	-0.8632093077552875	-1.3698596002890562	-0.32360437264225256	0.6593220044883659	0.6013080788723749	0.7125821029711699	0.662891598703118	0.6081275598112685	0.7156364244938477	
set_D	Set D (Archaea) - SUPERSEDED (training leakage)	superseded_leaky	reported	deepcheck	DeepCheck	competitor	completeness	1000	1000	237.2289297106215	False	50.08139633487758	100.0	9.974952677434645	9.351719474261342	10.591687610097862	13.918142409310768	13.124180481621359	14.701853055553258	4.959777098251359	4.183394070410793	5.788148683645948	0.1834272136954226	0.07880029105849205	0.2784146652153054	0.4107225175003405	0.3605804507737141	0.46192808327601753	
set_D	Set D (Archaea) - SUPERSEDED (training leakage)	superseded_leaky	reported	magicc_v5	MAGICC v5 (released, v0.3.0)	primary	contamination	1000	1000	835.9959653514017	False	0.0	99.42906209988202	8.058032512078764	7.44201446983097	8.688514471969317	12.699537881718122	11.708482867558972	13.678377507645914	-6.110872341779231	-6.817324544517755	-5.446952841868123	0.8070824871249205	0.7775539873190708	0.8339914698131659	0.861877996330619	0.8388818381595133	0.883734915059158	
set_D	Set D (Archaea) - SUPERSEDED (training leakage)	superseded_leaky	reported	magicc_v4	MAGICC v4 (numbers in submitted manuscript)	secondary	contamination	1000	1000	835.9959653514017	False	0.0	99.42906209988202	7.767309504960628	7.183006349756484	8.372206233426388	12.30066608111831	11.315357390145275	13.285094382230092	-5.647974842709231	-6.358897210039412	-4.977787621723841	0.819010626474047	0.790403370597106	0.8443869923032361	0.8674722898610595	0.844590303832044	0.8894331105646889	
set_D	Set D (Archaea) - SUPERSEDED (training leakage)	superseded_leaky	reported	magicc_v3	MAGICC v3 (SUPERSEDED - uses 20 assembly statistics)	superseded	contamination	1000	1000	835.9959653514017	False	0.0	99.42906209988202	5.395286582067334	4.997970235469228	5.815543673603113	8.46584731313864	7.706585618583357	9.225116502125434	-2.7831841948292313	-3.2701269454753694	-2.310555016210899	0.9142692384893858	0.8975572975335306	0.9286852580881185	0.9240970010954801	0.9091223859566222	0.9371397537503773	
set_D	Set D (Archaea) - SUPERSEDED (training leakage)	superseded_leaky	reported	checkm2	CheckM2 1.0.1	competitor	contamination	1000	1000	835.9959653514017	False	0.0	99.42906209988202	36.92437572675197	35.368920771882536	38.40981708251762	44.019547641943724	42.54035054556728	45.35440397340211	-36.91583004270923	-38.398852377544664	-35.35242484489822	-1.3178587635729246	-1.4944882199428737	-1.1557522469174586	0.3656455075242421	0.32523506478272474	0.4098650393024564	
set_D	Set D (Archaea) - SUPERSEDED (training leakage)	superseded_leaky	reported	cocopye	CoCoPyE 0.5.0	competitor	contamination	1000	1000	835.9959653514017	False	0.0	99.42906209988202	25.725642739647746	24.362917252002678	27.144049114242115	33.76579587394998	32.41660947428098	35.114117808092296	-25.05743115041149	-26.518702947665716	-23.673537066334703	-0.3637972170380237	-0.47415849676968436	-0.2717286286657834	0.5641810155933776	0.5228302638180427	0.6037678695306435	
set_D	Set D (Archaea) - SUPERSEDED (training leakage)	superseded_leaky	reported	deepcheck	DeepCheck	competitor	contamination	1000	1000	835.9959653514017	False	0.0	99.42906209988202	41.7739802882366	40.1250488360716	43.45664691395225	49.5278301870206	47.77628854959158	51.4011807542226	-40.96603391532552	-42.712247234653454	-39.150144987548295	-1.934231820129963	-2.1918967313308957	-1.7228569729619427	0.10646531604958706	0.07731379080406163	0.2197761354981211	
set_E	Set E (realistic mixture)	current	primary	magicc_v5	MAGICC v5 (released, v0.3.0)	primary	completeness	1000	785	270.5628362589624	False	50.22356510628079	100.0	5.485888223766055	5.0367441372509445	5.950119756012367	8.904759997143103	8.172760741383275	9.611047576146273	1.127684293070554	0.5537020946844313	1.6813018085730906	0.7069266729196131	0.6615295506413954	0.7519682445340964	0.7119267535335532	0.667660181445343	0.7569855564715777	
set_E	Set E (realistic mixture)	current	primary	magicc_v4	MAGICC v4 (numbers in submitted manuscript)	secondary	completeness	1000	785	270.5628362589624	False	50.22356510628079	100.0	5.710083053087339	5.276492823189539	6.172687579718153	9.097083660885799	8.393551283137988	9.778467003415766	1.6480031550705538	1.0650364228453975	2.2018126231902446	0.6941304568009974	0.6479045390830909	0.7383655625503072	0.704327752848486	0.6607631829413083	0.7476248190336909	
set_E	Set E (realistic mixture)	current	primary	magicc_v3	MAGICC v3 (SUPERSEDED - uses 20 assembly statistics)	superseded	completeness	1000	785	270.5628362589624	False	50.22356510628079	100.0	3.9189580399442416	3.575864952432357	4.2728938397662315	6.917160076476636	6.252264038705235	7.610371737521806	0.40007786307055393	-0.03784522930585139	0.8351351452801768	0.8231571483165315	0.784679487946681	0.8564860115778	0.8240555763171287	0.7865163571293705	0.8573479124308026	
set_E	Set E (realistic mixture)	current	primary	checkm2	CheckM2 1.0.1	competitor	completeness	1000	785	270.5628362589624	False	50.22356510628079	100.0	9.139516691419486	8.481942023872813	9.800010382216392	14.25410450210185	13.466364061856297	15.041223906358267	8.320045555070553	7.625802538022998	9.037720005133385	0.24904876824113387	0.1650550214269032	0.32660929627135826	0.5130522902451764	0.47134760347966725	0.5528670663049832	
set_E	Set E (realistic mixture)	current	primary	cocopye	CoCoPyE 0.5.0	competitor	completeness	1000	785	270.5628362589624	False	50.22356510628079	100.0	5.02163443783527	4.670609441986153	5.368668360852393	7.33432555291544	6.836217607775637	7.819878588863327	1.5641107821664624	1.096133394114119	2.0119898151948234	0.801183591730749	0.7738328648846236	0.8257851352457302	0.8230742868693847	0.7950346009573949	0.8483004618497136	
set_E	Set E (realistic mixture)	current	primary	deepcheck	DeepCheck	competitor	completeness	1000	785	270.5628362589624	False	50.22356510628079	100.0	11.694699721773006	10.9850682577197	12.410356912505847	16.372217035938913	15.505536085257395	17.211158851321024	10.206720020555172	9.412870923260977	10.996747689289693	0.009289323034256003	-0.09764646910737469	0.1084784711064502	0.48085454091112156	0.44080048295286106	0.522980410510644	
set_E	Set E (realistic mixture)	current	primary	magicc_v5	MAGICC v5 (released, v0.3.0)	primary	contamination	1000	785	1084.7911044824548	False	0.0	99.9183593161858	5.657874715238257	5.192880971229834	6.146184773430357	9.701062069830678	8.891643311156544	10.547503350863249	-3.118245101980753	-3.682026824361342	-2.535799121585367	0.9132454120486111	0.8980125705945339	0.9268166525633971	0.9265464350744782	0.9129299098318066	0.9387353373305403	
set_E	Set E (realistic mixture)	current	primary	magicc_v4	MAGICC v4 (numbers in submitted manuscript)	secondary	contamination	1000	785	1084.7911044824548	False	0.0	99.9183593161858	5.875723997012404	5.420852350367328	6.366809722781505	9.807394068004852	9.00108169199674	10.632937664245535	-2.108939377777253	-2.6977167866882477	-1.5168207864705523	0.9113331792566405	0.8962809026634401	0.9244579098859012	0.9184873012123951	0.9041989165020282	0.9315566362572157	
set_E	Set E (realistic mixture)	current	primary	magicc_v3	MAGICC v3 (SUPERSEDED - uses 20 assembly statistics)	superseded	contamination	1000	785	1084.7911044824548	False	0.0	99.9183593161858	4.323666718334012	3.9460962433062665	4.730924905497472	7.4657050423567	6.600197885405411	8.35586730486187	-0.6185625366916528	-1.0986370906491247	-0.17262556694874792	0.9486198296158947	0.9355947788096467	0.9595655549607914	0.9490151291217003	0.9360870952558461	0.9600490361656462	
set_E	Set E (realistic mixture)	current	primary	checkm2	CheckM2 1.0.1	competitor	contamination	1000	785	1084.7911044824548	False	0.0	99.9183593161858	18.47213818642574	17.252831947309105	19.751440098056484	27.50248508168769	26.019213117503874	28.94687039609326	-16.895327377777253	-18.269561982163314	-15.515738354512033	0.3027351694321644	0.23036097556905547	0.3744937434783206	0.5664591210670202	0.5270212844333753	0.6081141496793854	
set_E	Set E (realistic mixture)	current	primary	cocopye	CoCoPyE 0.5.0	competitor	contamination	1000	785	1084.7911044824548	False	0.0	99.9183593161858	21.59654482821028	20.30504502907789	22.970604158552273	31.21110694089254	29.922330088933045	32.54114553608878	-20.60413793162173	-22.040760747289138	-19.24691844664676	0.10200849504515264	0.04004644693749938	0.15703182946728822	0.7284822270881791	0.7066359662049664	0.7495844087624721	
set_E	Set E (realistic mixture)	current	primary	deepcheck	DeepCheck	competitor	contamination	1000	785	1084.7911044824548	False	0.0	99.9183593161858	25.43113911968649	23.88441042743308	27.10100483973467	37.48986949269264	34.75144621332234	40.36330530105137	-17.876652731600558	-19.91361556662017	-15.72935676380391	-0.29563222704492476	-0.4949068545876474	-0.12283968711957995	0.31501509568500485	0.2800384572533464	0.35944741731308805	
set_C_clean	Set C-clean (Patescibacteriota, held-out test split)	current	primary	magicc_v5	MAGICC v5 (released, v0.3.0)	primary	completeness	1000	100	263.0906373819784	False	50.000177	100.0	6.821597663	5.7766099591	7.862434387974999	10.121520139885819	8.74778358930913	11.549191033368555	-2.3196743150000003	-3.8319103762249997	-0.8120991130750007	0.6106088344247111	0.482604586534478	0.7139755010516196	0.6564092274525658	0.5751364292355202	0.7340893322979023	
set_C_clean	Set C-clean (Patescibacteriota, held-out test split)	current	primary	checkm2	CheckM2 1.0.1	competitor	completeness	1000	100	263.0906373819784	False	50.000177	100.0	7.711174946	7.343940184075	8.11285815095	9.554544707093887	9.148460534454587	9.981566556748884	-4.205359872	-4.82569412115	-3.592223192575	0.6530118841617543	0.6173909730444322	0.683222054617695	0.7262738463975855	0.7008874731928384	0.7512728331216532	
set_C_clean	Set C-clean (Patescibacteriota, held-out test split)	current	primary	cocopye	CoCoPyE 0.5.0	competitor	completeness	1000	100	263.0906373819784	False	50.000177	100.0	15.802945469300736	15.12271465064144	16.487013277205065	18.58673771176516	17.923830632519795	19.25263179118605	-13.883446307145212	-14.689202598250384	-13.077744547356476	-0.31310951314612434	-0.432820222023584	-0.20393213814750422	0.46272645149027897	0.42083502977158044	0.5035877541484028	
set_C_clean	Set C-clean (Patescibacteriota, held-out test split)	current	primary	deepcheck	DeepCheck	competitor	completeness	1000	100	263.0906373819784	False	50.000177	100.0	17.811546546440187	16.86307125533737	18.78649142724875	20.31500357864678	19.414963881925594	21.21775285568391	-17.056644122640872	-18.095626551510318	-16.019261734090076	-0.5686585220485736	-0.7506821754212489	-0.4041160764508767	0.5611895168724091	0.5199671393095039	0.6018822666280781	
set_C_clean	Set C-clean (Patescibacteriota, held-out test split)	current	primary	magicc_v5	MAGICC v5 (released, v0.3.0)	primary	contamination	1000	100	660.7142278823452	False	0.0	99.483809	9.08009014162	8.19340916197475	10.104100506855	12.317444616864293	11.021049871358544	13.838925073646246	-3.55360411622	-5.12828014093775	-1.9963131466952506	0.7703705543381516	0.7108849298920202	0.8156794355548876	0.7915863344644148	0.7332266316291256	0.8392086287650335	
set_C_clean	Set C-clean (Patescibacteriota, held-out test split)	current	primary	checkm2	CheckM2 1.0.1	competitor	contamination	1000	100	660.7142278823452	False	0.0	99.483809	39.617792901	37.99565914605	41.229881825425	45.94736437807602	44.38824486211442	47.46595333911971	-39.604204333	-41.222120742075	-37.9800728875	-2.195269912770257	-2.428625921778072	-1.981263580604441	0.3207042206832257	0.2803755160467795	0.36254320964746434	
set_C_clean	Set C-clean (Patescibacteriota, held-out test split)	current	primary	cocopye	CoCoPyE 0.5.0	competitor	contamination	1000	100	660.7142278823452	False	0.0	99.483809	31.06901420318636	29.57058318523119	32.59101859460487	37.868535879940524	36.386474499177474	39.34487664662745	-30.226239063256966	-31.857342614127937	-28.668193734664758	-1.170417934371625	-1.3398730759090962	-1.020673135314631	0.32468359037787464	0.2776924237280735	0.37250463262209343	
set_C_clean	Set C-clean (Patescibacteriota, held-out test split)	current	primary	deepcheck	DeepCheck	competitor	contamination	1000	100	660.7142278823452	False	0.0	99.483809	41.66830845208366	39.996207676208954	43.34617742510072	48.06265775479215	46.48440770297947	49.6469321700951	-41.666397656748714	-43.3448879659803	-39.99138650635229	-2.4962453856308233	-2.7541317732364035	-2.2655857717205596	0.23693018539384664	0.2029909148576198	0.27326473953561875	
set_D_clean	Set D-clean (Archaea, held-out test split)	current	primary	magicc_v5	MAGICC v5 (released, v0.3.0)	primary	completeness	1000	100	234.85001367674175	False	50.229221	100.0	5.633003436999999	4.998072044575001	6.342333417949999	8.319821319672362	7.299547547221084	9.458764901397815	-0.2623504989999999	-1.31945720485	0.7783519640749997	0.7052611336588996	0.6167385526864351	0.773703438985549	0.7124093302479346	0.6391706233554003	0.7758029128549176	
set_D_clean	Set D-clean (Archaea, held-out test split)	current	primary	checkm2	CheckM2 1.0.1	competitor	completeness	1000	100	234.85001367674175	False	50.229221	100.0	9.171165078999998	8.493533976350001	9.9118282077	12.678777562190675	11.823334718814921	13.570410060922649	7.742888903	6.845399954425	8.703694890374997	0.3155146216309135	0.20569169106707924	0.4142817040249389	0.5787935433358665	0.5336410719719872	0.6232564204264391	
set_D_clean	Set D-clean (Archaea, held-out test split)	current	primary	cocopye	CoCoPyE 0.5.0	competitor	completeness	1000	100	234.85001367674175	False	50.229221	100.0	5.890930454248384	5.315417196407525	6.5596991906300355	8.270419756152972	7.292742726142472	9.338736192263713	-0.5707104304564234	-1.4634018805509492	0.22873996735058477	0.7087509518431877	0.6333107492878316	0.7702539103526682	0.7102050689495302	0.639691724261164	0.7723711368196937	
set_D_clean	Set D-clean (Archaea, held-out test split)	current	primary	deepcheck	DeepCheck	competitor	completeness	1000	100	234.85001367674175	False	50.229221	100.0	8.781975051932617	8.024929441069428	9.625831300010827	12.060072514946178	10.928998447478687	13.221954815591694	4.727755402328614	3.4306959734189766	6.00094006872281	0.3806883517326176	0.25062117402128326	0.4980680049464451	0.5317535284357644	0.4607859886490549	0.6047877361027216	
set_D_clean	Set D-clean (Archaea, held-out test split)	current	primary	magicc_v5	MAGICC v5 (released, v0.3.0)	primary	contamination	1000	100	609.7318663296475	False	0.062248	99.88001	6.52290456265	5.955153302013501	7.110501851065	9.438963943806064	8.557273494090605	10.351137293749069	-3.83411574455	-4.65147826171175	-2.9729461479712507	0.8538799671587071	0.8226583722019016	0.8806049623292028	0.8786566897707568	0.8526453577156073	0.9024648445307213	
set_D_clean	Set D-clean (Archaea, held-out test split)	current	primary	checkm2	CheckM2 1.0.1	competitor	contamination	1000	100	609.7318663296475	False	0.062248	99.88001	34.697951454000005	33.198637784400006	36.13590908325	40.262432009380134	38.87597604560075	41.52796158583611	-34.661047227999994	-36.101896345275	-33.14881655994999	-1.6586496800112145	-1.898631699732389	-1.446456088199481	0.35084176995584754	0.309069753517248	0.40216835369501924	
set_D_clean	Set D-clean (Archaea, held-out test split)	current	primary	cocopye	CoCoPyE 0.5.0	competitor	contamination	1000	100	609.7318663296475	False	0.062248	99.88001	22.494323499197062	21.35548181127754	23.62820049126562	28.348888215458512	27.24316663784197	29.444068905566304	-21.815072394643497	-23.05635479186246	-20.572471345274703	-0.3180538978392009	-0.4319341813800464	-0.21697597690943543	0.6276232205373189	0.5731808503010868	0.6783908060606405	
set_D_clean	Set D-clean (Archaea, held-out test split)	current	primary	deepcheck	DeepCheck	competitor	contamination	1000	100	609.7318663296475	False	0.062248	99.88001	38.95713440537838	37.48721732718522	40.48516068650924	44.93384978693789	43.58735977421858	46.24952440394298	-38.83864837836428	-40.36985432878044	-37.37237853324682	-2.311374996404587	-2.589836836829595	-2.070337626306537	0.1686130768547235	0.13996068085621416	0.2175829931119925	
set_A	Set A v1 (superseded by Set A v2)	legacy_superseded	secondary	magicc_v5	MAGICC v5 (released, v0.3.0)	primary	completeness	600	582	298.408470484247	False	50.01027166373289	100.0	1.7871185686131768	1.5630566390305731	2.0340999416437167	3.3872486288396377	2.818114844554165	3.9501740418196154	0.07937975659076665	-0.19705483154536887	0.3454358428699418	0.9615511809870635	0.9464748291322849	0.9734939587583027	0.9615804435684229	0.9468738524190519	0.9738392361644177	
set_A	Set A v1 (superseded by Set A v2)	legacy_superseded	secondary	magicc_v3	MAGICC v3 (SUPERSEDED - uses 20 assembly statistics)	superseded	completeness	600	582	298.408470484247	False	50.01027166373289	100.0	1.6683539734260182	1.475969047394334	1.8795600888607524	2.9943184033607593	2.4941271586925846	3.5110351184664035	-0.16788765674256653	-0.4168714280943435	0.06367704485281987	0.9699541280240628	0.9577101064566927	0.9795048435875926	0.9700819804464533	0.9580217636070826	0.9796648327747371	
set_A	Set A v1 (superseded by Set A v2)	legacy_superseded	secondary	checkm2	CheckM2 1.0.1	competitor	completeness	600	582	298.408470484247	False	50.01027166373289	100.0	2.1974518184269787	1.9905910741633954	2.3898195414322796	3.318944697059338	3.037507380399175	3.597151498601742	0.6305018332574335	0.3767295718941793	0.9076487779211052	0.9630861889266652	0.9557630628046734	0.9695503371889989	0.9646007997106189	0.9579732984642062	0.9708035325339951	
set_A	Set A v1 (superseded by Set A v2)	legacy_superseded	secondary	cocopye	CoCoPyE 0.5.0	competitor	completeness	600	582	298.408470484247	False	50.01027166373289	100.0	3.364735538817399	3.0677675938471856	3.6626952828414616	5.0390567828760044	4.596541416069631	5.518763185808998	1.056975179085098	0.6419567083737072	1.453679267292036	0.914908269125728	0.898345892738781	0.928751864296256	0.9258758376958108	0.9082052404746906	0.9413348515342098	
set_A	Set A v1 (superseded by Set A v2)	legacy_superseded	secondary	deepcheck	DeepCheck	competitor	completeness	600	582	298.408470484247	False	50.01027166373289	100.0	3.2906072565359885	3.022035415371323	3.549540380856083	4.6510570379192	4.2429403210444345	5.0597632307334575	0.6666580153558221	0.29347527395392753	1.054781252914962	0.9275076490460424	0.9132701851115701	0.9403060587373837	0.9295940668842179	0.9151733208579501	0.9431781324388869	
set_A	Set A v1 (superseded by Set A v2)	legacy_superseded	secondary	magicc_v5	MAGICC v5 (released, v0.3.0)	primary	contamination	600	582	0.0	True	0.0	0.0	0.6045791468943333	0.48855295715384817	0.7347663835389203	1.6888529783961646	1.1306798292486935	2.2396400235002507	0.6045791468943333	0.48855295715384817	0.7347663835389203							R^2 is undefined: the true contamination is constant at 0% for all 600 genomes in this set, so the total sum of squares is zero and no fraction of variance can be explained. MAE, RMSE and mean signed error remain well defined and are reported instead.
set_A	Set A v1 (superseded by Set A v2)	legacy_superseded	secondary	magicc_v3	MAGICC v3 (SUPERSEDED - uses 20 assembly statistics)	superseded	contamination	600	582	0.0	True	0.0	0.0	0.48505291742918333	0.39063655534007646	0.5890650930172449	1.341641093791116	1.0050114043105174	1.6787430770857947	0.48505291742918333	0.39063655534007646	0.5890650930172449							R^2 is undefined: the true contamination is constant at 0% for all 600 genomes in this set, so the total sum of squares is zero and no fraction of variance can be explained. MAE, RMSE and mean signed error remain well defined and are reported instead.
set_A	Set A v1 (superseded by Set A v2)	legacy_superseded	secondary	checkm2	CheckM2 1.0.1	competitor	contamination	600	582	0.0	True	0.0	0.0	0.45554999999999995	0.40502307537170457	0.5085866672881196	0.8083065631305982	0.7073122669859722	0.9092432019754773	0.45554999999999995	0.40502307537170457	0.5085866672881196							R^2 is undefined: the true contamination is constant at 0% for all 600 genomes in this set, so the total sum of squares is zero and no fraction of variance can be explained. MAE, RMSE and mean signed error remain well defined and are reported instead.
set_A	Set A v1 (superseded by Set A v2)	legacy_superseded	secondary	cocopye	CoCoPyE 0.5.0	competitor	contamination	600	582	0.0	True	0.0	0.0	1.0792744392019824	0.9072551437446815	1.2704535681977027	2.4749133760716844	2.0633354710360274	2.925407700129365	1.0792744392019824	0.9072551437446815	1.2704535681977027							R^2 is undefined: the true contamination is constant at 0% for all 600 genomes in this set, so the total sum of squares is zero and no fraction of variance can be explained. MAE, RMSE and mean signed error remain well defined and are reported instead.
set_A	Set A v1 (superseded by Set A v2)	legacy_superseded	secondary	deepcheck	DeepCheck	competitor	contamination	600	582	0.0	True	0.0	0.0	0.518570270438989	0.4663712545810109	0.5696582250999074	0.8131852188436378	0.7342041146618419	0.8949017116008331	0.40642147421836855	0.3505483694538949	0.462814396645114							R^2 is undefined: the true contamination is constant at 0% for all 600 genomes in this set, so the total sum of squares is zero and no fraction of variance can be explained. MAE, RMSE and mean signed error remain well defined and are reported instead.
set_B	Set B v1 (superseded by Set B v2)	legacy_superseded	secondary	magicc_v5	MAGICC v5 (released, v0.3.0)	primary	completeness	600	588	0.0	True	100.0	100.0	2.4852486016666666	2.124465450735209	2.8793234938442214	5.264607477648313	4.4517247090169905	6.060492567909744	-2.4852486016666666	-2.8793234938442214	-2.124465450735209							R^2 is undefined: the true completeness is constant at 100% for all 600 genomes in this set, so the total sum of squares is zero and no fraction of variance can be explained. MAE, RMSE and mean signed error remain well defined and are reported instead.
set_B	Set B v1 (superseded by Set B v2)	legacy_superseded	secondary	magicc_v3	MAGICC v3 (SUPERSEDED - uses 20 assembly statistics)	superseded	completeness	600	588	0.0	True	100.0	100.0	1.5043707116666662	1.1218164864375257	1.953335350078579	5.441369263329373	4.1870514165908315	6.647374770641136	-1.5043707116666662	-1.9533353500785793	-1.121816486437526							R^2 is undefined: the true completeness is constant at 100% for all 600 genomes in this set, so the total sum of squares is zero and no fraction of variance can be explained. MAE, RMSE and mean signed error remain well defined and are reported instead.
set_B	Set B v1 (superseded by Set B v2)	legacy_superseded	secondary	checkm2	CheckM2 1.0.1	competitor	completeness	600	588	0.0	True	100.0	100.0	0.42	0.3120733785399543	0.5436632182473654	1.5280864940615542	1.0856110203592633	1.9477986135697016	-0.42	-0.5436632182473654	-0.3120733785399543							R^2 is undefined: the true completeness is constant at 100% for all 600 genomes in this set, so the total sum of squares is zero and no fraction of variance can be explained. MAE, RMSE and mean signed error remain well defined and are reported instead.
set_B	Set B v1 (superseded by Set B v2)	legacy_superseded	secondary	cocopye	CoCoPyE 0.5.0	competitor	completeness	600	588	0.0	True	100.0	100.0	2.7701931587641426	2.3671853129389064	3.239756696379066	6.170106792897795	5.1681842180196655	7.164412449292869	-2.7701931587641426	-3.239756696379066	-2.3671853129389064							R^2 is undefined: the true completeness is constant at 100% for all 600 genomes in this set, so the total sum of squares is zero and no fraction of variance can be explained. MAE, RMSE and mean signed error remain well defined and are reported instead.
set_B	Set B v1 (superseded by Set B v2)	legacy_superseded	secondary	deepcheck	DeepCheck	competitor	completeness	600	588	0.0	True	100.0	100.0	5.410822410583496	4.828560906925006	5.9970516454619585	9.224377148769365	8.365748735001008	10.06751131709849	2.7045440292358403	1.9994027692146967	3.430967720603912							R^2 is undefined: the true completeness is constant at 100% for all 600 genomes in this set, so the total sum of squares is zero and no fraction of variance can be explained. MAE, RMSE and mean signed error remain well defined and are reported instead.
set_B	Set B v1 (superseded by Set B v2)	legacy_superseded	secondary	magicc_v5	MAGICC v5 (released, v0.3.0)	primary	contamination	600	588	770.5892663783542	False	0.0	80.0	3.988776520875164	3.6287869935170933	4.381488573738955	6.190833992947221	5.518208234423643	6.895645183432365	-0.2476240083517083	-0.7614233318701296	0.2659063351192798	0.9502634838032992	0.9374273227964588	0.960721450998395	0.9507455262817056	0.9379746108346542	0.9612289335502092	
set_B	Set B v1 (superseded by Set B v2)	legacy_superseded	secondary	magicc_v3	MAGICC v3 (SUPERSEDED - uses 20 assembly statistics)	superseded	contamination	600	588	770.5892663783542	False	0.0	80.0	3.6392924420331823	3.319779614633263	3.9630031049719854	5.432855936885392	4.833686851963297	6.046913046510321	0.5161324029292919	0.08802428152922806	0.9549236927018091	0.9616969442493393	0.9525147260133813	0.9696382484977254	0.9636283164476493	0.954973420161272	0.971076066848661	
set_B	Set B v1 (superseded by Set B v2)	legacy_superseded	secondary	checkm2	CheckM2 1.0.1	competitor	contamination	600	588	770.5892663783542	False	0.0	80.0	15.14429322756745	13.829046699865614	16.464980521145378	22.946443804148664	20.941041365770282	25.126341674427135	-12.062549367643374	-13.559651689864614	-10.542261802274899	0.3167056611992499	0.18416576327279896	0.425178377907027	0.5198555299664365	0.43277507428143985	0.5992051896438017	
set_B	Set B v1 (superseded by Set B v2)	legacy_superseded	secondary	cocopye	CoCoPyE 0.5.0	competitor	contamination	600	588	770.5892663783542	False	0.0	80.0	16.729126867170216	15.334382608511945	18.19611003894921	24.7076128055498	23.173445285907967	26.25435784007372	-15.391630495412704	-16.968840545317455	-13.883517315106692	0.20779310433681308	0.14200615876256212	0.2658400745360476	0.7269486804975651	0.7008410916757967	0.7530372465767818	
set_B	Set B v1 (superseded by Set B v2)	legacy_superseded	secondary	deepcheck	DeepCheck	competitor	contamination	600	588	770.5892663783542	False	0.0	80.0	21.560326802453233	20.034872216170225	23.082085012436966	29.168578550836724	27.451449768903725	30.761125293953913	-20.24447864255605	-21.875899839542228	-18.572536917630345	-0.10409787911397173	-0.21291778744752607	-0.00199844481542145	0.42776112918871645	0.38364250581411335	0.48345881368048693	
motivating_v2_set_A	Motivating Set A (Table S1a): completeness gradient	motivating	secondary	magicc_v5	MAGICC v5 (released, v0.3.0)	primary	completeness	1000	806	286.78085233974497	False	50.00774249657276	100.0	2.1945571008241718	1.975380096157248	2.428795667501357	3.869749271721506	3.272398187893176	4.496246082857566	0.3728400846067243	0.09741834114890399	0.6227461244172879	0.947782568801879	0.9287654775650447	0.9627550241709958	0.9482675272951794	0.9294510492309401	0.9637107808552411	
motivating_v2_set_A	Motivating Set A (Table S1a): completeness gradient	motivating	secondary	checkm2	CheckM2 1.0.1	competitor	completeness	1000	806	286.78085233974497	False	50.00774249657276	100.0	2.54128597273546	2.3665246861169793	2.715042062491712	3.7242462143839905	3.4991495469193175	3.9351407594124663	1.1961133756067244	0.9734941103384251	1.422261006616527	0.9516355093019883	0.9450019461598828	0.9581597111495253	0.9566824075570454	0.9509232148994771	0.9622430480684574	
motivating_v2_set_A	Motivating Set A (Table S1a): completeness gradient	motivating	secondary	cocopye	CoCoPyE 0.5.0	competitor	completeness	1000	806	286.78085233974497	False	50.00774249657276	100.0	3.47122577991166	3.2406880702061773	3.705454772137231	5.14626826426146	4.844542425484174	5.4699800283846125	1.5537002541309957	1.242032992870094	1.8606808747283563	0.9076504695774829	0.8951432732123996	0.918628515819628	0.9200709651031509	0.9080134284590904	0.9310241278083253	
motivating_v2_set_A	Motivating Set A (Table S1a): completeness gradient	motivating	secondary	deepcheck	DeepCheck	competitor	completeness	1000	806	286.78085233974497	False	50.00774249657276	100.0	4.146984623154294	3.883937593492553	4.418118301431845	5.964001201284734	5.550413432971922	6.3649234177301794	1.6052795534326523	1.2339421726010007	1.9653901884258351	0.8759704142074753	0.8576832905116283	0.8935803094789322	0.8851684677983376	0.8687745924047013	0.9010397066687326	
motivating_v2_set_A	Motivating Set A (Table S1a): completeness gradient	motivating	secondary	magicc_v5	MAGICC v5 (released, v0.3.0)	primary	contamination	1000	806	0.0	True	0.0	0.0	0.7861689836156	0.5983174686772034	1.011149274333567	2.845938971077726	1.4571282873070304	4.065055190787979	0.7861689836156	0.5983174686772034	1.011149274333567							R^2 is undefined: the true contamination is constant at 0% for all 1000 genomes in this set, so the total sum of squares is zero and no fraction of variance can be explained. MAE, RMSE and mean signed error remain well defined and are reported instead.
motivating_v2_set_A	Motivating Set A (Table S1a): completeness gradient	motivating	secondary	checkm2	CheckM2 1.0.1	competitor	contamination	1000	806	0.0	True	0.0	0.0	0.27553	0.25181095727349423	0.29945756905917703	0.44272982732135857	0.40188043016553054	0.48701561286412126	0.27553	0.25181095727349423	0.29945756905917703							R^2 is undefined: the true contamination is constant at 0% for all 1000 genomes in this set, so the total sum of squares is zero and no fraction of variance can be explained. MAE, RMSE and mean signed error remain well defined and are reported instead.
motivating_v2_set_A	Motivating Set A (Table S1a): completeness gradient	motivating	secondary	cocopye	CoCoPyE 0.5.0	competitor	contamination	1000	806	0.0	True	0.0	0.0	0.7272872420367125	0.5492690726098611	0.923424895527272	2.7724617465912713	2.078313646071623	3.39282455750354	0.7272872420367125	0.5492690726098611	0.923424895527272							R^2 is undefined: the true contamination is constant at 0% for all 1000 genomes in this set, so the total sum of squares is zero and no fraction of variance can be explained. MAE, RMSE and mean signed error remain well defined and are reported instead.
motivating_v2_set_A	Motivating Set A (Table S1a): completeness gradient	motivating	secondary	deepcheck	DeepCheck	competitor	contamination	1000	806	0.0	True	0.0	0.0	0.4292344869077206	0.39413093688976714	0.4623773531704869	0.6762346849309112	0.622713885775723	0.7250255142729837	0.30847267058491706	0.2690904555836878	0.34631757979688343							R^2 is undefined: the true contamination is constant at 0% for all 1000 genomes in this set, so the total sum of squares is zero and no fraction of variance can be explained. MAE, RMSE and mean signed error remain well defined and are reported instead.
motivating_v2_set_B	Motivating Set B (Table S1b): contamination gradient	motivating	secondary	magicc_v5	MAGICC v5 (released, v0.3.0)	primary	completeness	1000	798	0.0	True	100.0	100.0	2.5641596140000003	2.250259583282783	2.880391604822988	5.364355963469626	4.6955541361309505	5.991304542270926	-2.5641596140000003	-2.880391604822988	-2.250259583282783							R^2 is undefined: the true completeness is constant at 100% for all 1000 genomes in this set, so the total sum of squares is zero and no fraction of variance can be explained. MAE, RMSE and mean signed error remain well defined and are reported instead.
motivating_v2_set_B	Motivating Set B (Table S1b): contamination gradient	motivating	secondary	checkm2	CheckM2 1.0.1	competitor	completeness	1000	798	0.0	True	100.0	100.0	0.4162700000000001	0.3068985222772278	0.539429033069397	1.8347166811254536	1.4271588466324285	2.218333900424432	-0.4162700000000001	-0.5394290330693973	-0.3068985222772279							R^2 is undefined: the true completeness is constant at 100% for all 1000 genomes in this set, so the total sum of squares is zero and no fraction of variance can be explained. MAE, RMSE and mean signed error remain well defined and are reported instead.
motivating_v2_set_B	Motivating Set B (Table S1b): contamination gradient	motivating	secondary	cocopye	CoCoPyE 0.5.0	competitor	completeness	1000	798	0.0	True	100.0	100.0	2.5717975169386205	2.2546575753132405	2.908497122317567	5.648286524535117	5.059063250254651	6.239183833509808	-2.5717975169386205	-2.908497122317567	-2.2546575753132405							R^2 is undefined: the true completeness is constant at 100% for all 1000 genomes in this set, so the total sum of squares is zero and no fraction of variance can be explained. MAE, RMSE and mean signed error remain well defined and are reported instead.
motivating_v2_set_B	Motivating Set B (Table S1b): contamination gradient	motivating	secondary	deepcheck	DeepCheck	competitor	completeness	1000	798	0.0	True	100.0	100.0	6.742961944580078	6.174224974049671	7.339001171663751	11.512205250539521	10.674281273888104	12.386764885367805	4.840832443237304	4.186298878418203	5.551464055849035							R^2 is undefined: the true completeness is constant at 100% for all 1000 genomes in this set, so the total sum of squares is zero and no fraction of variance can be explained. MAE, RMSE and mean signed error remain well defined and are reported instead.
motivating_v2_set_B	Motivating Set B (Table S1b): contamination gradient	motivating	secondary	magicc_v5	MAGICC v5 (released, v0.3.0)	primary	contamination	1000	798	768.3908542590276	False	0.0	80.0	4.361074245993903	4.047250284360334	4.6886751158560145	6.651481970554714	6.0446868028268685	7.239660620586458	0.06201271474442455	-0.38338994660814874	0.5108711869868291	0.9424222553412899	0.930685987688853	0.9525014333608283	0.9427785887309887	0.9316079992587579	0.952892368445797	
motivating_v2_set_B	Motivating Set B (Table S1b): contamination gradient	motivating	secondary	checkm2	CheckM2 1.0.1	competitor	contamination	1000	798	768.3908542590276	False	0.0	80.0	17.075827207007393	16.04486094282545	18.158864345882773	24.179379275794307	22.971454366786812	25.371392437847245	-13.462486630788575	-14.721111041973188	-12.20088449204949	0.23913412175306037	0.15584400470570675	0.3142817907494353	0.5109797274477981	0.4709607471180462	0.5503226373799065	
motivating_v2_set_B	Motivating Set B (Table S1b): contamination gradient	motivating	secondary	cocopye	CoCoPyE 0.5.0	competitor	contamination	1000	798	768.3908542590276	False	0.0	80.0	19.136774259326568	18.057258243061824	20.218642488866323	26.6822527814785	25.558455330019136	27.724680557570164	-18.378440128847974	-19.53993298667042	-17.228116521321606	0.0734629263888682	0.0055176353729666835	0.13365830788530014	0.704448623603221	0.6810290537649258	0.7281724875514655	
motivating_v2_set_B	Motivating Set B (Table S1b): contamination gradient	motivating	secondary	deepcheck	DeepCheck	competitor	contamination	1000	798	768.3908542590276	False	0.0	80.0	25.696727528930186	24.356497614364052	27.051591107864322	34.337560344065196	32.151330210287824	36.611402462320115	-20.27031565876676	-21.912712631967363	-18.536069372647358	-0.5344639304944803	-0.7489944656827071	-0.34548570130249034	0.28795012655826474	0.25334414915037046	0.33318741829967075	
motivating_v2_set_C	Motivating Set C (Table S1c): realistic mixture	motivating	secondary	magicc_v5	MAGICC v5 (released, v0.3.0)	primary	completeness	1000	773	257.52642874999646	False	50.03971335329543	100.0	5.4027240630986055	4.969419394804627	5.8833050190386675	8.852545015184974	8.090960465286477	9.642968442763769	1.214370936075134	0.6430780915582591	1.8062803022978584	0.6956912204069177	0.6383077992801091	0.7465246310822081	0.7038671497792963	0.6525151763856109	0.7515613116784817	
motivating_v2_set_C	Motivating Set C (Table S1c): realistic mixture	motivating	secondary	checkm2	CheckM2 1.0.1	competitor	completeness	1000	773	257.52642874999646	False	50.03971335329543	100.0	9.130375762952918	8.44785155717517	9.82769323126546	14.25643336862754	13.377065344387052	15.114552558390368	8.326218379075133	7.585059484549027	9.069776580633214	0.21077656619303542	0.107476702227284	0.30661924572133187	0.4961671846702359	0.4479159002560394	0.5446113029912989	
motivating_v2_set_C	Motivating Set C (Table S1c): realistic mixture	motivating	secondary	cocopye	CoCoPyE 0.5.0	competitor	completeness	1000	773	257.52642874999646	False	50.03971335329543	100.0	4.985369461785809	4.660150469739131	5.362277466271221	7.268403763185008	6.770143058109429	7.813743762131742	1.8953078981073828	1.4609543034328318	2.347819910668363	0.7948571976821517	0.7638346343381738	0.8224104986037166	0.8170280093569953	0.7863994171781453	0.8449662692681582	
motivating_v2_set_C	Motivating Set C (Table S1c): realistic mixture	motivating	secondary	deepcheck	DeepCheck	competitor	completeness	1000	773	257.52642874999646	False	50.03971335329543	100.0	11.956266793537429	11.163713479137886	12.773781124660882	17.192764229338106	16.088167719880627	18.315563615821908	10.421731367356385	9.527417867355506	11.31949090165042	-0.14780895801791383	-0.3195039802362827	-0.004079529960147747	0.4295149389393399	0.3728536510190822	0.4837189934481351	
motivating_v2_set_C	Motivating Set C (Table S1c): realistic mixture	motivating	secondary	magicc_v5	MAGICC v5 (released, v0.3.0)	primary	contamination	1000	773	1003.6944742015106	False	0.0	99.79315960041382	5.482446660509344	5.007729574008373	5.9674562352745175	9.419555498433878	8.458099559397624	10.327288806084907	-2.490840391985555	-3.0845613143670003	-1.9333284211008095	0.9115985710107017	0.8943654975236858	0.9272668891237819	0.9205726813231151	0.9048868726815629	0.9351618482242853	
motivating_v2_set_C	Motivating Set C (Table S1c): realistic mixture	motivating	secondary	checkm2	CheckM2 1.0.1	competitor	contamination	1000	773	1003.6944742015106	False	0.0	99.79315960041382	18.132379488013775	16.907823368101024	19.430342594885484	26.693640128189877	25.11075223914576	28.308595104764873	-15.483087011244555	-16.943715823281508	-14.10699061386672	0.2900723859616956	0.2003797478060401	0.36565208199697774	0.5329579226044379	0.48041958094750087	0.5876421609192889	
motivating_v2_set_C	Motivating Set C (Table S1c): realistic mixture	motivating	secondary	cocopye	CoCoPyE 0.5.0	competitor	contamination	1000	773	1003.6944742015106	False	0.0	99.79315960041382	20.323355576533707	18.994436508436365	21.63944430264882	29.374149776098534	28.04449303708893	30.708804588085425	-19.193246961403382	-20.60653815437272	-17.797939679556592	0.14033533386232644	0.07873148450101655	0.19619206693296573	0.7378503067968515	0.7154031390210598	0.758586932952598	
motivating_v2_set_C	Motivating Set C (Table S1c): realistic mixture	motivating	secondary	deepcheck	DeepCheck	competitor	contamination	1000	773	1003.6944742015106	False	0.0	99.79315960041382	24.371482690105005	22.85007992837845	26.006534967819814	35.45609910500774	32.84566429441573	38.19724117123918	-17.91950572087254	-19.901007324328965	-15.891604818806458	-0.2525076067039669	-0.4515247814731385	-0.08234094725174924	0.33071978488237386	0.29359463665423274	0.37900648698712314	
motivating_set_A	Motivating Set A v1 (superseded)	legacy_superseded	secondary	magicc_v5	MAGICC v5 (released, v0.3.0)	primary	completeness	600	585	292.49842393251845	False	50.01537414093568	100.0	2.3636567339157	2.05876569588071	2.6984742265123187	4.512304408822318	3.7989874307582228	5.267007688555464	-0.3703084736489574	-0.7660974626539993	-0.029414388569315178	0.9303897408945536	0.9045706155279774	0.9504094621214779	0.9308593508854085	0.905987101835044	0.9506679987333169	
motivating_set_A	Motivating Set A v1 (superseded)	legacy_superseded	secondary	checkm2	CheckM2 1.0.1	competitor	completeness	600	585	292.49842393251845	False	50.01537414093568	100.0	2.3716474664495943	2.1607895307964693	2.581760648544752	3.559622382367282	3.2617373847399875	3.8416855280733593	0.8036374646843755	0.507061684483018	1.0778012613015266	0.9566804110097584	0.9484476994540026	0.9643547247845348	0.9589037353440883	0.9513734491973789	0.9661978679496409	
motivating_set_A	Motivating Set A v1 (superseded)	legacy_superseded	secondary	cocopye	CoCoPyE 0.5.0	competitor	completeness	600	585	292.49842393251845	False	50.01537414093568	100.0	3.743695329626907	3.377608985308827	4.133913671142499	5.938908636973893	5.248160779640335	6.640636025033965	0.33964398506257537	-0.1707985344651678	0.8104500422717253	0.879415980010681	0.8493314225883933	0.9045048743620445	0.883950551363373	0.8522272746113047	0.9115520657157683	
motivating_set_A	Motivating Set A v1 (superseded)	legacy_superseded	secondary	deepcheck	DeepCheck	competitor	completeness	600	585	292.49842393251845	False	50.01537414093568	100.0	4.03367188581974	3.7269827649855953	4.385560522111717	5.678709774681114	5.190538365194955	6.223784027377216	0.6916355199517098	0.2149883538234044	1.139887988014158	0.8897507061012451	0.8671798706013616	0.9081996241651326	0.8914095998017575	0.8688594958187665	0.9106591273313884	
motivating_set_A	Motivating Set A v1 (superseded)	legacy_superseded	secondary	magicc_v5	MAGICC v5 (released, v0.3.0)	primary	contamination	600	585	0.0	True	0.0	0.0	0.7600016095678832	0.6089231865779743	0.9334029194597238	2.1232129374226476	1.5270473237282682	2.6640214192893388	0.7600016095678832	0.6089231865779743	0.9334029194597238							R^2 is undefined: the true contamination is constant at 0% for all 600 genomes in this set, so the total sum of squares is zero and no fraction of variance can be explained. MAE, RMSE and mean signed error remain well defined and are reported instead.
motivating_set_A	Motivating Set A v1 (superseded)	legacy_superseded	secondary	checkm2	CheckM2 1.0.1	competitor	contamination	600	585	0.0	True	0.0	0.0	0.28159999999999996	0.2526079673730974	0.31093526919866443	0.4713035115506779	0.41941437971381984	0.5197248217580539	0.28159999999999996	0.2526079673730974	0.31093526919866443							R^2 is undefined: the true contamination is constant at 0% for all 600 genomes in this set, so the total sum of squares is zero and no fraction of variance can be explained. MAE, RMSE and mean signed error remain well defined and are reported instead.
motivating_set_A	Motivating Set A v1 (superseded)	legacy_superseded	secondary	cocopye	CoCoPyE 0.5.0	competitor	contamination	600	585	0.0	True	0.0	0.0	0.9383767710139911	0.7282260016491199	1.183261564217715	2.804806467390686	2.134152771012377	3.448519833778183	0.9383767710139911	0.7282260016491199	1.183261564217715							R^2 is undefined: the true contamination is constant at 0% for all 600 genomes in this set, so the total sum of squares is zero and no fraction of variance can be explained. MAE, RMSE and mean signed error remain well defined and are reported instead.
motivating_set_A	Motivating Set A v1 (superseded)	legacy_superseded	secondary	deepcheck	DeepCheck	competitor	contamination	600	585	0.0	True	0.0	0.0	0.37918960623443126	0.3424881135491935	0.41733565737355427	0.5986252897218365	0.5462649006674483	0.6503542401715018	0.23756055884063243	0.19444867645161776	0.28222204039629956							R^2 is undefined: the true contamination is constant at 0% for all 600 genomes in this set, so the total sum of squares is zero and no fraction of variance can be explained. MAE, RMSE and mean signed error remain well defined and are reported instead.
motivating_set_B	Motivating Set B v1 (superseded)	legacy_superseded	secondary	magicc_v5	MAGICC v5 (released, v0.3.0)	primary	completeness	1100	1031	0.0	True	100.0	100.0	2.196848364545455	1.9215676828668045	2.487354327762234	5.2280904341584975	4.595246315370705	5.8953922539212265	-2.196848364545455	-2.4873543277622345	-1.9215676828668047							R^2 is undefined: the true completeness is constant at 100% for all 1100 genomes in this set, so the total sum of squares is zero and no fraction of variance can be explained. MAE, RMSE and mean signed error remain well defined and are reported instead.
motivating_set_B	Motivating Set B v1 (superseded)	legacy_superseded	secondary	checkm2	CheckM2 1.0.1	competitor	completeness	1100	1031	0.0	True	100.0	100.0	0.513609090909091	0.41110470240810815	0.6239854656867008	1.8842883633785028	1.4521437412960494	2.3207598253378388	-0.513609090909091	-0.6239854656867009	-0.4111047024081082							R^2 is undefined: the true completeness is constant at 100% for all 1100 genomes in this set, so the total sum of squares is zero and no fraction of variance can be explained. MAE, RMSE and mean signed error remain well defined and are reported instead.
motivating_set_B	Motivating Set B v1 (superseded)	legacy_superseded	secondary	cocopye	CoCoPyE 0.5.0	competitor	completeness	1100	1031	0.0	True	100.0	100.0	3.2679990576336357	2.9020306261904394	3.6546406081954483	6.907588000829706	6.226430840685469	7.56897713882553	-3.2679990576336357	-3.654640608195449	-2.9020306261904394							R^2 is undefined: the true completeness is constant at 100% for all 1100 genomes in this set, so the total sum of squares is zero and no fraction of variance can be explained. MAE, RMSE and mean signed error remain well defined and are reported instead.
motivating_set_B	Motivating Set B v1 (superseded)	legacy_superseded	secondary	deepcheck	DeepCheck	competitor	completeness	1100	1031	0.0	True	100.0	100.0	5.808291684930975	5.256483672411104	6.364773238947188	10.875888429185595	9.911376942373938	11.827556239934152	2.777107082713734	2.1670090459115015	3.396287011205976							R^2 is undefined: the true completeness is constant at 100% for all 1100 genomes in this set, so the total sum of squares is zero and no fraction of variance can be explained. MAE, RMSE and mean signed error remain well defined and are reported instead.
motivating_set_B	Motivating Set B v1 (superseded)	legacy_superseded	secondary	magicc_v5	MAGICC v5 (released, v0.3.0)	primary	contamination	1100	1031	926.6237489037029	False	0.0	100.0	4.518546229248233	4.196931455040718	4.840329384874092	7.0244280205200305	6.40166599985424	7.730124608154489	-1.562600118421307	-1.9702074315351474	-1.136982916990324	0.9467501355605826	0.9361151308691104	0.9557320071562636	0.9510114874192789	0.9399127339871131	0.9605704939229963	
motivating_set_B	Motivating Set B v1 (superseded)	legacy_superseded	secondary	checkm2	CheckM2 1.0.1	competitor	contamination	1100	1031	926.6237489037029	False	0.0	100.0	17.26496318043143	16.029301835589852	18.400649680384767	26.219052323305483	24.316015607148742	28.071102414156023	-14.545926518334944	-15.855355970769713	-13.23259136443214	0.25812531186952015	0.15204463793705883	0.3485305962703314	0.49846563295771373	0.4287903174474393	0.5654885291776078	
motivating_set_B	Motivating Set B v1 (superseded)	legacy_superseded	secondary	cocopye	CoCoPyE 0.5.0	competitor	contamination	1100	1031	926.6237489037029	False	0.0	100.0	18.432831747757955	17.144591312131453	19.751378289478993	28.88326772275332	27.323273301584894	30.416367505327948	-17.469039697348865	-18.84390419277125	-16.121554540629166	0.09969590642238069	0.048833753923607906	0.14660044492141056	0.6392006076215407	0.6157141956950698	0.6619655494962984	
motivating_set_B	Motivating Set B v1 (superseded)	legacy_superseded	secondary	deepcheck	DeepCheck	competitor	contamination	1100	1031	926.6237489037029	False	0.0	100.0	24.055651604982398	22.692447092284798	25.46129152573741	33.41063398848583	31.68844276460061	35.12045191962858	-19.21602113346873	-20.84795956863901	-17.617188151971614	-0.20466420684040765	-0.3082033769135063	-0.10546009534493908	0.34899130367749504	0.3116326058168152	0.3898790988203729	
POOLED_manuscript_5_sets	POOLED: set_A_v2, set_B_v2, set_C, set_D, set_E	pooled	pooled	magicc_v5	MAGICC v5 (released, v0.3.0)	primary	completeness	5000	4386	285.86135831813556	False	50.00148287148627	100.0	3.792954729633448	3.630283489212874	3.9552097113717344	6.815842071608585	6.506806018130649	7.131160009330455	0.12975557610915028	-0.051086944851214046	0.32688183198757764	0.8374886923562121	0.8213731520285769	0.8522971577157091	0.8375832731923051	0.8214267581583812	0.8524923420312288	
POOLED_leakage_free_5_sets	POOLED: set_A_v2, set_B_v2, set_C_clean, set_D_clean, set_E	pooled	pooled	magicc_v5	MAGICC v5 (released, v0.3.0)	primary	completeness	5000	2586	284.38402203525874	False	50.000177	100.0	4.617909554275892	4.323586671180016	4.920665336330619	7.8144884892803566	7.325649175182284	8.312430494798162	-0.8669096883584342	-1.2622194973783452	-0.460573036251103	0.7852684201029971	0.7559048188601886	0.811378586365189	0.789442896883862	0.7638277996297854	0.8140934759755826	
POOLED_manuscript_5_sets	POOLED: set_A_v2, set_B_v2, set_C, set_D, set_E	pooled	pooled	magicc_v4	MAGICC v4 (numbers in submitted manuscript)	secondary	completeness	5000	4386	285.86135831813556	False	50.00148287148627	100.0	3.9987884063917356	3.8345865550234746	4.157762331784662	6.909831097642812	6.599028255925273	7.21036158392836	0.19265409210915022	0.0058678001683796395	0.38908796759662717	0.8329757961031748	0.8175279530785162	0.8476363072437618	0.8333543357523202	0.8181164180408806	0.8481950079238646	
POOLED_manuscript_5_sets	POOLED: set_A_v2, set_B_v2, set_C, set_D, set_E	pooled	pooled	magicc_v3	MAGICC v3 (SUPERSEDED - uses 20 assembly statistics)	superseded	completeness	5000	4386	285.86135831813556	False	50.00148287148627	100.0	2.7397695281551706	2.6173116843858386	2.86923379565398	5.315603906306621	5.0286047609949165	5.61635904290178	-0.027802314290849655	-0.16871017316168846	0.11834820971642905	0.9011561231815863	0.889368796343322	0.9115297838365747	0.9011877769514285	0.8895377097399777	0.9115574974717112	
POOLED_manuscript_5_sets	POOLED: set_A_v2, set_B_v2, set_C, set_D, set_E	pooled	pooled	checkm2	CheckM2 1.0.1	competitor	completeness	5000	4386	285.86135831813556	False	50.00148287148627	100.0	6.002811375961961	5.778117712761833	6.242272542873598	10.190209254086556	9.857578048778606	10.53039755312587	2.519813332109151	2.251709730165017	2.7908770765955127	0.6367457103925633	0.6117345173772166	0.659778119975473	0.6671674391755148	0.6467283545295088	0.6863507660451121	
POOLED_leakage_free_5_sets	POOLED: set_A_v2, set_B_v2, set_C_clean, set_D_clean, set_E	pooled	pooled	checkm2	CheckM2 1.0.1	competitor	completeness	5000	2586	284.38402203525874	False	50.000177	100.0	5.803057473478258	5.517306280897645	6.095986379171409	9.74679663456105	9.361969650259047	10.131421325189555	2.5280570426415654	2.0844810262089393	2.9429180768572873	0.6659445071646386	0.639492874539514	0.6911403615521732	0.6929184872736188	0.6720767285843987	0.7146204294458781	
POOLED_manuscript_5_sets	POOLED: set_A_v2, set_B_v2, set_C, set_D, set_E	pooled	pooled	cocopye	CoCoPyE 0.5.0	competitor	completeness	5000	4386	285.86135831813556	False	50.00148287148627	100.0	6.624368994431201	6.3831546041124	6.845226651452175	10.442978032484792	10.100470842504635	10.748584127029657	-2.857145434505723	-3.1307764956924222	-2.5822208101528252	0.6185011124672837	0.5939807670479162	0.6447256780179137	0.6505322544560597	0.6322483777550624	0.6708903769848429	
POOLED_leakage_free_5_sets	POOLED: set_A_v2, set_B_v2, set_C_clean, set_D_clean, set_E	pooled	pooled	cocopye	CoCoPyE 0.5.0	competitor	completeness	5000	2586	284.38402203525874	False	50.000177	100.0	6.590101425710123	6.156431734306887	7.00641352040738	10.289508273964275	9.712268677065417	10.833512911768437	-2.7799954130304316	-3.287695813091321	-2.2444875338744716	0.6277077039621701	0.5859287626622265	0.6688871732425795	0.657840509633463	0.6282616357216139	0.6894434489841087	
POOLED_manuscript_5_sets	POOLED: set_A_v2, set_B_v2, set_C, set_D, set_E	pooled	pooled	deepcheck	DeepCheck	competitor	completeness	5000	4386	285.86135831813556	False	50.00148287148627	100.0	10.10071923083457	9.812270178892879	10.388032542631532	14.451355844820572	14.092657099512596	14.791182564907533	0.7164985986039014	0.3291072749485238	1.1143675682560341	0.2694301636907166	0.22976570549150277	0.3069341314455472	0.4791293364631486	0.4564684793797513	0.5001947802013731	
POOLED_leakage_free_5_sets	POOLED: set_A_v2, set_B_v2, set_C_clean, set_D_clean, set_E	pooled	pooled	deepcheck	DeepCheck	competitor	completeness	5000	2586	284.38402203525874	False	50.000177	100.0	9.830998329796966	9.352459177204281	10.297655867616847	14.06245719194417	13.523909747725039	14.57300120567744	0.7487216601342414	-0.07446336946216885	1.5678445142418973	0.3046279433703757	0.2496312609680961	0.3583980478460042	0.4988966869309015	0.47110479907236397	0.5280120148536497	
POOLED_manuscript_5_sets	POOLED: set_A_v2, set_B_v2, set_C, set_D, set_E	pooled	pooled	magicc_v5	MAGICC v5 (released, v0.3.0)	primary	contamination	5000	4386	1025.9700803374	False	0.0	99.9183593161858	5.39440220467942	5.175124771540316	5.6166709138849535	9.31909571780157	8.941460196989384	9.686823956469906	-3.1067703825957507	-3.350529097191926	-2.8581069005266433	0.9153527508628833	0.9092713858551514	0.9216944792606911	0.9316617597439382	0.9259931924449238	0.9374080651492427	
POOLED_leakage_free_5_sets	POOLED: set_A_v2, set_B_v2, set_C_clean, set_D_clean, set_E	pooled	pooled	magicc_v5	MAGICC v5 (released, v0.3.0)	primary	contamination	5000	2586	916.5620526042775	False	0.0	99.9183593161858	5.308570202842227	4.999347435046694	5.625991177893222	8.830245837665668	8.306012160018026	9.37015418822639	-1.9625995291228138	-2.384127632494692	-1.5645872998425208	0.9149285732132786	0.9043287626822493	0.9245996536065864	0.9213301871676297	0.9111672258751226	0.9308537143766598	
POOLED_manuscript_5_sets	POOLED: set_A_v2, set_B_v2, set_C, set_D, set_E	pooled	pooled	magicc_v4	MAGICC v4 (numbers in submitted manuscript)	secondary	contamination	5000	4386	1025.9700803374	False	0.0	99.9183593161858	5.5339531503062664	5.326769264115859	5.756109090510148	9.38385555006438	9.001775275382736	9.757603826139418	-2.136034565686091	-2.3968815524479874	-1.8784544417796056	0.914172209626702	0.9074283858006528	0.9207909958055467	0.9241791371936053	0.9173694887257056	0.9307709910013163	
POOLED_manuscript_5_sets	POOLED: set_A_v2, set_B_v2, set_C, set_D, set_E	pooled	pooled	magicc_v3	MAGICC v3 (SUPERSEDED - uses 20 assembly statistics)	superseded	contamination	5000	4386	1025.9700803374	False	0.0	99.9183593161858	3.6022902050290706	3.4470289873668505	3.76112115752331	6.531151672777264	6.185071566931797	6.889301622915158	-1.2766505326496707	-1.4525446984251305	-1.091708894578208	0.9584237952058081	0.9539339945949433	0.9625942601357415	0.9604642296752658	0.9560373218083997	0.9646041039197756	
POOLED_manuscript_5_sets	POOLED: set_A_v2, set_B_v2, set_C, set_D, set_E	pooled	pooled	checkm2	CheckM2 1.0.1	competitor	contamination	5000	4386	1025.9700803374	False	0.0	99.9183593161858	23.140804184973852	22.41425273567973	23.840647653473667	34.137533928187736	33.36307277920974	34.87701407870863	-22.03191236568609	-22.757727278949574	-21.285150107308688	-0.13587252204754874	-0.1784886732731808	-0.09314896655415361	0.33729843202393534	0.3206085537169847	0.3555121611657155	
POOLED_leakage_free_5_sets	POOLED: set_A_v2, set_B_v2, set_C_clean, set_D_clean, set_E	pooled	pooled	checkm2	CheckM2 1.0.1	competitor	contamination	5000	2586	916.5620526042775	False	0.0	99.9183593161858	22.14472900462183	21.07820140417279	23.198958150808405	32.01807480000994	30.974189038502704	33.02717394859171	-21.029684720385156	-22.162252451046818	-19.89786471093941	-0.11848086115522394	-0.19516008348643848	-0.04673359698231176	0.3642839834477472	0.3407877992480621	0.39044433837581016	
POOLED_manuscript_5_sets	POOLED: set_A_v2, set_B_v2, set_C, set_D, set_E	pooled	pooled	cocopye	CoCoPyE 0.5.0	competitor	contamination	5000	4386	1025.9700803374	False	0.0	99.9183593161858	20.260993779402792	19.62974559011871	20.88668550226315	30.34627216954592	29.711779102452255	30.96240245111582	-19.24154036643781	-19.885486304843596	-18.589051769295214	0.10241414224739209	0.07613588453911138	0.129663103074254	0.651201211146835	0.6359344904059321	0.6670782812553983	
POOLED_leakage_free_5_sets	POOLED: set_A_v2, set_B_v2, set_C_clean, set_D_clean, set_E	pooled	pooled	cocopye	CoCoPyE 0.5.0	competitor	contamination	5000	2586	916.5620526042775	False	0.0	99.9183593161858	19.015010325561846	18.196318580738218	19.77557767288319	28.05160254993022	27.23656830018805	28.79476674534811	-18.05788344485396	-18.834758195375432	-17.23121456097233	0.1414739423442074	0.09906051669743257	0.18541937556616936	0.6830942921224182	0.6613760843455022	0.705558701827377	
POOLED_manuscript_5_sets	POOLED: set_A_v2, set_B_v2, set_C, set_D, set_E	pooled	pooled	deepcheck	DeepCheck	competitor	contamination	5000	4386	1025.9700803374	False	0.0	99.9183593161858	27.5739513515122	26.742015429736544	28.350870403041878	39.32820453188172	38.36802729327994	40.20616393008843	-24.738937569478068	-25.613766205940205	-23.864375170885	-0.5075563131362193	-0.5681960789073031	-0.44484310397943777	0.18425427819879134	0.17002337572393994	0.20236998522319372	
POOLED_leakage_free_5_sets	POOLED: set_A_v2, set_B_v2, set_C_clean, set_D_clean, set_E	pooled	pooled	deepcheck	DeepCheck	competitor	contamination	5000	2586	916.5620526042775	False	0.0	99.9183593161858	26.43310835772811	25.371735133521742	27.484515948472122	37.119997500463185	36.01584153846817	38.1119286763481	-23.736158835021335	-24.93201587174337	-22.483311504054996	-0.5033288913929044	-0.5919259851424368	-0.41588640252936826	0.20585587613402867	0.18723276318303658	0.227730966226708	
