set	set_label	status	tier	tool	tool_label	tool_role	n	n_clusters	clustered_bootstrap	mimag_class	support_true	support_true_frac	n_predicted	precision	precision_ci_lo	precision_ci_hi	recall	recall_ci_lo	recall_ci_hi	f1	f1_ci_lo	f1_ci_hi
set_A_v2	Set A (completeness gradient, 0% contamination)	current	primary	magicc_v5	MAGICC v5 (released, v0.3.0)	primary	1000	798	True	high	276	0.276	269	0.9368029739776952	0.9063612947714275	0.9632386608489549	0.9130434782608695	0.876247050893158	0.9465036283102441	0.9247706422018348	0.8997979876860857	0.9467685840862315
set_A_v2	Set A (completeness gradient, 0% contamination)	current	primary	magicc_v5	MAGICC v5 (released, v0.3.0)	primary	1000	798	True	low	0	0.0	11	0.0	0.0	0.0	0.0	0.0	0.0	0.0	0.0	0.0
set_A_v2	Set A (completeness gradient, 0% contamination)	current	primary	magicc_v5	MAGICC v5 (released, v0.3.0)	primary	1000	798	True	medium	724	0.724	720	0.9763888888888889	0.9645283141355575	0.9872168144797836	0.9709944751381215	0.9574168965189271	0.9826678191489362	0.9736842105263157	0.9645086815656478	0.9820692127054752
set_A_v2	Set A (completeness gradient, 0% contamination)	current	primary	magicc_v4	MAGICC v4 (numbers in submitted manuscript)	secondary	1000	798	True	high	276	0.276	222	0.9459459459459459	0.9158229030450216	0.9732202117572692	0.7608695652173914	0.7058771380892783	0.8143977272727273	0.8433734939759038	0.8056652046783627	0.8781582633053221
set_A_v2	Set A (completeness gradient, 0% contamination)	current	primary	magicc_v4	MAGICC v4 (numbers in submitted manuscript)	secondary	1000	798	True	low	0	0.0	22	0.0	0.0	0.0	0.0	0.0	0.0	0.0	0.0	0.0
set_A_v2	Set A (completeness gradient, 0% contamination)	current	primary	magicc_v4	MAGICC v4 (numbers in submitted manuscript)	secondary	1000	798	True	medium	724	0.724	756	0.9351851851851852	0.9158710106728636	0.9541035587143203	0.9765193370165746	0.9652282747238699	0.9868622701048672	0.9554054054054054	0.9435254910013559	0.9663865546218487
set_A_v2	Set A (completeness gradient, 0% contamination)	current	primary	magicc_v3	MAGICC v3 (SUPERSEDED - uses 20 assembly statistics)	superseded	1000	798	True	high	276	0.276	261	0.9693486590038314	0.9464268609742748	0.9886363636363636	0.9166666666666666	0.8839954356846473	0.9475788266397106	0.9422718808193667	0.9218708296263346	0.961687394007914
set_A_v2	Set A (completeness gradient, 0% contamination)	current	primary	magicc_v3	MAGICC v3 (SUPERSEDED - uses 20 assembly statistics)	superseded	1000	798	True	low	0	0.0	7	0.0	0.0	0.0	0.0	0.0	0.0	0.0	0.0	0.0
set_A_v2	Set A (completeness gradient, 0% contamination)	current	primary	magicc_v3	MAGICC v3 (SUPERSEDED - uses 20 assembly statistics)	superseded	1000	798	True	medium	724	0.724	732	0.9726775956284153	0.9607309419111014	0.9837177747625508	0.9834254143646409	0.9731230210074578	0.9919573737308484	0.978021978021978	0.9702002073095823	0.9854671737371613
set_A_v2	Set A (completeness gradient, 0% contamination)	current	primary	checkm2	CheckM2 1.0.1	competitor	1000	798	True	high	276	0.276	299	0.903010033444816	0.8668828019075226	0.9342116645419778	0.9782608695652174	0.9594582128253715	0.9930313588850174	0.9391304347826087	0.916057697665348	0.9577476220962137
set_A_v2	Set A (completeness gradient, 0% contamination)	current	primary	checkm2	CheckM2 1.0.1	competitor	1000	798	True	low	0	0.0	22	0.0	0.0	0.0	0.0	0.0	0.0	0.0	0.0	0.0
set_A_v2	Set A (completeness gradient, 0% contamination)	current	primary	checkm2	CheckM2 1.0.1	competitor	1000	798	True	medium	724	0.724	679	0.9911634756995582	0.9836059456814289	0.9971056439942113	0.9295580110497238	0.9100654362416107	0.9470016315717664	0.9593727726300784	0.9481165600568586	0.9692648567677841
set_A_v2	Set A (completeness gradient, 0% contamination)	current	primary	cocopye	CoCoPyE 0.5.0	competitor	1000	798	True	high	276	0.276	277	0.9061371841155235	0.8709561383151544	0.9391665535035307	0.9094202898550725	0.8710743536006789	0.9440298507462687	0.9077757685352622	0.8786721756459593	0.9326290480663209
set_A_v2	Set A (completeness gradient, 0% contamination)	current	primary	cocopye	CoCoPyE 0.5.0	competitor	1000	798	True	low	0	0.0	18	0.0	0.0	0.0	0.0	0.0	0.0	0.0	0.0	0.0
set_A_v2	Set A (completeness gradient, 0% contamination)	current	primary	cocopye	CoCoPyE 0.5.0	competitor	1000	798	True	medium	724	0.724	705	0.9815602836879432	0.9696092619392185	0.9915495929161466	0.9558011049723757	0.9401932483702801	0.9700434267858355	0.9685094471658502	0.9586305278174038	0.9774353813727198
set_A_v2	Set A (completeness gradient, 0% contamination)	current	primary	deepcheck	DeepCheck	competitor	1000	798	True	high	276	0.276	301	0.8970099667774086	0.860757534192891	0.928577207582062	0.9782608695652174	0.9601413043478262	0.9929595867890268	0.9358752166377816	0.914930861863754	0.9543729571075978
set_A_v2	Set A (completeness gradient, 0% contamination)	current	primary	deepcheck	DeepCheck	competitor	1000	798	True	low	0	0.0	27	0.0	0.0	0.0	0.0	0.0	0.0	0.0	0.0	0.0
set_A_v2	Set A (completeness gradient, 0% contamination)	current	primary	deepcheck	DeepCheck	competitor	1000	798	True	medium	724	0.724	672	0.9910714285714286	0.9832820386485499	0.997093023255814	0.919889502762431	0.8991596638655462	0.9389251157122648	0.9541547277936964	0.9427284125801767	0.9647394590042333
set_B_v2	Set B (contamination gradient, 100% completeness)	current	primary	magicc_v5	MAGICC v5 (released, v0.3.0)	primary	1000	803	True	high	200	0.2	190	1.0	1.0	1.0	0.95	0.917865680561781	0.9767441860465116	0.9743589743589743	0.9571741014598737	0.988235294117647
set_B_v2	Set B (contamination gradient, 100% completeness)	current	primary	magicc_v5	MAGICC v5 (released, v0.3.0)	primary	1000	803	True	low	798	0.798	801	0.9950062421972534	0.9898212338370463	0.9987700254766676	0.9987468671679198	0.9960884014622798	1.0	0.9968730456535334	0.9937260797171784	0.9993667078059236
set_B_v2	Set B (contamination gradient, 100% completeness)	current	primary	magicc_v5	MAGICC v5 (released, v0.3.0)	primary	1000	803	True	medium	2	0.002	9	0.2222222222222222	0.0	0.5555555555555556	1.0	0.0	1.0	0.3636363636363636	0.0	0.7142857142857143
set_B_v2	Set B (contamination gradient, 100% completeness)	current	primary	magicc_v4	MAGICC v4 (numbers in submitted manuscript)	secondary	1000	803	True	high	200	0.2	151	1.0	1.0	1.0	0.755	0.6958651682453294	0.8118880258191565	0.8603988603988605	0.8206609577198187	0.8961790283886445
set_B_v2	Set B (contamination gradient, 100% completeness)	current	primary	magicc_v4	MAGICC v4 (numbers in submitted manuscript)	secondary	1000	803	True	low	798	0.798	812	0.9827586206896551	0.9730392156862745	0.9912609238451935	1.0	1.0	1.0	0.9913043478260869	0.986335403726708	0.9956112852664577
set_B_v2	Set B (contamination gradient, 100% completeness)	current	primary	magicc_v4	MAGICC v4 (numbers in submitted manuscript)	secondary	1000	803	True	medium	2	0.002	37	0.02702702702702703	0.0	0.08823529411764706	0.5	0.0	1.0	0.05128205128205129	0.0	0.15789473684210525
set_B_v2	Set B (contamination gradient, 100% completeness)	current	primary	magicc_v3	MAGICC v3 (SUPERSEDED - uses 20 assembly statistics)	superseded	1000	803	True	high	200	0.2	192	1.0	1.0	1.0	0.96	0.9314271708683473	0.9845380650277558	0.9795918367346939	0.9644962905115189	0.992208798952985
set_B_v2	Set B (contamination gradient, 100% completeness)	current	primary	magicc_v3	MAGICC v3 (SUPERSEDED - uses 20 assembly statistics)	superseded	1000	803	True	low	798	0.798	797	0.998745294855709	0.9961340206185567	1.0	0.9974937343358395	0.9936708860759493	1.0	0.9981191222570533	0.9956384932457251	1.0
set_B_v2	Set B (contamination gradient, 100% completeness)	current	primary	magicc_v3	MAGICC v3 (SUPERSEDED - uses 20 assembly statistics)	superseded	1000	803	True	medium	2	0.002	11	0.18181818181818182	0.0	0.45454545454545453	1.0	0.0	1.0	0.3076923076923077	0.0	0.625
set_B_v2	Set B (contamination gradient, 100% completeness)	current	primary	checkm2	CheckM2 1.0.1	competitor	1000	803	True	high	200	0.2	257	0.7782101167315175	0.7297297297297297	0.8269266917293232	1.0	1.0	1.0	0.8752735229759301	0.8437499999999999	0.9052653238033355
set_B_v2	Set B (contamination gradient, 100% completeness)	current	primary	checkm2	CheckM2 1.0.1	competitor	1000	803	True	low	798	0.798	651	1.0	1.0	1.0	0.8157894736842105	0.7890615472560976	0.8435603322975743	0.898550724637681	0.8820954745299053	0.9151426369088029
set_B_v2	Set B (contamination gradient, 100% completeness)	current	primary	checkm2	CheckM2 1.0.1	competitor	1000	803	True	medium	2	0.002	92	0.010869565217391304	0.0	0.03488372093023256	0.5	0.0	1.0	0.021276595744680847	0.0	0.06666666666666667
set_B_v2	Set B (contamination gradient, 100% completeness)	current	primary	cocopye	CoCoPyE 0.5.0	competitor	1000	803	True	high	200	0.2	198	0.9949494949494949	0.9833310055865921	1.0	0.985	0.9658536585365853	1.0	0.9899497487437187	0.9784120403435121	0.9976798143851509
set_B_v2	Set B (contamination gradient, 100% completeness)	current	primary	cocopye	CoCoPyE 0.5.0	competitor	1000	803	True	low	798	0.798	786	1.0	1.0	1.0	0.9849624060150376	0.9763077462593516	0.9926742160278745	0.9924242424242424	0.9880118600813684	0.9963236419108648
set_B_v2	Set B (contamination gradient, 100% completeness)	current	primary	cocopye	CoCoPyE 0.5.0	competitor	1000	803	True	medium	2	0.002	16	0.125	0.0	0.3125	1.0	0.0	1.0	0.2222222222222222	0.0	0.47619047619047616
set_B_v2	Set B (contamination gradient, 100% completeness)	current	primary	deepcheck	DeepCheck	competitor	1000	803	True	high	200	0.2	328	0.6067073170731707	0.5555555555555556	0.658703298923625	0.995	0.9832354890635356	1.0	0.7537878787878788	0.7125463659147869	0.7934230386384484
set_B_v2	Set B (contamination gradient, 100% completeness)	current	primary	deepcheck	DeepCheck	competitor	1000	803	True	low	798	0.798	472	1.0	1.0	1.0	0.5914786967418546	0.5578114309451666	0.6248500922509225	0.7433070866141732	0.7161475640948181	0.7691172188901181
set_B_v2	Set B (contamination gradient, 100% completeness)	current	primary	deepcheck	DeepCheck	competitor	1000	803	True	medium	2	0.002	200	0.0	0.0	0.0	0.0	0.0	0.0	0.0	0.0	0.0
set_C	Set C (Patescibacteriota) - SUPERSEDED (training leakage)	superseded_leaky	reported	magicc_v5	MAGICC v5 (released, v0.3.0)	primary	1000	1000	False	high	34	0.034	48	0.6875	0.5581395348837209	0.8157894736842105	0.9705882352941176	0.9	1.0	0.8048780487804877	0.7042253521126761	0.888888888888889
set_C	Set C (Patescibacteriota) - SUPERSEDED (training leakage)	superseded_leaky	reported	magicc_v5	MAGICC v5 (released, v0.3.0)	primary	1000	1000	False	low	883	0.883	863	0.9953650057937428	0.9906432748538012	0.9988545246277205	0.9728199320498301	0.9616642046114698	0.9829545454545454	0.983963344788087	0.9777009055464845	0.9892594686263425
set_C	Set C (Patescibacteriota) - SUPERSEDED (training leakage)	superseded_leaky	reported	magicc_v5	MAGICC v5 (released, v0.3.0)	primary	1000	1000	False	medium	83	0.083	89	0.7415730337078652	0.6533265306122449	0.8333333333333334	0.7951807228915663	0.7023538961038961	0.8750351123595503	0.7674418604651162	0.6923076923076923	0.8333333333333334
set_C	Set C (Patescibacteriota) - SUPERSEDED (training leakage)	superseded_leaky	reported	magicc_v4	MAGICC v4 (numbers in submitted manuscript)	secondary	1000	1000	False	high	34	0.034	41	0.7560975609756098	0.6222222222222222	0.8857142857142857	0.9117647058823529	0.8076612903225807	1.0	0.8266666666666665	0.7222222222222223	0.9135802469135802
set_C	Set C (Patescibacteriota) - SUPERSEDED (training leakage)	superseded_leaky	reported	magicc_v4	MAGICC v4 (numbers in submitted manuscript)	secondary	1000	1000	False	low	883	0.883	868	0.9942396313364056	0.9885189437428243	0.9988425925925926	0.9773499433748585	0.967044517271693	0.9865625258347925	0.9857224443175329	0.9799650813592847	0.9909504818876703
set_C	Set C (Patescibacteriota) - SUPERSEDED (training leakage)	superseded_leaky	reported	magicc_v4	MAGICC v4 (numbers in submitted manuscript)	secondary	1000	1000	False	medium	83	0.083	91	0.7692307692307693	0.6853932584269663	0.8571428571428571	0.8433734939759037	0.7624851190476191	0.9180411508865841	0.8045977011494253	0.7407305095150398	0.8659965635738831
set_C	Set C (Patescibacteriota) - SUPERSEDED (training leakage)	superseded_leaky	reported	magicc_v3	MAGICC v3 (SUPERSEDED - uses 20 assembly statistics)	superseded	1000	1000	False	high	34	0.034	35	0.8285714285714286	0.6923076923076923	0.9444444444444444	0.8529411764705882	0.7249784482758621	0.9666666666666667	0.8405797101449276	0.7352941176470589	0.9230769230769231
set_C	Set C (Patescibacteriota) - SUPERSEDED (training leakage)	superseded_leaky	reported	magicc_v3	MAGICC v3 (SUPERSEDED - uses 20 assembly statistics)	superseded	1000	1000	False	low	883	0.883	871	0.9954075774971297	0.9905809341950647	0.998868778280543	0.9818799546998868	0.9721269818111078	0.9907626568469897	0.9885974914481186	0.9832650448527996	0.9932746661739592
set_C	Set C (Patescibacteriota) - SUPERSEDED (training leakage)	superseded_leaky	reported	magicc_v3	MAGICC v3 (SUPERSEDED - uses 20 assembly statistics)	superseded	1000	1000	False	medium	83	0.083	94	0.7978723404255319	0.7157894736842105	0.879142857142857	0.9036144578313253	0.8354393149664929	0.9647058823529412	0.8474576271186441	0.7861168455821635	0.9036229664420393
set_C	Set C (Patescibacteriota) - SUPERSEDED (training leakage)	superseded_leaky	reported	checkm2	CheckM2 1.0.1	competitor	1000	1000	False	high	34	0.034	162	0.19753086419753085	0.13985200845665965	0.2625080128205128	0.9411764705882353	0.8484848484848485	1.0	0.326530612244898	0.2424242424242424	0.41177986658580956
set_C	Set C (Patescibacteriota) - SUPERSEDED (training leakage)	superseded_leaky	reported	checkm2	CheckM2 1.0.1	competitor	1000	1000	False	low	883	0.883	205	0.9902439024390244	0.9744897959183674	1.0	0.22989807474518686	0.2036405005688282	0.25646794150731156	0.37316176470588236	0.33799521695470647	0.40761220519813884
set_C	Set C (Patescibacteriota) - SUPERSEDED (training leakage)	superseded_leaky	reported	checkm2	CheckM2 1.0.1	competitor	1000	1000	False	medium	83	0.083	633	0.08214849921011058	0.061513557522485274	0.10443098738066071	0.6265060240963856	0.5227146464646465	0.729172794117647	0.14525139664804468	0.11014094255332535	0.18028339620495518
set_C	Set C (Patescibacteriota) - SUPERSEDED (training leakage)	superseded_leaky	reported	cocopye	CoCoPyE 0.5.0	competitor	1000	1000	False	high	34	0.034	0	0.0	0.0	0.0	0.0	0.0	0.0	0.0	0.0	0.0
set_C	Set C (Patescibacteriota) - SUPERSEDED (training leakage)	superseded_leaky	reported	cocopye	CoCoPyE 0.5.0	competitor	1000	1000	False	low	883	0.883	787	0.9440914866581956	0.9281984334203656	0.9589756722151088	0.8414496036240091	0.8169491525423729	0.8652359743880129	0.8898203592814372	0.8735076273597779	0.905042526620858
set_C	Set C (Patescibacteriota) - SUPERSEDED (training leakage)	superseded_leaky	reported	cocopye	CoCoPyE 0.5.0	competitor	1000	1000	False	medium	83	0.083	213	0.25821596244131456	0.2008333333333334	0.3198020304568528	0.6626506024096386	0.5616333519709253	0.7619196428571428	0.37162162162162166	0.3003412969283277	0.44373040594855306
set_C	Set C (Patescibacteriota) - SUPERSEDED (training leakage)	superseded_leaky	reported	deepcheck	DeepCheck	competitor	1000	1000	False	high	34	0.034	39	0.28205128205128205	0.14285714285714285	0.4286679536679531	0.3235294117647059	0.16216216216216217	0.5	0.3013698630136986	0.15873015873015875	0.4348104793756966
set_C	Set C (Patescibacteriota) - SUPERSEDED (training leakage)	superseded_leaky	reported	deepcheck	DeepCheck	competitor	1000	1000	False	low	883	0.883	195	0.9487179487179487	0.9154161013116238	0.9780249804839968	0.20951302378255945	0.18327605956471935	0.2358292639855039	0.3432282003710575	0.3063901625450911	0.3778852345180228
set_C	Set C (Patescibacteriota) - SUPERSEDED (training leakage)	superseded_leaky	reported	deepcheck	DeepCheck	competitor	1000	1000	False	medium	83	0.083	766	0.08616187989556136	0.06711409395973154	0.10540364755114856	0.7951807228915663	0.7073008130081301	0.8765474378488077	0.15547703180212014	0.12244897959183675	0.1865771614161463
set_D	Set D (Archaea) - SUPERSEDED (training leakage)	superseded_leaky	reported	magicc_v5	MAGICC v5 (released, v0.3.0)	primary	1000	1000	False	high	11	0.011	15	0.6666666666666666	0.4	0.9090909090909091	0.9090909090909091	0.7	1.0	0.7692307692307692	0.5383333333333336	0.9286904761904756
set_D	Set D (Archaea) - SUPERSEDED (training leakage)	superseded_leaky	reported	magicc_v5	MAGICC v5 (released, v0.3.0)	primary	1000	1000	False	low	886	0.886	882	0.9897959183673469	0.9830503681263901	0.9955257270693513	0.9853273137697517	0.9772965852119796	0.9931584948688712	0.9875565610859729	0.9823762833946486	0.9926762624141019
set_D	Set D (Archaea) - SUPERSEDED (training leakage)	superseded_leaky	reported	magicc_v5	MAGICC v5 (released, v0.3.0)	primary	1000	1000	False	medium	103	0.103	103	0.8737864077669902	0.80806227411732	0.9375	0.8737864077669902	0.8074057084607544	0.9333333333333333	0.8737864077669902	0.8242407592407593	0.9198442925954968
set_D	Set D (Archaea) - SUPERSEDED (training leakage)	superseded_leaky	reported	magicc_v4	MAGICC v4 (numbers in submitted manuscript)	secondary	1000	1000	False	high	11	0.011	12	0.5833333333333334	0.2857142857142857	0.857380952380951	0.6363636363636364	0.3333333333333333	1.0	0.6086956521739131	0.33306451612903265	0.8181818181818182
set_D	Set D (Archaea) - SUPERSEDED (training leakage)	superseded_leaky	reported	magicc_v4	MAGICC v4 (numbers in submitted manuscript)	secondary	1000	1000	False	low	886	0.886	887	0.9887260428410372	0.9812558553180603	0.9954236021859294	0.989841986455982	0.9831256808192429	0.9955705658853545	0.9892836999435984	0.9843396063341274	0.9938306225462703
set_D	Set D (Archaea) - SUPERSEDED (training leakage)	superseded_leaky	reported	magicc_v4	MAGICC v4 (numbers in submitted manuscript)	secondary	1000	1000	False	medium	103	0.103	101	0.8811881188118812	0.8130695093457944	0.9423076923076923	0.8640776699029126	0.7924528301886793	0.9266221851542952	0.8725490196078431	0.8196622555796957	0.918918918918919
set_D	Set D (Archaea) - SUPERSEDED (training leakage)	superseded_leaky	reported	magicc_v3	MAGICC v3 (SUPERSEDED - uses 20 assembly statistics)	superseded	1000	1000	False	high	11	0.011	12	0.75	0.46153846153846156	1.0	0.8181818181818182	0.5714285714285714	1.0	0.7826086956521738	0.5454545454545455	0.9333333333333333
set_D	Set D (Archaea) - SUPERSEDED (training leakage)	superseded_leaky	reported	magicc_v3	MAGICC v3 (SUPERSEDED - uses 20 assembly statistics)	superseded	1000	1000	False	low	886	0.886	883	0.9920724801812004	0.9854419212208558	0.9977220956719818	0.9887133182844243	0.9815221060640972	0.9953547763388452	0.9903900508762012	0.9858035207268597	0.9944780648137321
set_D	Set D (Archaea) - SUPERSEDED (training leakage)	superseded_leaky	reported	magicc_v3	MAGICC v3 (SUPERSEDED - uses 20 assembly statistics)	superseded	1000	1000	False	medium	103	0.103	105	0.8857142857142857	0.8235294117647058	0.9417615758028379	0.9029126213592233	0.8437432065217392	0.957280701754386	0.8942307692307693	0.848213117053104	0.9375
set_D	Set D (Archaea) - SUPERSEDED (training leakage)	superseded_leaky	reported	checkm2	CheckM2 1.0.1	competitor	1000	1000	False	high	11	0.011	77	0.12987012987012986	0.05970149253731343	0.20621385466431968	0.9090909090909091	0.7	1.0	0.22727272727272727	0.1111111111111111	0.3396320754716981
set_D	Set D (Archaea) - SUPERSEDED (training leakage)	superseded_leaky	reported	checkm2	CheckM2 1.0.1	competitor	1000	1000	False	low	886	0.886	415	0.9855421686746988	0.9726001712328767	0.9952721463936839	0.4616252821670429	0.4275824927672219	0.49430620548552345	0.6287471176018448	0.5963513725102392	0.6586311746595586
set_D	Set D (Archaea) - SUPERSEDED (training leakage)	superseded_leaky	reported	checkm2	CheckM2 1.0.1	competitor	1000	1000	False	medium	103	0.103	508	0.15748031496062992	0.1271343228379378	0.1898245184880008	0.7766990291262136	0.690904404873477	0.853938436329588	0.26186579378068736	0.21666455160744502	0.30721050345582956
set_D	Set D (Archaea) - SUPERSEDED (training leakage)	superseded_leaky	reported	cocopye	CoCoPyE 0.5.0	competitor	1000	1000	False	high	11	0.011	17	0.35294117647058826	0.13333333333333333	0.5911363636363625	0.5454545454545454	0.2222222222222222	0.8571428571428571	0.42857142857142855	0.17391304347826086	0.6451612903225806
set_D	Set D (Archaea) - SUPERSEDED (training leakage)	superseded_leaky	reported	cocopye	CoCoPyE 0.5.0	competitor	1000	1000	False	low	886	0.886	853	0.9894490035169988	0.9822042848841401	0.9953434225844005	0.9525959367945824	0.9380731362096041	0.9658703071672355	0.9706728004600346	0.9620097963300627	0.9784109247915165
set_D	Set D (Archaea) - SUPERSEDED (training leakage)	superseded_leaky	reported	cocopye	CoCoPyE 0.5.0	competitor	1000	1000	False	medium	103	0.103	130	0.6538461538461539	0.5658835303088068	0.7388232158535055	0.8252427184466019	0.7499507874015748	0.8942307692307693	0.7296137339055794	0.6601867823172836	0.7903319579894974
set_D	Set D (Archaea) - SUPERSEDED (training leakage)	superseded_leaky	reported	deepcheck	DeepCheck	competitor	1000	1000	False	high	11	0.011	131	0.04580152671755725	0.014705882352941176	0.08475477821853583	0.5454545454545454	0.2222222222222222	0.8571428571428571	0.08450704225352114	0.02758148323098725	0.15172413793103448
set_D	Set D (Archaea) - SUPERSEDED (training leakage)	superseded_leaky	reported	deepcheck	DeepCheck	competitor	1000	1000	False	low	886	0.886	183	0.9672131147540983	0.9387698095998176	0.9897448979591837	0.19977426636568849	0.17357222844344905	0.2267599929362264	0.33115060804490176	0.29406074704167634	0.36743492613236645
set_D	Set D (Archaea) - SUPERSEDED (training leakage)	superseded_leaky	reported	deepcheck	DeepCheck	competitor	1000	1000	False	medium	103	0.103	686	0.1151603498542274	0.0926173402164287	0.13947993570022532	0.7669902912621359	0.6770833333333334	0.8488372093023255	0.20025348542458807	0.16427545179032438	0.2385852626551468
set_E	Set E (realistic mixture)	current	primary	magicc_v5	MAGICC v5 (released, v0.3.0)	primary	1000	785	True	high	66	0.066	63	0.8412698412698413	0.7460250201775626	0.9272727272727272	0.803030303030303	0.7049180327868853	0.896564401622718	0.8217054263565892	0.7460084033613444	0.8889269406392692
set_E	Set E (realistic mixture)	current	primary	magicc_v5	MAGICC v5 (released, v0.3.0)	primary	1000	785	True	low	719	0.719	709	0.9873060648801129	0.9782885736202384	0.9945058708414873	0.9735744089012517	0.9615371389270977	0.984263982203447	0.9803921568627452	0.9731527760829775	0.9870307167235496
set_E	Set E (realistic mixture)	current	primary	magicc_v5	MAGICC v5 (released, v0.3.0)	primary	1000	785	True	medium	215	0.215	228	0.881578947368421	0.8364485981308412	0.9223744292237442	0.9348837209302325	0.9009329003259903	0.9663471638655462	0.90744920993228	0.8762364450730787	0.9336101806356457
set_E	Set E (realistic mixture)	current	primary	magicc_v4	MAGICC v4 (numbers in submitted manuscript)	secondary	1000	785	True	high	66	0.066	57	0.9122807017543859	0.8363561847988077	0.9807692307692307	0.7878787878787878	0.6811594202898551	0.8833514492753622	0.8455284552845528	0.773719184685305	0.9078037513997759
set_E	Set E (realistic mixture)	current	primary	magicc_v4	MAGICC v4 (numbers in submitted manuscript)	secondary	1000	785	True	low	719	0.719	720	0.9777777777777777	0.966572650668407	0.988700963400349	0.9791376912378303	0.9680421260025392	0.9890564613188012	0.9784572619874914	0.9708471045197741	0.9857259277747058
set_E	Set E (realistic mixture)	current	primary	magicc_v4	MAGICC v4 (numbers in submitted manuscript)	secondary	1000	785	True	medium	215	0.215	223	0.8968609865470852	0.856468621399177	0.9342120706696319	0.9302325581395349	0.895	0.9634785842682699	0.9132420091324202	0.8861954822692862	0.9392045788514666
set_E	Set E (realistic mixture)	current	primary	magicc_v3	MAGICC v3 (SUPERSEDED - uses 20 assembly statistics)	superseded	1000	785	True	high	66	0.066	52	0.9807692307692307	0.9354663394109397	1.0	0.7727272727272727	0.6716364605543711	0.8688524590163934	0.864406779661017	0.793103448275862	0.923076923076923
set_E	Set E (realistic mixture)	current	primary	magicc_v3	MAGICC v3 (SUPERSEDED - uses 20 assembly statistics)	superseded	1000	785	True	low	719	0.719	710	0.9915492957746479	0.9842851522583282	0.9972451790633609	0.9791376912378303	0.9673458266140245	0.9891770996963508	0.9853044086773968	0.9786014719839893	0.9914775749516442
set_E	Set E (realistic mixture)	current	primary	magicc_v3	MAGICC v3 (SUPERSEDED - uses 20 assembly statistics)	superseded	1000	785	True	medium	215	0.215	238	0.8781512605042017	0.8312222587539043	0.920175229182582	0.9720930232558139	0.9483491860252424	0.9908256880733946	0.922737306843267	0.8946132821201302	0.9477930680066236
set_E	Set E (realistic mixture)	current	primary	checkm2	CheckM2 1.0.1	competitor	1000	785	True	high	66	0.066	84	0.6785714285714286	0.5753424657534246	0.7802348336594911	0.8636363636363636	0.7702702702702703	0.9428571428571428	0.76	0.6762539264363157	0.8333333333333334
set_E	Set E (realistic mixture)	current	primary	checkm2	CheckM2 1.0.1	competitor	1000	785	True	low	719	0.719	615	0.991869918699187	0.9838442576239995	0.9983633387888707	0.8484005563282336	0.8196698383583629	0.8751834181718126	0.9145427286356822	0.8972239480574989	0.9299337917053262
set_E	Set E (realistic mixture)	current	primary	checkm2	CheckM2 1.0.1	competitor	1000	785	True	medium	215	0.215	301	0.6578073089700996	0.6039491054368594	0.7133965685590737	0.9209302325581395	0.8844407713498623	0.9545505964623612	0.7674418604651163	0.7251450338994897	0.8078441799266439
set_E	Set E (realistic mixture)	current	primary	cocopye	CoCoPyE 0.5.0	competitor	1000	785	True	high	66	0.066	61	0.8360655737704918	0.7424242424242424	0.9231132075471696	0.7727272727272727	0.6666666666666666	0.8676664086687306	0.8031496062992125	0.7199856115107912	0.8709677419354839
set_E	Set E (realistic mixture)	current	primary	cocopye	CoCoPyE 0.5.0	competitor	1000	785	True	low	719	0.719	715	0.9790209790209791	0.9677871148459384	0.9894353643195057	0.9735744089012517	0.9611500799360512	0.9845505617977528	0.9762900976290096	0.9679248065927549	0.9838147840617819
set_E	Set E (realistic mixture)	current	primary	cocopye	CoCoPyE 0.5.0	competitor	1000	785	True	medium	215	0.215	224	0.8660714285714286	0.8181818181818182	0.9074094468918258	0.9023255813953488	0.8618917963224895	0.9403070265112792	0.8838268792710706	0.8496030541480841	0.9131411677753142
set_E	Set E (realistic mixture)	current	primary	deepcheck	DeepCheck	competitor	1000	785	True	high	66	0.066	107	0.5327102803738317	0.4369727502651546	0.6296451914098973	0.8636363636363636	0.7799915254237288	0.9402985074626866	0.6589595375722543	0.5733312101910827	0.7389216106232598
set_E	Set E (realistic mixture)	current	primary	deepcheck	DeepCheck	competitor	1000	785	True	low	719	0.719	495	0.9919191919191919	0.9829396853866779	0.9980952380952381	0.6828929068150209	0.6490881632433823	0.7161050188452378	0.8088962108731466	0.7839185205616418	0.8322483301034923
set_E	Set E (realistic mixture)	current	primary	deepcheck	DeepCheck	competitor	1000	785	True	medium	215	0.215	398	0.4748743718592965	0.42481776127758625	0.5251320052036833	0.8790697674418605	0.8346966337431969	0.9205035584405428	0.6166394779771615	0.5700471014492754	0.6632670068027211
set_C_clean	Set C-clean (Patescibacteriota, held-out test split)	current	primary	magicc_v5	MAGICC v5 (released, v0.3.0)	primary	1000	100	True	high	30	0.03	23	0.6521739130434783	0.4583333333333333	0.8421052631578947	0.5	0.3103448275862069	0.700092592592592	0.5660377358490566	0.3829787234042553	0.7170253537735846
set_C_clean	Set C-clean (Patescibacteriota, held-out test split)	current	primary	magicc_v5	MAGICC v5 (released, v0.3.0)	primary	1000	100	True	low	900	0.9	914	0.9617067833698031	0.947198186952316	0.9746703001797977	0.9766666666666667	0.9650254071427289	0.986637713437268	0.9691289966923925	0.9601769911504425	0.976998904709748
set_C_clean	Set C-clean (Patescibacteriota, held-out test split)	current	primary	magicc_v5	MAGICC v5 (released, v0.3.0)	primary	1000	100	True	medium	70	0.07	63	0.5714285714285714	0.4426229508196721	0.7031698258196719	0.5142857142857142	0.4025324675324677	0.6323529411764706	0.5413533834586466	0.43394654088050316	0.6424653312788904
set_C_clean	Set C-clean (Patescibacteriota, held-out test split)	current	primary	checkm2	CheckM2 1.0.1	competitor	1000	100	True	high	30	0.03	161	0.18633540372670807	0.12715299626838372	0.2576735347455338	1.0	1.0	1.0	0.31413612565445026	0.2256179775280899	0.40976219512195117
set_C_clean	Set C-clean (Patescibacteriota, held-out test split)	current	primary	checkm2	CheckM2 1.0.1	competitor	1000	100	True	low	900	0.9	206	0.9805825242718447	0.9597989949748744	0.9954954954954955	0.22444444444444445	0.19286373969877807	0.2559044944450049	0.36528028933092227	0.3223360723317764	0.4059356891315284
set_C_clean	Set C-clean (Patescibacteriota, held-out test split)	current	primary	checkm2	CheckM2 1.0.1	competitor	1000	100	True	medium	70	0.07	633	0.061611374407582936	0.043209876543209874	0.08095349354695149	0.5571428571428572	0.4358974358974359	0.6764705882352942	0.11095305832147938	0.07894274187578652	0.1442447920242787
set_C_clean	Set C-clean (Patescibacteriota, held-out test split)	current	primary	cocopye	CoCoPyE 0.5.0	competitor	1000	100	True	high	30	0.03	0	0.0	0.0	0.0	0.0	0.0	0.0	0.0	0.0	0.0
set_C_clean	Set C-clean (Patescibacteriota, held-out test split)	current	primary	cocopye	CoCoPyE 0.5.0	competitor	1000	100	True	low	900	0.9	772	0.9715025906735751	0.9597394272394273	0.9823958769640535	0.8333333333333334	0.8085538456959162	0.8573009157861504	0.8971291866028708	0.8814579447239541	0.9117647058823529
set_C_clean	Set C-clean (Patescibacteriota, held-out test split)	current	primary	cocopye	CoCoPyE 0.5.0	competitor	1000	100	True	medium	70	0.07	228	0.22807017543859648	0.1787196048632219	0.2815136248674227	0.7428571428571429	0.64	0.8387419354838708	0.348993288590604	0.28350748867990244	0.41401329757514804
set_C_clean	Set C-clean (Patescibacteriota, held-out test split)	current	primary	deepcheck	DeepCheck	competitor	1000	100	True	high	30	0.03	39	0.23076923076923078	0.10526315789473684	0.4	0.3	0.14285714285714285	0.472321428571428	0.2608695652173913	0.1230303030303031	0.3947449642625081
set_C_clean	Set C-clean (Patescibacteriota, held-out test split)	current	primary	deepcheck	DeepCheck	competitor	1000	100	True	low	900	0.9	199	0.9547738693467337	0.9259173126614987	0.9793840867036743	0.2111111111111111	0.18002140504939626	0.24252920975027062	0.34576888080072793	0.30251558687991326	0.38704317228747254
set_C_clean	Set C-clean (Patescibacteriota, held-out test split)	current	primary	deepcheck	DeepCheck	competitor	1000	100	True	medium	70	0.07	762	0.06692913385826772	0.050062580231065475	0.08433889008720302	0.7285714285714285	0.6031746031746031	0.8472281073446327	0.12259615384615387	0.09329163790783918	0.15254742931111198
set_D_clean	Set D-clean (Archaea, held-out test split)	current	primary	magicc_v5	MAGICC v5 (released, v0.3.0)	primary	1000	100	True	high	13	0.013	15	0.5333333333333333	0.2665789473684212	0.7857142857142857	0.6153846153846154	0.3333333333333333	0.875	0.5714285714285715	0.3	0.7741935483870969
set_D_clean	Set D-clean (Archaea, held-out test split)	current	primary	magicc_v5	MAGICC v5 (released, v0.3.0)	primary	1000	100	True	low	887	0.887	878	0.9863325740318907	0.9771923706376915	0.994279176201373	0.9763246899661782	0.9671574178935447	0.9852113057997234	0.9813031161473088	0.9754145225843339	0.9870572011427007
set_D_clean	Set D-clean (Archaea, held-out test split)	current	primary	magicc_v5	MAGICC v5 (released, v0.3.0)	primary	1000	100	True	medium	100	0.1	107	0.7850467289719626	0.7052631578947368	0.8585159051925775	0.84	0.7662220662220662	0.9056824193263974	0.8115942028985507	0.75	0.868421052631579
set_D_clean	Set D-clean (Archaea, held-out test split)	current	primary	checkm2	CheckM2 1.0.1	competitor	1000	100	True	high	13	0.013	71	0.16901408450704225	0.09090909090909091	0.25333333333333335	0.9230769230769231	0.75	1.0	0.2857142857142857	0.1643835616438356	0.4
set_D_clean	Set D-clean (Archaea, held-out test split)	current	primary	checkm2	CheckM2 1.0.1	competitor	1000	100	True	low	887	0.887	386	1.0	1.0	1.0	0.4351747463359639	0.39211773738956796	0.4800478750046917	0.6064414768263944	0.5633398971580468	0.6486923605925113
set_D_clean	Set D-clean (Archaea, held-out test split)	current	primary	checkm2	CheckM2 1.0.1	competitor	1000	100	True	medium	100	0.1	543	0.15101289134438306	0.1213768115942029	0.1820005397853559	0.82	0.7428500707213579	0.8941456582633052	0.25505443234836706	0.21001217410511341	0.29986202804969747
set_D_clean	Set D-clean (Archaea, held-out test split)	current	primary	cocopye	CoCoPyE 0.5.0	competitor	1000	100	True	high	13	0.013	24	0.4583333333333333	0.25	0.6842105263157895	0.8461538461538461	0.6111111111111112	1.0	0.5945945945945945	0.3783783783783784	0.7659574468085106
set_D_clean	Set D-clean (Archaea, held-out test split)	current	primary	cocopye	CoCoPyE 0.5.0	competitor	1000	100	True	low	887	0.887	847	0.9893742621015348	0.9823316346089739	0.9953217740613215	0.9447576099210823	0.9213483146067416	0.964447619047619	0.9665513264129181	0.9543377658721247	0.9768525208734746
set_D_clean	Set D-clean (Archaea, held-out test split)	current	primary	cocopye	CoCoPyE 0.5.0	competitor	1000	100	True	medium	100	0.1	129	0.627906976744186	0.5285613682092556	0.7338728174015982	0.81	0.7272727272727273	0.8866028010114763	0.7074235807860262	0.6307053941908713	0.7796649043694605
set_D_clean	Set D-clean (Archaea, held-out test split)	current	primary	deepcheck	DeepCheck	competitor	1000	100	True	high	13	0.013	118	0.1016949152542373	0.05356802071973828	0.15200434782608693	0.9230769230769231	0.75	1.0	0.18320610687022904	0.10081932773109248	0.26155737704918025
set_D_clean	Set D-clean (Archaea, held-out test split)	current	primary	deepcheck	DeepCheck	competitor	1000	100	True	low	887	0.887	147	0.9931972789115646	0.9784172661870504	1.0	0.16459977452085683	0.13249949295618513	0.1991105292360546	0.28239845261121854	0.23378784101678354	0.33209703958958753
set_D_clean	Set D-clean (Archaea, held-out test split)	current	primary	deepcheck	DeepCheck	competitor	1000	100	True	medium	100	0.1	735	0.11156462585034013	0.09028143984525544	0.1328903712924875	0.82	0.7448979591836735	0.8938159462219195	0.19640718562874251	0.16215543064858132	0.22904551512709462
set_A	Set A v1 (superseded by Set A v2)	legacy_superseded	secondary	magicc_v5	MAGICC v5 (released, v0.3.0)	primary	600	582	True	high	182	0.30333333333333334	183	0.9562841530054644	0.9234595761381476	0.9838709677419355	0.9615384615384616	0.9306286486641935	0.9876543209876543	0.958904109589041	0.9368421052631579	0.9787259073842303
set_A	Set A v1 (superseded by Set A v2)	legacy_superseded	secondary	magicc_v5	MAGICC v5 (released, v0.3.0)	primary	600	582	True	low	0	0.0	4	0.0	0.0	0.0	0.0	0.0	0.0	0.0	0.0	0.0
set_A	Set A v1 (superseded by Set A v2)	legacy_superseded	secondary	magicc_v5	MAGICC v5 (released, v0.3.0)	primary	600	582	True	medium	418	0.6966666666666667	413	0.9854721549636803	0.9722888309654193	0.9953051643192489	0.9736842105263158	0.9571779417056495	0.9880959450288429	0.9795427196149218	0.9694002447980417	0.9888198757763975
set_A	Set A v1 (superseded by Set A v2)	legacy_superseded	secondary	magicc_v3	MAGICC v3 (SUPERSEDED - uses 20 assembly statistics)	superseded	600	582	True	high	182	0.30333333333333334	171	0.9824561403508771	0.9602639599638773	1.0	0.9230769230769231	0.8816492829204693	0.9593023255813954	0.9518413597733711	0.9265527698055991	0.9732628254970723
set_A	Set A v1 (superseded by Set A v2)	legacy_superseded	secondary	magicc_v3	MAGICC v3 (SUPERSEDED - uses 20 assembly statistics)	superseded	600	582	True	low	0	0.0	2	0.0	0.0	0.0	0.0	0.0	0.0	0.0	0.0	0.0
set_A	Set A v1 (superseded by Set A v2)	legacy_superseded	secondary	magicc_v3	MAGICC v3 (SUPERSEDED - uses 20 assembly statistics)	superseded	600	582	True	medium	418	0.6966666666666667	427	0.9718969555035128	0.9551886792452831	0.9863021499672355	0.992822966507177	0.9832124204482567	1.0	0.9822485207100592	0.9724306455794659	0.9906987510766581
set_A	Set A v1 (superseded by Set A v2)	legacy_superseded	secondary	checkm2	CheckM2 1.0.1	competitor	600	582	True	high	182	0.30333333333333334	191	0.9267015706806283	0.8883241980775461	0.9606904525420572	0.9725274725274725	0.9473684210526315	0.9945054945054945	0.9490616621983915	0.9259231783712496	0.9697011207970112
set_A	Set A v1 (superseded by Set A v2)	legacy_superseded	secondary	checkm2	CheckM2 1.0.1	competitor	600	582	True	low	0	0.0	23	0.0	0.0	0.0	0.0	0.0	0.0	0.0	0.0	0.0
set_A	Set A v1 (superseded by Set A v2)	legacy_superseded	secondary	checkm2	CheckM2 1.0.1	competitor	600	582	True	medium	418	0.6966666666666667	386	0.9870466321243523	0.9745534459269511	0.9974427806303404	0.9114832535885168	0.8831745031561573	0.9382459389177201	0.9477611940298507	0.9318146527385658	0.9626912592724998
set_A	Set A v1 (superseded by Set A v2)	legacy_superseded	secondary	cocopye	CoCoPyE 0.5.0	competitor	600	582	True	high	182	0.30333333333333334	176	0.9431818181818182	0.904175658834615	0.975761226725082	0.9120879120879121	0.8687417763157895	0.9523949579831932	0.9273743016759776	0.8975903614457831	0.9529505708917474
set_A	Set A v1 (superseded by Set A v2)	legacy_superseded	secondary	cocopye	CoCoPyE 0.5.0	competitor	600	582	True	low	0	0.0	8	0.0	0.0	0.0	0.0	0.0	0.0	0.0	0.0	0.0
set_A	Set A v1 (superseded by Set A v2)	legacy_superseded	secondary	cocopye	CoCoPyE 0.5.0	competitor	600	582	True	medium	418	0.6966666666666667	416	0.9711538461538461	0.9538834951456311	0.9860147991543341	0.9665071770334929	0.9479843668401813	0.9824615685252734	0.9688249400479617	0.9561928019780823	0.9798828444282989
set_A	Set A v1 (superseded by Set A v2)	legacy_superseded	secondary	deepcheck	DeepCheck	competitor	600	582	True	high	182	0.30333333333333334	194	0.9278350515463918	0.8888759689922481	0.9627659574468085	0.989010989010989	0.9719101123595506	1.0	0.9574468085106383	0.9344251538229853	0.9763788812954983
set_A	Set A v1 (superseded by Set A v2)	legacy_superseded	secondary	deepcheck	DeepCheck	competitor	600	582	True	low	0	0.0	9	0.0	0.0	0.0	0.0	0.0	0.0	0.0	0.0	0.0
set_A	Set A v1 (superseded by Set A v2)	legacy_superseded	secondary	deepcheck	DeepCheck	competitor	600	582	True	medium	418	0.6966666666666667	397	0.9949622166246851	0.9871794871794872	1.0	0.9449760765550239	0.9211194452808134	0.9669050247557874	0.969325153374233	0.9559729687183753	0.9809986006468255
set_B	Set B v1 (superseded by Set B v2)	legacy_superseded	secondary	magicc_v5	MAGICC v5 (released, v0.3.0)	primary	600	588	True	high	103	0.17166666666666666	110	0.8909090909090909	0.8297690489179851	0.944954128440367	0.9514563106796117	0.9047619047619048	0.9897959183673469	0.9201877934272301	0.8799895287958116	0.9557522123893805
set_B	Set B v1 (superseded by Set B v2)	legacy_superseded	secondary	magicc_v5	MAGICC v5 (released, v0.3.0)	primary	600	588	True	low	402	0.67	420	0.9380952380952381	0.9126436781609195	0.9597156398104265	0.9800995024875622	0.965	0.9926117429730512	0.9586374695863747	0.9440203562340967	0.9718499438817677
set_B	Set B v1 (superseded by Set B v2)	legacy_superseded	secondary	magicc_v5	MAGICC v5 (released, v0.3.0)	primary	600	588	True	medium	95	0.15833333333333333	70	0.8571428571428571	0.7704918032786885	0.9342159188955996	0.631578947368421	0.5346394014401441	0.7217512077294685	0.7272727272727273	0.6466974587410544	0.7975478381536664
set_B	Set B v1 (superseded by Set B v2)	legacy_superseded	secondary	magicc_v3	MAGICC v3 (SUPERSEDED - uses 20 assembly statistics)	superseded	600	588	True	high	103	0.17166666666666666	100	0.94	0.8908891108891109	0.9813127379716164	0.912621359223301	0.8585813891123626	0.9622641509433962	0.9261083743842364	0.8878048780487806	0.9619047619047619
set_B	Set B v1 (superseded by Set B v2)	legacy_superseded	secondary	magicc_v3	MAGICC v3 (SUPERSEDED - uses 20 assembly statistics)	superseded	600	588	True	low	402	0.67	432	0.9097222222222222	0.8799954648526077	0.9351245960725827	0.9776119402985075	0.9624060150375939	0.9906845984347692	0.9424460431654677	0.9249362813814197	0.9581865496437996
set_B	Set B v1 (superseded by Set B v2)	legacy_superseded	secondary	magicc_v3	MAGICC v3 (SUPERSEDED - uses 20 assembly statistics)	superseded	600	588	True	medium	95	0.15833333333333333	68	0.7647058823529411	0.6617590497737557	0.864406779661017	0.5473684210526316	0.44680334641602976	0.648936170212766	0.638036809815951	0.5487646793134598	0.7204317771989581
set_B	Set B v1 (superseded by Set B v2)	legacy_superseded	secondary	checkm2	CheckM2 1.0.1	competitor	600	588	True	high	103	0.17166666666666666	166	0.6204819277108434	0.5506244850572991	0.6946156388521658	1.0	1.0	1.0	0.7657992565055762	0.7101970711948903	0.819791370510269
set_B	Set B v1 (superseded by Set B v2)	legacy_superseded	secondary	checkm2	CheckM2 1.0.1	competitor	600	588	True	low	402	0.67	359	0.9442896935933147	0.9199970326409496	0.9665738161559888	0.8432835820895522	0.8074932228915662	0.8775588097834554	0.8909329829172142	0.8662914263154431	0.9134899062759747
set_B	Set B v1 (superseded by Set B v2)	legacy_superseded	secondary	checkm2	CheckM2 1.0.1	competitor	600	588	True	medium	95	0.15833333333333333	75	0.48	0.3661885949845414	0.5942028985507246	0.37894736842105264	0.27883376288659795	0.48001923076923064	0.4235294117647059	0.32256982030742587	0.5161290322580645
set_B	Set B v1 (superseded by Set B v2)	legacy_superseded	secondary	cocopye	CoCoPyE 0.5.0	competitor	600	588	True	high	103	0.17166666666666666	111	0.8738738738738738	0.8095238095238095	0.9327871148459383	0.941747572815534	0.8910846084608461	0.9821468078381794	0.9065420560747663	0.8612440191387559	0.9442068063244891
set_B	Set B v1 (superseded by Set B v2)	legacy_superseded	secondary	cocopye	CoCoPyE 0.5.0	competitor	600	588	True	low	402	0.67	438	0.8972602739726028	0.8653410293628474	0.9246575342465754	0.9776119402985075	0.9621735976789167	0.990523552054825	0.9357142857142857	0.9165603648480362	0.9524998409017247
set_B	Set B v1 (superseded by Set B v2)	legacy_superseded	secondary	cocopye	CoCoPyE 0.5.0	competitor	600	588	True	medium	95	0.15833333333333333	51	0.7647058823529411	0.6363199300699302	0.8775634644101542	0.4105263157894737	0.30432340009770403	0.5164835164835165	0.5342465753424658	0.4201680672268908	0.6266862745098039
set_B	Set B v1 (superseded by Set B v2)	legacy_superseded	secondary	deepcheck	DeepCheck	competitor	600	588	True	high	103	0.17166666666666666	224	0.45535714285714285	0.38982884025090087	0.5205507755009623	0.9902912621359223	0.968421052631579	1.0	0.6238532110091743	0.5594405594405595	0.6832324016563147
set_B	Set B v1 (superseded by Set B v2)	legacy_superseded	secondary	deepcheck	DeepCheck	competitor	600	588	True	low	402	0.67	241	0.995850622406639	0.9865470852017937	1.0	0.5970149253731343	0.549618320610687	0.6446802424975672	0.7465007776049767	0.7086601136778433	0.7831154311569422
set_B	Set B v1 (superseded by Set B v2)	legacy_superseded	secondary	deepcheck	DeepCheck	competitor	600	588	True	medium	95	0.15833333333333333	135	0.18518518518518517	0.12213740458015267	0.25179989341859843	0.2631578947368421	0.17647058823529413	0.35106382978723405	0.21739130434782608	0.14745845552297163	0.2857142857142857
motivating_v2_set_A	Motivating Set A (Table S1a): completeness gradient	motivating	secondary	magicc_v5	MAGICC v5 (released, v0.3.0)	primary	1000	806	True	high	288	0.288	288	0.9409722222222222	0.9115646258503401	0.9670374707259953	0.9409722222222222	0.911660777385159	0.9655172413793104	0.9409722222222222	0.9199282128834189	0.9585585585585585
motivating_v2_set_A	Motivating Set A (Table S1a): completeness gradient	motivating	secondary	magicc_v5	MAGICC v5 (released, v0.3.0)	primary	1000	806	True	low	0	0.0	10	0.0	0.0	0.0	0.0	0.0	0.0	0.0	0.0	0.0
motivating_v2_set_A	Motivating Set A (Table S1a): completeness gradient	motivating	secondary	magicc_v5	MAGICC v5 (released, v0.3.0)	primary	1000	806	True	medium	712	0.712	702	0.9814814814814815	0.9710139923132356	0.990084985835694	0.9676966292134831	0.9532967032967034	0.9805102142947998	0.9745403111739745	0.9655667144906744	0.9826040522765395
motivating_v2_set_A	Motivating Set A (Table S1a): completeness gradient	motivating	secondary	checkm2	CheckM2 1.0.1	competitor	1000	806	True	high	288	0.288	302	0.9337748344370861	0.9049295774647887	0.9616616201533991	0.9791666666666666	0.9616691235593674	0.993243811993812	0.9559322033898305	0.9379550116883737	0.97241685699961
motivating_v2_set_A	Motivating Set A (Table S1a): completeness gradient	motivating	secondary	checkm2	CheckM2 1.0.1	competitor	1000	806	True	low	0	0.0	22	0.0	0.0	0.0	0.0	0.0	0.0	0.0	0.0	0.0
motivating_v2_set_A	Motivating Set A (Table S1a): completeness gradient	motivating	secondary	checkm2	CheckM2 1.0.1	competitor	1000	806	True	medium	712	0.712	676	0.9911242603550295	0.9835814760279321	0.9970973475526387	0.9410112359550562	0.9235101892940771	0.9571658941577955	0.9654178674351586	0.955946634441573	0.9746572047084583
motivating_v2_set_A	Motivating Set A (Table S1a): completeness gradient	motivating	secondary	cocopye	CoCoPyE 0.5.0	competitor	1000	806	True	high	288	0.288	292	0.9246575342465754	0.8931671259008054	0.9542259274601859	0.9375	0.9072792289322731	0.9665579710144928	0.9310344827586208	0.9084733345750295	0.9526916802610114
motivating_v2_set_A	Motivating Set A (Table S1a): completeness gradient	motivating	secondary	cocopye	CoCoPyE 0.5.0	competitor	1000	806	True	low	0	0.0	18	0.0	0.0	0.0	0.0	0.0	0.0	0.0	0.0	0.0
motivating_v2_set_A	Motivating Set A (Table S1a): completeness gradient	motivating	secondary	cocopye	CoCoPyE 0.5.0	competitor	1000	806	True	medium	712	0.712	690	0.9869565217391304	0.9775907223876097	0.9942363112391931	0.9564606741573034	0.9415041782729805	0.9704589918214577	0.9714693295292438	0.9622775800711744	0.9798862009306767
motivating_v2_set_A	Motivating Set A (Table S1a): completeness gradient	motivating	secondary	deepcheck	DeepCheck	competitor	1000	806	True	high	288	0.288	320	0.878125	0.8448817792226984	0.9135812723022024	0.9756944444444444	0.956081081081081	0.9926470588235294	0.9243421052631579	0.9020866773675763	0.945457373109006
motivating_v2_set_A	Motivating Set A (Table S1a): completeness gradient	motivating	secondary	deepcheck	DeepCheck	competitor	1000	806	True	low	0	0.0	23	0.0	0.0	0.0	0.0	0.0	0.0	0.0	0.0	0.0
motivating_v2_set_A	Motivating Set A (Table S1a): completeness gradient	motivating	secondary	deepcheck	DeepCheck	competitor	1000	806	True	medium	712	0.712	657	0.989345509893455	0.9805658236712048	0.9968992248062015	0.9129213483146067	0.8923953475189504	0.9324922083122944	0.9495982468955442	0.9374494145699536	0.9606893686242818
motivating_v2_set_B	Motivating Set B (Table S1b): contamination gradient	motivating	secondary	magicc_v5	MAGICC v5 (released, v0.3.0)	primary	1000	798	True	high	200	0.2	188	1.0	1.0	1.0	0.94	0.9049940476190477	0.9703006877042384	0.9690721649484536	0.9501279527559056	0.9849265075376884
motivating_v2_set_B	Motivating Set B (Table S1b): contamination gradient	motivating	secondary	magicc_v5	MAGICC v5 (released, v0.3.0)	primary	1000	798	True	low	798	0.798	799	0.9937421777221527	0.9876998769987699	0.9987405937613865	0.9949874686716792	0.9899494326980816	0.9987714987714987	0.9943644333124608	0.9905829141435178	0.9975370215524817
motivating_v2_set_B	Motivating Set B (Table S1b): contamination gradient	motivating	secondary	magicc_v5	MAGICC v5 (released, v0.3.0)	primary	1000	798	True	medium	2	0.002	13	0.15384615384615385	0.0	0.375	1.0	0.0	1.0	0.2666666666666667	0.0	0.5454545454545454
motivating_v2_set_B	Motivating Set B (Table S1b): contamination gradient	motivating	secondary	checkm2	CheckM2 1.0.1	competitor	1000	798	True	high	200	0.2	243	0.823045267489712	0.7748083006670793	0.867579908675799	1.0	1.0	1.0	0.9029345372460497	0.8731177337481579	0.9290953545232273
motivating_v2_set_B	Motivating Set B (Table S1b): contamination gradient	motivating	secondary	checkm2	CheckM2 1.0.1	competitor	1000	798	True	low	798	0.798	677	0.9985228951255539	0.9954749422427581	1.0	0.8471177944862155	0.8217295096477253	0.8726126577446981	0.9166101694915254	0.9016666167260959	0.9314173742651862
motivating_v2_set_B	Motivating Set B (Table S1b): contamination gradient	motivating	secondary	checkm2	CheckM2 1.0.1	competitor	1000	798	True	medium	2	0.002	80	0.0	0.0	0.0	0.0	0.0	0.0	0.0	0.0	0.0
motivating_v2_set_B	Motivating Set B (Table S1b): contamination gradient	motivating	secondary	cocopye	CoCoPyE 0.5.0	competitor	1000	798	True	high	200	0.2	198	0.98989898989899	0.9743589743589743	1.0	0.98	0.9599949748743718	0.9953703703703703	0.9849246231155778	0.9720065988559379	0.9951225432157235
motivating_v2_set_B	Motivating Set B (Table S1b): contamination gradient	motivating	secondary	cocopye	CoCoPyE 0.5.0	competitor	1000	798	True	low	798	0.798	786	0.9974554707379135	0.993581101732578	1.0	0.9824561403508771	0.9724638545986749	0.9909703341013825	0.98989898989899	0.9844554545271266	0.994336238414714
motivating_v2_set_B	Motivating Set B (Table S1b): contamination gradient	motivating	secondary	cocopye	CoCoPyE 0.5.0	competitor	1000	798	True	medium	2	0.002	16	0.0625	0.0	0.21428571428571427	0.5	0.0	1.0	0.1111111111111111	0.0	0.3333333333333333
motivating_v2_set_B	Motivating Set B (Table S1b): contamination gradient	motivating	secondary	deepcheck	DeepCheck	competitor	1000	798	True	high	200	0.2	308	0.6493506493506493	0.6	0.7	1.0	1.0	1.0	0.7874015748031497	0.7499999999999999	0.8235294117647058
motivating_v2_set_B	Motivating Set B (Table S1b): contamination gradient	motivating	secondary	deepcheck	DeepCheck	competitor	1000	798	True	low	798	0.798	489	1.0	1.0	1.0	0.6127819548872181	0.5809234174462118	0.6477401210598446	0.7599067599067599	0.734916581834634	0.7862163582842725
motivating_v2_set_B	Motivating Set B (Table S1b): contamination gradient	motivating	secondary	deepcheck	DeepCheck	competitor	1000	798	True	medium	2	0.002	203	0.0	0.0	0.0	0.0	0.0	0.0	0.0	0.0	0.0
motivating_v2_set_C	Motivating Set C (Table S1c): realistic mixture	motivating	secondary	magicc_v5	MAGICC v5 (released, v0.3.0)	primary	1000	773	True	high	44	0.044	51	0.7450980392156863	0.6170212765957447	0.8604651162790697	0.8636363636363636	0.7555442176870748	0.9574902301346069	0.8	0.695629290617849	0.8817204301075268
motivating_v2_set_C	Motivating Set C (Table S1c): realistic mixture	motivating	secondary	magicc_v5	MAGICC v5 (released, v0.3.0)	primary	1000	773	True	low	716	0.716	720	0.9875	0.9790488122623351	0.994689311086796	0.9930167597765364	0.9862434169028855	0.9985994887465476	0.9902506963788301	0.9850533807829182	0.9951154829908979
motivating_v2_set_C	Motivating Set C (Table S1c): realistic mixture	motivating	secondary	magicc_v5	MAGICC v5 (released, v0.3.0)	primary	1000	773	True	medium	240	0.24	229	0.9563318777292577	0.926605504587156	0.9822222222222222	0.9125	0.8754599056603775	0.9471423603060515	0.9339019189765458	0.908675799086758	0.9559754716981133
motivating_v2_set_C	Motivating Set C (Table S1c): realistic mixture	motivating	secondary	checkm2	CheckM2 1.0.1	competitor	1000	773	True	high	44	0.044	73	0.5753424657534246	0.45454545454545453	0.6829268292682927	0.9545454545454546	0.8780487804878049	1.0	0.7179487179487178	0.6133153153153152	0.8029197080291971
motivating_v2_set_C	Motivating Set C (Table S1c): realistic mixture	motivating	secondary	checkm2	CheckM2 1.0.1	competitor	1000	773	True	low	716	0.716	601	0.9933444259567388	0.985907893403587	0.9984051036682615	0.8337988826815642	0.8057122736418512	0.8633299044906694	0.9066059225512529	0.8895655386434166	0.9237968594043777
motivating_v2_set_C	Motivating Set C (Table S1c): realistic mixture	motivating	secondary	checkm2	CheckM2 1.0.1	competitor	1000	773	True	medium	240	0.24	326	0.6595092024539877	0.6082738656915939	0.7138369515799045	0.8958333333333334	0.8523929087116958	0.933579696148524	0.7597173144876325	0.7180405625917883	0.7993019197207679
motivating_v2_set_C	Motivating Set C (Table S1c): realistic mixture	motivating	secondary	cocopye	CoCoPyE 0.5.0	competitor	1000	773	True	high	44	0.044	51	0.7254901960784313	0.6	0.84	0.8409090909090909	0.7073170731707317	0.9545454545454546	0.7789473684210527	0.6746680599950825	0.863667076167076
motivating_v2_set_C	Motivating Set C (Table S1c): realistic mixture	motivating	secondary	cocopye	CoCoPyE 0.5.0	competitor	1000	773	True	low	716	0.716	722	0.9750692520775623	0.9621848739495799	0.9861687413554634	0.9832402234636871	0.9736832980509527	0.9917469050894085	0.9791376912378305	0.9713447471301526	0.986468200270636
motivating_v2_set_C	Motivating Set C (Table S1c): realistic mixture	motivating	secondary	cocopye	CoCoPyE 0.5.0	competitor	1000	773	True	medium	240	0.24	227	0.9295154185022027	0.8967136150234741	0.9594594594594594	0.8791666666666667	0.8333333333333334	0.9207080580029369	0.9036402569593147	0.8742261446815994	0.9309596037170724
motivating_v2_set_C	Motivating Set C (Table S1c): realistic mixture	motivating	secondary	deepcheck	DeepCheck	competitor	1000	773	True	high	44	0.044	98	0.4387755102040816	0.3370755984367367	0.5402298850574713	0.9772727272727273	0.926829268292683	1.0	0.6056338028169014	0.5	0.6963082437275984
motivating_v2_set_C	Motivating Set C (Table S1c): realistic mixture	motivating	secondary	deepcheck	DeepCheck	competitor	1000	773	True	low	716	0.716	462	0.9935064935064936	0.98504113018598	1.0	0.6410614525139665	0.6051501471723084	0.6773397116644823	0.7792869269949068	0.752537725298825	0.8060777858079712
motivating_v2_set_C	Motivating Set C (Table S1c): realistic mixture	motivating	secondary	deepcheck	DeepCheck	competitor	1000	773	True	medium	240	0.24	440	0.4818181818181818	0.43514518627293214	0.5311339284758569	0.8833333333333333	0.8418491957791211	0.9218266565885613	0.6235294117647059	0.5791755793226382	0.6676062444028332
motivating_set_A	Motivating Set A v1 (superseded)	legacy_superseded	secondary	magicc_v5	MAGICC v5 (released, v0.3.0)	primary	600	585	True	high	184	0.30666666666666664	164	0.9695121951219512	0.9404761904761905	0.9935897435897436	0.8641304347826086	0.8107991612301958	0.9132660434115842	0.9137931034482758	0.8792535637736876	0.9432863981976909
motivating_set_A	Motivating Set A v1 (superseded)	legacy_superseded	secondary	magicc_v5	MAGICC v5 (released, v0.3.0)	primary	600	585	True	low	0	0.0	8	0.0	0.0	0.0	0.0	0.0	0.0	0.0	0.0	0.0
motivating_set_A	Motivating Set A v1 (superseded)	legacy_superseded	secondary	magicc_v5	MAGICC v5 (released, v0.3.0)	primary	600	585	True	medium	416	0.6933333333333334	428	0.955607476635514	0.9330107544745703	0.9756735075284743	0.9831730769230769	0.9703703703703703	0.9931357933310051	0.9691943127962085	0.9556880328013923	0.980677013933442
motivating_set_A	Motivating Set A v1 (superseded)	legacy_superseded	secondary	checkm2	CheckM2 1.0.1	competitor	600	585	True	high	184	0.30666666666666664	190	0.9526315789473684	0.9197450412497806	0.9816191682122983	0.9836956521739131	0.9633507853403142	1.0	0.9679144385026737	0.9476584022038568	0.9855093346698408
motivating_set_A	Motivating Set A v1 (superseded)	legacy_superseded	secondary	checkm2	CheckM2 1.0.1	competitor	600	585	True	low	0	0.0	13	0.0	0.0	0.0	0.0	0.0	0.0	0.0	0.0	0.0
motivating_set_A	Motivating Set A v1 (superseded)	legacy_superseded	secondary	checkm2	CheckM2 1.0.1	competitor	600	585	True	medium	416	0.6933333333333334	397	0.9924433249370277	0.9826721924673857	1.0	0.9471153846153846	0.9232612514639451	0.9680620393120393	0.9692496924969249	0.9559898356168596	0.9807950804793932
motivating_set_A	Motivating Set A v1 (superseded)	legacy_superseded	secondary	cocopye	CoCoPyE 0.5.0	competitor	600	585	True	high	184	0.30666666666666664	165	0.9696969696969697	0.9408284023668639	0.9937897783912276	0.8695652173913043	0.8115923059412703	0.9190751445086706	0.9169054441260746	0.8819839977088443	0.9467787114845938
motivating_set_A	Motivating Set A v1 (superseded)	legacy_superseded	secondary	cocopye	CoCoPyE 0.5.0	competitor	600	585	True	low	0	0.0	11	0.0	0.0	0.0	0.0	0.0	0.0	0.0	0.0	0.0
motivating_set_A	Motivating Set A v1 (superseded)	legacy_superseded	secondary	cocopye	CoCoPyE 0.5.0	competitor	600	585	True	medium	416	0.6933333333333334	424	0.9669811320754716	0.9474938971894378	0.9837237499328643	0.9855769230769231	0.9733640012694235	0.9952830188679245	0.976190476190476	0.9649112535436953	0.9863425347112502
motivating_set_A	Motivating Set A v1 (superseded)	legacy_superseded	secondary	deepcheck	DeepCheck	competitor	600	585	True	high	184	0.30666666666666664	182	0.945054945054945	0.9086013824884792	0.9751575856343397	0.9347826086956522	0.8906230565920398	0.9709344333915848	0.9398907103825138	0.9115264047140303	0.9639917607784644
motivating_set_A	Motivating Set A v1 (superseded)	legacy_superseded	secondary	deepcheck	DeepCheck	competitor	600	585	True	low	0	0.0	14	0.0	0.0	0.0	0.0	0.0	0.0	0.0	0.0	0.0
motivating_set_A	Motivating Set A v1 (superseded)	legacy_superseded	secondary	deepcheck	DeepCheck	competitor	600	585	True	medium	416	0.6933333333333334	404	0.9702970297029703	0.9492353495821547	0.9874055415617129	0.9423076923076923	0.9179874467064151	0.9630609620966673	0.9560975609756097	0.9401698513800425	0.9696969696969696
motivating_set_B	Motivating Set B v1 (superseded)	legacy_superseded	secondary	magicc_v5	MAGICC v5 (released, v0.3.0)	primary	1100	1031	True	high	197	0.17909090909090908	193	0.9378238341968912	0.9026992376992377	0.9684251860016533	0.9187817258883249	0.8786400752006286	0.9538461538461539	0.9282051282051282	0.9007972713108656	0.9526257072001437
motivating_set_B	Motivating Set B v1 (superseded)	legacy_superseded	secondary	magicc_v5	MAGICC v5 (released, v0.3.0)	primary	1100	1031	True	low	807	0.7336363636363636	808	0.9715346534653465	0.959493670886076	0.9827373612823674	0.9727385377942999	0.9612478762135923	0.9829481434722951	0.9721362229102167	0.9636580079433213	0.9798103132216874
motivating_set_B	Motivating Set B v1 (superseded)	legacy_superseded	secondary	magicc_v5	MAGICC v5 (released, v0.3.0)	primary	1100	1031	True	medium	96	0.08727272727272728	99	0.6464646464646465	0.546389366170294	0.7378640776699029	0.6666666666666666	0.5714285714285714	0.7628865979381443	0.6564102564102564	0.5772983626440268	0.7317152877411126
motivating_set_B	Motivating Set B v1 (superseded)	legacy_superseded	secondary	checkm2	CheckM2 1.0.1	competitor	1100	1031	True	high	197	0.17909090909090908	295	0.5932203389830508	0.5384493670886076	0.6484427787162161	0.8883248730964467	0.8418188537097082	0.9319419108763118	0.7113821138211381	0.6666666666666667	0.7548852882076357
motivating_set_B	Motivating Set B v1 (superseded)	legacy_superseded	secondary	checkm2	CheckM2 1.0.1	competitor	1100	1031	True	low	807	0.7336363636363636	642	0.9719626168224299	0.9591836734693877	0.9841778401023857	0.7732342007434945	0.7430334538878842	0.8010271560236997	0.8612836438923397	0.8421807005904008	0.8792566091938439
motivating_set_B	Motivating Set B v1 (superseded)	legacy_superseded	secondary	checkm2	CheckM2 1.0.1	competitor	1100	1031	True	medium	96	0.08727272727272728	163	0.2147239263803681	0.15243599580035536	0.2795155279503105	0.3645833333333333	0.2660526058949834	0.46668224299065414	0.2702702702702703	0.198259676979692	0.3399249491926837
motivating_set_B	Motivating Set B v1 (superseded)	legacy_superseded	secondary	cocopye	CoCoPyE 0.5.0	competitor	1100	1031	True	high	197	0.17909090909090908	175	0.9142857142857143	0.8695590415019763	0.9526681433749496	0.8121827411167513	0.7562129543669214	0.8680230936576114	0.8602150537634409	0.8198706852662662	0.8969359331476322
motivating_set_B	Motivating Set B v1 (superseded)	legacy_superseded	secondary	cocopye	CoCoPyE 0.5.0	competitor	1100	1031	True	low	807	0.7336363636363636	814	0.9557739557739557	0.9403162324795026	0.9690109855215021	0.9640644361833953	0.9509192795660706	0.9765721331689272	0.9599012954966071	0.9496372997448687	0.9697346084158734
motivating_set_B	Motivating Set B v1 (superseded)	legacy_superseded	secondary	cocopye	CoCoPyE 0.5.0	competitor	1100	1031	True	medium	96	0.08727272727272728	111	0.45045045045045046	0.3564230575599933	0.5431369731800765	0.5208333333333334	0.41858257285840456	0.6190806878306877	0.48309178743961356	0.39774868550991543	0.5627789686042113
motivating_set_B	Motivating Set B v1 (superseded)	legacy_superseded	secondary	deepcheck	DeepCheck	competitor	1100	1031	True	high	197	0.17909090909090908	404	0.4777227722772277	0.430339552238806	0.5275861636272378	0.9796954314720813	0.9556622879036673	0.9951456310679612	0.6422628951747088	0.5966087083576855	0.6866691792294806
motivating_set_B	Motivating Set B v1 (superseded)	legacy_superseded	secondary	deepcheck	DeepCheck	competitor	1100	1031	True	low	807	0.7336363636363636	421	1.0	1.0	1.0	0.5216852540272615	0.4865509152183969	0.5551285625774474	0.6856677524429967	0.6546037679425838	0.7139326946131386
motivating_set_B	Motivating Set B v1 (superseded)	legacy_superseded	secondary	deepcheck	DeepCheck	competitor	1100	1031	True	medium	96	0.08727272727272728	275	0.08727272727272728	0.05555555555555555	0.11985050792673542	0.25	0.16345663265306123	0.337540760869565	0.1293800539083558	0.08333333333333333	0.17526225357207448
