set	set_label	status	tier	tool	tool_label	tool_role	n	n_clusters	clustered_bootstrap	mimag_class	support_true	support_true_frac	n_predicted	precision	precision_ci_lo	precision_ci_hi	recall	recall_ci_lo	recall_ci_hi	f1	f1_ci_lo	f1_ci_hi	macro_f1	macro_f1_ci_lo	macro_f1_ci_hi	accuracy	balanced_accuracy	cohen_kappa	class_balance_true
set_A_v2	Set A (completeness gradient, 0% contamination)	current	primary	magicc_v5	MAGICC v5 (released, v0.3.0)	primary	1000	798	True	high	276	0.276	269	0.9368029739776952	0.9063612947714276	0.9632386608489548	0.9130434782608696	0.876247050893158	0.946503628310244	0.9247706422018348	0.8997979876860857	0.9467685840862315	0.6328182842427168	0.6224768263485305	0.6425996990608662	0.955	0.9420189766994956	0.8887449440757919	"{""high"": 276, ""medium"": 724, ""low"": 0}"
set_A_v2	Set A (completeness gradient, 0% contamination)	current	primary	magicc_v5	MAGICC v5 (released, v0.3.0)	primary	1000	798	True	low	0	0.0	11	0.0	0.0	0.0	0.0	0.0	0.0	0.0	0.0	0.0	0.6328182842427168	0.6224768263485305	0.6425996990608662	0.955	0.9420189766994956	0.8887449440757919	"{""high"": 276, ""medium"": 724, ""low"": 0}"
set_A_v2	Set A (completeness gradient, 0% contamination)	current	primary	magicc_v5	MAGICC v5 (released, v0.3.0)	primary	1000	798	True	medium	724	0.724	720	0.9763888888888888	0.9645283141355576	0.9872168144797836	0.9709944751381216	0.9574168965189273	0.9826678191489362	0.9736842105263156	0.9645086815656478	0.9820692127054752	0.6328182842427168	0.6224768263485305	0.6425996990608662	0.955	0.9420189766994956	0.8887449440757919	"{""high"": 276, ""medium"": 724, ""low"": 0}"
set_A_v2	Set A (completeness gradient, 0% contamination)	current	primary	checkm2	CheckM2 1.0.1	competitor	1000	798	True	high	276	0.276	299	0.903010033444816	0.8668828019075226	0.9342116645419778	0.9782608695652174	0.9594582128253716	0.9930313588850174	0.9391304347826088	0.916057697665348	0.9577476220962136	0.6328344024708957	0.6222418172612343	0.6415118729672281	0.943	0.9539094403074706	0.8661594815440968	"{""high"": 276, ""medium"": 724, ""low"": 0}"
set_A_v2	Set A (completeness gradient, 0% contamination)	current	primary	checkm2	CheckM2 1.0.1	competitor	1000	798	True	low	0	0.0	22	0.0	0.0	0.0	0.0	0.0	0.0	0.0	0.0	0.0	0.6328344024708957	0.6222418172612343	0.6415118729672281	0.943	0.9539094403074706	0.8661594815440968	"{""high"": 276, ""medium"": 724, ""low"": 0}"
set_A_v2	Set A (completeness gradient, 0% contamination)	current	primary	checkm2	CheckM2 1.0.1	competitor	1000	798	True	medium	724	0.724	679	0.9911634756995582	0.9836059456814288	0.9971056439942112	0.9295580110497238	0.9100654362416108	0.9470016315717664	0.9593727726300784	0.9481165600568586	0.969264856767784	0.6328344024708957	0.6222418172612343	0.6415118729672281	0.943	0.9539094403074706	0.8661594815440968	"{""high"": 276, ""medium"": 724, ""low"": 0}"
set_A_v2	Set A (completeness gradient, 0% contamination)	current	primary	cocopye	CoCoPyE 0.5.0	competitor	1000	798	True	high	276	0.276	277	0.9061371841155236	0.8709561383151544	0.9391665535035308	0.9094202898550724	0.8710743536006789	0.9440298507462688	0.9077757685352622	0.8786721756459593	0.9326290480663209	0.6254284052337041	0.6135644846812917	0.6361775620659892	0.943	0.932610697413724	0.8620282333804534	"{""high"": 276, ""medium"": 724, ""low"": 0}"
set_A_v2	Set A (completeness gradient, 0% contamination)	current	primary	cocopye	CoCoPyE 0.5.0	competitor	1000	798	True	low	0	0.0	18	0.0	0.0	0.0	0.0	0.0	0.0	0.0	0.0	0.0	0.6254284052337041	0.6135644846812917	0.6361775620659892	0.943	0.932610697413724	0.8620282333804534	"{""high"": 276, ""medium"": 724, ""low"": 0}"
set_A_v2	Set A (completeness gradient, 0% contamination)	current	primary	cocopye	CoCoPyE 0.5.0	competitor	1000	798	True	medium	724	0.724	705	0.9815602836879432	0.9696092619392184	0.9915495929161466	0.9558011049723756	0.94019324837028	0.9700434267858355	0.9685094471658502	0.9586305278174038	0.9774353813727198	0.6254284052337041	0.6135644846812917	0.6361775620659892	0.943	0.932610697413724	0.8620282333804534	"{""high"": 276, ""medium"": 724, ""low"": 0}"
set_A_v2	Set A (completeness gradient, 0% contamination)	current	primary	deepcheck	DeepCheck	competitor	1000	798	True	high	276	0.276	301	0.8970099667774086	0.860757534192891	0.928577207582062	0.9782608695652174	0.9601413043478262	0.9929595867890268	0.9358752166377816	0.914930861863754	0.9543729571075978	0.6300099814771594	0.6198400051015385	0.6389723346438645	0.936	0.9490751861638242	0.8512997332688966	"{""high"": 276, ""medium"": 724, ""low"": 0}"
set_A_v2	Set A (completeness gradient, 0% contamination)	current	primary	deepcheck	DeepCheck	competitor	1000	798	True	low	0	0.0	27	0.0	0.0	0.0	0.0	0.0	0.0	0.0	0.0	0.0	0.6300099814771594	0.6198400051015385	0.6389723346438645	0.936	0.9490751861638242	0.8512997332688966	"{""high"": 276, ""medium"": 724, ""low"": 0}"
set_A_v2	Set A (completeness gradient, 0% contamination)	current	primary	deepcheck	DeepCheck	competitor	1000	798	True	medium	724	0.724	672	0.9910714285714286	0.98328203864855	0.997093023255814	0.919889502762431	0.8991596638655462	0.9389251157122648	0.9541547277936964	0.9427284125801768	0.9647394590042332	0.6300099814771594	0.6198400051015385	0.6389723346438645	0.936	0.9490751861638242	0.8512997332688966	"{""high"": 276, ""medium"": 724, ""low"": 0}"
set_B_v2	Set B (contamination gradient, 100% completeness)	current	primary	magicc_v5	MAGICC v5 (released, v0.3.0)	primary	1000	803	True	high	200	0.2	190	1.0	1.0	1.0	0.95	0.917865680561781	0.9767441860465116	0.9743589743589745	0.9571741014598736	0.988235294117647	0.7782894612162905	0.6544876115339425	0.8968269266672735	0.989	0.9829156223893064	0.9659214830970556	"{""high"": 200, ""medium"": 2, ""low"": 798}"
set_B_v2	Set B (contamination gradient, 100% completeness)	current	primary	magicc_v5	MAGICC v5 (released, v0.3.0)	primary	1000	803	True	low	798	0.798	801	0.9950062421972534	0.9898212338370465	0.9987700254766676	0.9987468671679198	0.9960884014622798	1.0	0.9968730456535334	0.9937260797171784	0.9993667078059236	0.7782894612162905	0.6544876115339425	0.8968269266672735	0.989	0.9829156223893064	0.9659214830970556	"{""high"": 200, ""medium"": 2, ""low"": 798}"
set_B_v2	Set B (contamination gradient, 100% completeness)	current	primary	magicc_v5	MAGICC v5 (released, v0.3.0)	primary	1000	803	True	medium	2	0.002	9	0.2222222222222222	0.0	0.5555555555555556	1.0	0.0	1.0	0.3636363636363636	0.0	0.7142857142857143	0.7782894612162905	0.6544876115339425	0.8968269266672735	0.989	0.9829156223893064	0.9659214830970556	"{""high"": 200, ""medium"": 2, ""low"": 798}"
set_B_v2	Set B (contamination gradient, 100% completeness)	current	primary	checkm2	CheckM2 1.0.1	competitor	1000	803	True	high	200	0.2	257	0.7782101167315175	0.7297297297297297	0.8269266917293232	1.0	1.0	1.0	0.8752735229759301	0.8437499999999999	0.9052653238033356	0.5983669477860973	0.5801115296969159	0.6186411260014377	0.852	0.7719298245614036	0.6549457005768002	"{""high"": 200, ""medium"": 2, ""low"": 798}"
set_B_v2	Set B (contamination gradient, 100% completeness)	current	primary	checkm2	CheckM2 1.0.1	competitor	1000	803	True	low	798	0.798	651	1.0	1.0	1.0	0.8157894736842105	0.7890615472560976	0.8435603322975743	0.898550724637681	0.8820954745299053	0.9151426369088028	0.5983669477860973	0.5801115296969159	0.6186411260014377	0.852	0.7719298245614036	0.6549457005768002	"{""high"": 200, ""medium"": 2, ""low"": 798}"
set_B_v2	Set B (contamination gradient, 100% completeness)	current	primary	checkm2	CheckM2 1.0.1	competitor	1000	803	True	medium	2	0.002	92	0.0108695652173913	0.0	0.0348837209302325	0.5	0.0	1.0	0.0212765957446808	0.0	0.0666666666666666	0.5983669477860973	0.5801115296969159	0.6186411260014377	0.852	0.7719298245614036	0.6549457005768002	"{""high"": 200, ""medium"": 2, ""low"": 798}"
set_B_v2	Set B (contamination gradient, 100% completeness)	current	primary	cocopye	CoCoPyE 0.5.0	competitor	1000	803	True	high	200	0.2	198	0.9949494949494948	0.983331005586592	1.0	0.985	0.9658536585365852	1.0	0.9899497487437188	0.978412040343512	0.9976798143851509	0.7348654044633944	0.6590102538803926	0.8211090324589406	0.985	0.9899874686716792	0.9549738848532148	"{""high"": 200, ""medium"": 2, ""low"": 798}"
set_B_v2	Set B (contamination gradient, 100% completeness)	current	primary	cocopye	CoCoPyE 0.5.0	competitor	1000	803	True	low	798	0.798	786	1.0	1.0	1.0	0.9849624060150376	0.9763077462593516	0.9926742160278744	0.9924242424242424	0.9880118600813684	0.9963236419108648	0.7348654044633944	0.6590102538803926	0.8211090324589406	0.985	0.9899874686716792	0.9549738848532148	"{""high"": 200, ""medium"": 2, ""low"": 798}"
set_B_v2	Set B (contamination gradient, 100% completeness)	current	primary	cocopye	CoCoPyE 0.5.0	competitor	1000	803	True	medium	2	0.002	16	0.125	0.0	0.3125	1.0	0.0	1.0	0.2222222222222222	0.0	0.4761904761904761	0.7348654044633944	0.6590102538803926	0.8211090324589406	0.985	0.9899874686716792	0.9549738848532148	"{""high"": 200, ""medium"": 2, ""low"": 798}"
set_B_v2	Set B (contamination gradient, 100% completeness)	current	primary	deepcheck	DeepCheck	competitor	1000	803	True	high	200	0.2	328	0.6067073170731707	0.5555555555555556	0.658703298923625	0.995	0.9832354890635356	1.0	0.7537878787878788	0.7125463659147869	0.7934230386384484	0.4990316551340173	0.4804185525681625	0.51745051977773	0.671	0.5288262322472849	0.4097002928173623	"{""high"": 200, ""medium"": 2, ""low"": 798}"
set_B_v2	Set B (contamination gradient, 100% completeness)	current	primary	deepcheck	DeepCheck	competitor	1000	803	True	low	798	0.798	472	1.0	1.0	1.0	0.5914786967418546	0.5578114309451666	0.6248500922509225	0.7433070866141732	0.7161475640948181	0.7691172188901181	0.4990316551340173	0.4804185525681625	0.51745051977773	0.671	0.5288262322472849	0.4097002928173623	"{""high"": 200, ""medium"": 2, ""low"": 798}"
set_B_v2	Set B (contamination gradient, 100% completeness)	current	primary	deepcheck	DeepCheck	competitor	1000	803	True	medium	2	0.002	200	0.0	0.0	0.0	0.0	0.0	0.0	0.0	0.0	0.0	0.4990316551340173	0.4804185525681625	0.51745051977773	0.671	0.5288262322472849	0.4097002928173623	"{""high"": 200, ""medium"": 2, ""low"": 798}"
set_C_clean	Set C-clean (Patescibacteriota, held-out test split)	current	primary	magicc_v5	MAGICC v5 (released, v0.3.0)	primary	1000	100	True	high	30	0.03	23	0.6521739130434783	0.4583333333333333	0.8421052631578947	0.5	0.3103448275862069	0.700092592592592	0.5660377358490566	0.3829787234042553	0.7170253537735846	0.6921733720000319	0.621496971189545	0.7556123933384992	0.93	0.6636507936507936	0.5937318630295998	"{""high"": 30, ""medium"": 70, ""low"": 900}"
set_C_clean	Set C-clean (Patescibacteriota, held-out test split)	current	primary	magicc_v5	MAGICC v5 (released, v0.3.0)	primary	1000	100	True	low	900	0.9	914	0.9617067833698032	0.947198186952316	0.9746703001797976	0.9766666666666668	0.9650254071427288	0.986637713437268	0.9691289966923924	0.9601769911504424	0.976998904709748	0.6921733720000319	0.621496971189545	0.7556123933384992	0.93	0.6636507936507936	0.5937318630295998	"{""high"": 30, ""medium"": 70, ""low"": 900}"
set_C_clean	Set C-clean (Patescibacteriota, held-out test split)	current	primary	magicc_v5	MAGICC v5 (released, v0.3.0)	primary	1000	100	True	medium	70	0.07	63	0.5714285714285714	0.4426229508196721	0.7031698258196719	0.5142857142857142	0.4025324675324677	0.6323529411764706	0.5413533834586466	0.4339465408805031	0.6424653312788904	0.6921733720000319	0.621496971189545	0.7556123933384992	0.93	0.6636507936507936	0.5937318630295998	"{""high"": 30, ""medium"": 70, ""low"": 900}"
set_C_clean	Set C-clean (Patescibacteriota, held-out test split)	current	primary	checkm2	CheckM2 1.0.1	competitor	1000	100	True	high	30	0.03	161	0.186335403726708	0.1271529962683837	0.2576735347455338	1.0	1.0	1.0	0.3141361256544502	0.2256179775280899	0.4097621951219511	0.263456491102284	0.2259792803827899	0.3031863815501598	0.271	0.5938624338624339	0.0476314895618321	"{""high"": 30, ""medium"": 70, ""low"": 900}"
set_C_clean	Set C-clean (Patescibacteriota, held-out test split)	current	primary	checkm2	CheckM2 1.0.1	competitor	1000	100	True	low	900	0.9	206	0.9805825242718448	0.9597989949748744	0.9954954954954957	0.2244444444444444	0.192863739698778	0.2559044944450049	0.3652802893309222	0.3223360723317764	0.4059356891315284	0.263456491102284	0.2259792803827899	0.3031863815501598	0.271	0.5938624338624339	0.0476314895618321	"{""high"": 30, ""medium"": 70, ""low"": 900}"
set_C_clean	Set C-clean (Patescibacteriota, held-out test split)	current	primary	checkm2	CheckM2 1.0.1	competitor	1000	100	True	medium	70	0.07	633	0.0616113744075829	0.0432098765432098	0.0809534935469514	0.5571428571428572	0.4358974358974359	0.6764705882352942	0.1109530583214793	0.0789427418757865	0.1442447920242787	0.263456491102284	0.2259792803827899	0.3031863815501598	0.271	0.5938624338624339	0.0476314895618321	"{""high"": 30, ""medium"": 70, ""low"": 900}"
set_C_clean	Set C-clean (Patescibacteriota, held-out test split)	current	primary	cocopye	CoCoPyE 0.5.0	competitor	1000	100	True	high	30	0.03	0	0.0	0.0	0.0	0.0	0.0	0.0	0.0	0.0	0.0	0.4153741583978249	0.3902614061544698	0.440244997459827	0.802	0.5253968253968254	0.3154473793389573	"{""high"": 30, ""medium"": 70, ""low"": 900}"
set_C_clean	Set C-clean (Patescibacteriota, held-out test split)	current	primary	cocopye	CoCoPyE 0.5.0	competitor	1000	100	True	low	900	0.9	772	0.9715025906735753	0.9597394272394272	0.9823958769640536	0.8333333333333334	0.8085538456959162	0.8573009157861504	0.8971291866028708	0.8814579447239541	0.9117647058823528	0.4153741583978249	0.3902614061544698	0.440244997459827	0.802	0.5253968253968254	0.3154473793389573	"{""high"": 30, ""medium"": 70, ""low"": 900}"
set_C_clean	Set C-clean (Patescibacteriota, held-out test split)	current	primary	cocopye	CoCoPyE 0.5.0	competitor	1000	100	True	medium	70	0.07	228	0.2280701754385964	0.1787196048632219	0.2815136248674227	0.7428571428571429	0.64	0.8387419354838708	0.348993288590604	0.2835074886799024	0.414013297575148	0.4153741583978249	0.3902614061544698	0.440244997459827	0.802	0.5253968253968254	0.3154473793389573	"{""high"": 30, ""medium"": 70, ""low"": 900}"
set_C_clean	Set C-clean (Patescibacteriota, held-out test split)	current	primary	deepcheck	DeepCheck	competitor	1000	100	True	high	30	0.03	39	0.2307692307692307	0.1052631578947368	0.4	0.3	0.1428571428571428	0.472321428571428	0.2608695652173913	0.1230303030303031	0.3947449642625081	0.2430781999547576	0.1946436158893258	0.289023169511912	0.25	0.4132275132275131	0.0213859784182987	"{""high"": 30, ""medium"": 70, ""low"": 900}"
set_C_clean	Set C-clean (Patescibacteriota, held-out test split)	current	primary	deepcheck	DeepCheck	competitor	1000	100	True	low	900	0.9	199	0.9547738693467336	0.9259173126614988	0.9793840867036744	0.2111111111111111	0.1800214050493962	0.2425292097502706	0.3457688808007279	0.3025155868799132	0.3870431722874725	0.2430781999547576	0.1946436158893258	0.289023169511912	0.25	0.4132275132275131	0.0213859784182987	"{""high"": 30, ""medium"": 70, ""low"": 900}"
set_C_clean	Set C-clean (Patescibacteriota, held-out test split)	current	primary	deepcheck	DeepCheck	competitor	1000	100	True	medium	70	0.07	762	0.0669291338582677	0.0500625802310654	0.084338890087203	0.7285714285714285	0.6031746031746031	0.8472281073446327	0.1225961538461538	0.0932916379078391	0.1525474293111119	0.2430781999547576	0.1946436158893258	0.289023169511912	0.25	0.4132275132275131	0.0213859784182987	"{""high"": 30, ""medium"": 70, ""low"": 900}"
set_D_clean	Set D-clean (Archaea, held-out test split)	current	primary	magicc_v5	MAGICC v5 (released, v0.3.0)	primary	1000	100	True	high	13	0.013	15	0.5333333333333333	0.2665789473684212	0.7857142857142857	0.6153846153846154	0.3333333333333333	0.875	0.5714285714285715	0.3	0.7741935483870969	0.7881086301581437	0.6918071596964399	0.8643865982774709	0.958	0.8105697684502644	0.8003033487226545	"{""high"": 13, ""medium"": 100, ""low"": 887}"
set_D_clean	Set D-clean (Archaea, held-out test split)	current	primary	magicc_v5	MAGICC v5 (released, v0.3.0)	primary	1000	100	True	low	887	0.887	878	0.9863325740318908	0.9771923706376916	0.994279176201373	0.9763246899661782	0.9671574178935448	0.9852113057997234	0.9813031161473088	0.975414522584334	0.9870572011427008	0.7881086301581437	0.6918071596964399	0.8643865982774709	0.958	0.8105697684502644	0.8003033487226545	"{""high"": 13, ""medium"": 100, ""low"": 887}"
set_D_clean	Set D-clean (Archaea, held-out test split)	current	primary	magicc_v5	MAGICC v5 (released, v0.3.0)	primary	1000	100	True	medium	100	0.1	107	0.7850467289719626	0.7052631578947368	0.8585159051925775	0.84	0.7662220662220662	0.9056824193263974	0.8115942028985507	0.75	0.868421052631579	0.7881086301581437	0.6918071596964399	0.8643865982774709	0.958	0.8105697684502644	0.8003033487226545	"{""high"": 13, ""medium"": 100, ""low"": 887}"
set_D_clean	Set D-clean (Archaea, held-out test split)	current	primary	checkm2	CheckM2 1.0.1	competitor	1000	100	True	high	13	0.013	71	0.1690140845070422	0.0909090909090909	0.2533333333333333	0.9230769230769232	0.75	1.0	0.2857142857142857	0.1643835616438356	0.4	0.382403398296349	0.3300593885696784	0.4319222787900409	0.48	0.7260838898042957	0.1367790237302765	"{""high"": 13, ""medium"": 100, ""low"": 887}"
set_D_clean	Set D-clean (Archaea, held-out test split)	current	primary	checkm2	CheckM2 1.0.1	competitor	1000	100	True	low	887	0.887	386	1.0	1.0	1.0	0.4351747463359639	0.3921177373895679	0.4800478750046917	0.6064414768263944	0.5633398971580468	0.6486923605925113	0.382403398296349	0.3300593885696784	0.4319222787900409	0.48	0.7260838898042957	0.1367790237302765	"{""high"": 13, ""medium"": 100, ""low"": 887}"
set_D_clean	Set D-clean (Archaea, held-out test split)	current	primary	checkm2	CheckM2 1.0.1	competitor	1000	100	True	medium	100	0.1	543	0.151012891344383	0.1213768115942029	0.1820005397853559	0.82	0.7428500707213579	0.8941456582633052	0.255054432348367	0.2100121741051134	0.2998620280496974	0.382403398296349	0.3300593885696784	0.4319222787900409	0.48	0.7260838898042957	0.1367790237302765	"{""high"": 13, ""medium"": 100, ""low"": 887}"
set_D_clean	Set D-clean (Archaea, held-out test split)	current	primary	cocopye	CoCoPyE 0.5.0	competitor	1000	100	True	high	13	0.013	24	0.4583333333333333	0.25	0.6842105263157895	0.8461538461538461	0.6111111111111112	1.0	0.5945945945945945	0.3783783783783784	0.7659574468085106	0.7561898339311796	0.6744287934471461	0.8249652580416906	0.93	0.8669704853583095	0.7027588227550863	"{""high"": 13, ""medium"": 100, ""low"": 887}"
set_D_clean	Set D-clean (Archaea, held-out test split)	current	primary	cocopye	CoCoPyE 0.5.0	competitor	1000	100	True	low	887	0.887	847	0.9893742621015348	0.982331634608974	0.9953217740613216	0.9447576099210824	0.9213483146067416	0.964447619047619	0.966551326412918	0.9543377658721248	0.9768525208734746	0.7561898339311796	0.6744287934471461	0.8249652580416906	0.93	0.8669704853583095	0.7027588227550863	"{""high"": 13, ""medium"": 100, ""low"": 887}"
set_D_clean	Set D-clean (Archaea, held-out test split)	current	primary	cocopye	CoCoPyE 0.5.0	competitor	1000	100	True	medium	100	0.1	129	0.627906976744186	0.5285613682092556	0.7338728174015982	0.81	0.7272727272727273	0.8866028010114763	0.7074235807860262	0.6307053941908713	0.7796649043694605	0.7561898339311796	0.6744287934471461	0.8249652580416906	0.93	0.8669704853583095	0.7027588227550863	"{""high"": 13, ""medium"": 100, ""low"": 887}"
set_D_clean	Set D-clean (Archaea, held-out test split)	current	primary	deepcheck	DeepCheck	competitor	1000	100	True	high	13	0.013	118	0.1016949152542373	0.0535680207197382	0.1520043478260869	0.9230769230769232	0.75	1.0	0.183206106870229	0.1008193277310924	0.2615573770491802	0.2206705817033967	0.184171407721895	0.2550736124821947	0.24	0.6358922325325933	0.0435162356826336	"{""high"": 13, ""medium"": 100, ""low"": 887}"
set_D_clean	Set D-clean (Archaea, held-out test split)	current	primary	deepcheck	DeepCheck	competitor	1000	100	True	low	887	0.887	147	0.9931972789115646	0.9784172661870504	1.0	0.1645997745208568	0.1324994929561851	0.1991105292360546	0.2823984526112185	0.2337878410167835	0.3320970395895875	0.2206705817033967	0.184171407721895	0.2550736124821947	0.24	0.6358922325325933	0.0435162356826336	"{""high"": 13, ""medium"": 100, ""low"": 887}"
set_D_clean	Set D-clean (Archaea, held-out test split)	current	primary	deepcheck	DeepCheck	competitor	1000	100	True	medium	100	0.1	735	0.1115646258503401	0.0902814398452554	0.1328903712924875	0.82	0.7448979591836735	0.8938159462219195	0.1964071856287425	0.1621554306485813	0.2290455151270946	0.2206705817033967	0.184171407721895	0.2550736124821947	0.24	0.6358922325325933	0.0435162356826336	"{""high"": 13, ""medium"": 100, ""low"": 887}"
set_E	Set E (realistic mixture)	current	primary	magicc_v5	MAGICC v5 (released, v0.3.0)	primary	1000	785	True	high	66	0.066	63	0.8412698412698413	0.7460250201775626	0.9272727272727272	0.803030303030303	0.7049180327868853	0.896564401622718	0.8217054263565892	0.7460084033613444	0.8889269406392692	0.9031822643838714	0.8713204325308644	0.9325834721434446	0.954	0.9038294776205958	0.8947491253881126	"{""high"": 66, ""medium"": 215, ""low"": 719}"
set_E	Set E (realistic mixture)	current	primary	magicc_v5	MAGICC v5 (released, v0.3.0)	primary	1000	785	True	low	719	0.719	709	0.9873060648801129	0.9782885736202384	0.9945058708414872	0.9735744089012516	0.9615371389270976	0.984263982203447	0.9803921568627452	0.9731527760829776	0.9870307167235496	0.9031822643838714	0.8713204325308644	0.9325834721434446	0.954	0.9038294776205958	0.8947491253881126	"{""high"": 66, ""medium"": 215, ""low"": 719}"
set_E	Set E (realistic mixture)	current	primary	magicc_v5	MAGICC v5 (released, v0.3.0)	primary	1000	785	True	medium	215	0.215	228	0.881578947368421	0.8364485981308412	0.9223744292237442	0.9348837209302324	0.9009329003259904	0.9663471638655462	0.90744920993228	0.8762364450730787	0.9336101806356456	0.9031822643838714	0.8713204325308644	0.9325834721434446	0.954	0.9038294776205958	0.8947491253881126	"{""high"": 66, ""medium"": 215, ""low"": 719}"
set_E	Set E (realistic mixture)	current	primary	checkm2	CheckM2 1.0.1	competitor	1000	785	True	high	66	0.066	84	0.6785714285714286	0.5753424657534246	0.7802348336594911	0.8636363636363636	0.7702702702702703	0.9428571428571428	0.76	0.6762539264363157	0.8333333333333334	0.8139948630335995	0.7790869339691397	0.8466262176234431	0.865	0.877655717507579	0.7231087300740838	"{""high"": 66, ""medium"": 215, ""low"": 719}"
set_E	Set E (realistic mixture)	current	primary	checkm2	CheckM2 1.0.1	competitor	1000	785	True	low	719	0.719	615	0.991869918699187	0.9838442576239996	0.9983633387888708	0.8484005563282336	0.8196698383583629	0.8751834181718126	0.9145427286356822	0.8972239480574989	0.9299337917053262	0.8139948630335995	0.7790869339691397	0.8466262176234431	0.865	0.877655717507579	0.7231087300740838	"{""high"": 66, ""medium"": 215, ""low"": 719}"
set_E	Set E (realistic mixture)	current	primary	checkm2	CheckM2 1.0.1	competitor	1000	785	True	medium	215	0.215	301	0.6578073089700996	0.6039491054368594	0.7133965685590737	0.9209302325581395	0.8844407713498623	0.9545505964623612	0.7674418604651163	0.7251450338994897	0.8078441799266439	0.8139948630335995	0.7790869339691397	0.8466262176234431	0.865	0.877655717507579	0.7231087300740838	"{""high"": 66, ""medium"": 215, ""low"": 719}"
set_E	Set E (realistic mixture)	current	primary	cocopye	CoCoPyE 0.5.0	competitor	1000	785	True	high	66	0.066	61	0.8360655737704918	0.7424242424242424	0.9231132075471696	0.7727272727272727	0.6666666666666666	0.8676664086687306	0.8031496062992125	0.7199856115107912	0.8709677419354839	0.8877555277330975	0.8532076699490756	0.9173495695694068	0.945	0.8828757543412911	0.8731927078890274	"{""high"": 66, ""medium"": 215, ""low"": 719}"
set_E	Set E (realistic mixture)	current	primary	cocopye	CoCoPyE 0.5.0	competitor	1000	785	True	low	719	0.719	715	0.9790209790209792	0.9677871148459384	0.9894353643195056	0.9735744089012516	0.9611500799360512	0.9845505617977528	0.9762900976290096	0.9679248065927548	0.983814784061782	0.8877555277330975	0.8532076699490756	0.9173495695694068	0.945	0.8828757543412911	0.8731927078890274	"{""high"": 66, ""medium"": 215, ""low"": 719}"
set_E	Set E (realistic mixture)	current	primary	cocopye	CoCoPyE 0.5.0	competitor	1000	785	True	medium	215	0.215	224	0.8660714285714286	0.8181818181818182	0.9074094468918258	0.9023255813953488	0.8618917963224895	0.9403070265112792	0.8838268792710706	0.8496030541480841	0.9131411677753142	0.8877555277330975	0.8532076699490756	0.9173495695694068	0.945	0.8828757543412911	0.8731927078890274	"{""high"": 66, ""medium"": 215, ""low"": 719}"
set_E	Set E (realistic mixture)	current	primary	deepcheck	DeepCheck	competitor	1000	785	True	high	66	0.066	107	0.5327102803738317	0.4369727502651546	0.6296451914098973	0.8636363636363636	0.7799915254237288	0.9402985074626866	0.6589595375722543	0.5733312101910827	0.7389216106232598	0.694831742140854	0.6571039709453439	0.7318021258963483	0.737	0.8085330126310817	0.5230867710073024	"{""high"": 66, ""medium"": 215, ""low"": 719}"
set_E	Set E (realistic mixture)	current	primary	deepcheck	DeepCheck	competitor	1000	785	True	low	719	0.719	495	0.991919191919192	0.982939685386678	0.998095238095238	0.6828929068150209	0.6490881632433823	0.7161050188452378	0.8088962108731466	0.7839185205616418	0.8322483301034923	0.694831742140854	0.6571039709453439	0.7318021258963483	0.737	0.8085330126310817	0.5230867710073024	"{""high"": 66, ""medium"": 215, ""low"": 719}"
set_E	Set E (realistic mixture)	current	primary	deepcheck	DeepCheck	competitor	1000	785	True	medium	215	0.215	398	0.4748743718592965	0.4248177612775862	0.5251320052036833	0.8790697674418605	0.8346966337431969	0.9205035584405428	0.6166394779771615	0.5700471014492754	0.6632670068027211	0.694831742140854	0.6571039709453439	0.7318021258963483	0.737	0.8085330126310817	0.5230867710073024	"{""high"": 66, ""medium"": 215, ""low"": 719}"
