cohort	clustering_unit	checkm2_class	magicc_class	n_genomes	weighted_proportion_of_cohort	ci95_lo	ci95_hi	row_conditional_rate	row_ci95_lo	row_ci95_hi	row_denominator_n
catalogue_weighted	family	HQ	HQ	53087	0.233786	0.205636	0.260773	nan	nan	nan	76816
catalogue_weighted	family	HQ	MQ	19796	0.0700321	0.0566802	0.0908788	0.223103	0.18519	0.277006	76816
catalogue_weighted	family	HQ	LQ	3933	0.0100816	0.0071511	0.0147023	0.0321172	0.0239769	0.0435425	76816
catalogue_weighted	family	MQ	HQ	26428	0.116485	0.098507	0.129464	0.169797	0.146539	0.189278	189107
catalogue_weighted	family	MQ	MQ	156152	0.553981	0.520241	0.585938	nan	nan	nan	189107
catalogue_weighted	family	MQ	LQ	6527	0.0155571	0.0117037	0.0216039	0.0226772	0.0167768	0.0330552	189107
catalogue_weighted	family	LQ	HQ	5	1.83248e-05	0	4.82007e-05	nan	nan	nan	20
catalogue_weighted	family	LQ	MQ	10	3.33338e-05	1.32109e-05	5.82043e-05	nan	nan	nan	20
catalogue_weighted	family	LQ	LQ	5	2.59522e-05	5.49217e-06	5.70952e-05	nan	nan	nan	20
catalogue_weighted	spire_cluster	HQ	HQ	53087	0.233786	0.219237	0.249099	nan	nan	nan	76816
catalogue_weighted	spire_cluster	HQ	MQ	19796	0.0700321	0.0647772	0.0755799	0.223103	0.204274	0.242	76816
catalogue_weighted	spire_cluster	HQ	LQ	3933	0.0100816	0.00874569	0.0117039	0.0321172	0.0276878	0.0376522	76816
catalogue_weighted	spire_cluster	MQ	HQ	26428	0.116485	0.109749	0.123454	0.169797	0.160174	0.179619	189107
catalogue_weighted	spire_cluster	MQ	MQ	156152	0.553981	0.540621	0.568443	nan	nan	nan	189107
catalogue_weighted	spire_cluster	MQ	LQ	6527	0.0155571	0.0141157	0.0172291	0.0226772	0.0206578	0.0250643	189107
catalogue_weighted	spire_cluster	LQ	HQ	5	1.83248e-05	1.79085e-06	4.00183e-05	nan	nan	nan	20
catalogue_weighted	spire_cluster	LQ	MQ	10	3.33338e-05	1.12939e-05	6.10121e-05	nan	nan	nan	20
catalogue_weighted	spire_cluster	LQ	LQ	5	2.59522e-05	5.13264e-06	5.12312e-05	nan	nan	nan	20
catalogue_weighted_no_nr_adjustment	family	HQ	HQ	53087	0.232904	0.206797	0.258532	nan	nan	nan	76816
catalogue_weighted_no_nr_adjustment	family	HQ	MQ	19796	0.0695822	0.0554065	0.0904954	0.222604	0.181919	0.275391	76816
catalogue_weighted_no_nr_adjustment	family	HQ	LQ	3933	0.0100971	0.00724377	0.015107	0.032302	0.0241306	0.0455185	76816
catalogue_weighted_no_nr_adjustment	family	MQ	HQ	26428	0.11682	0.0977619	0.130475	0.169959	0.146563	0.189897	189107
catalogue_weighted_no_nr_adjustment	family	MQ	MQ	156152	0.554884	0.522017	0.585194	nan	nan	nan	189107
catalogue_weighted_no_nr_adjustment	family	MQ	LQ	6527	0.0156397	0.011896	0.0222472	0.0227537	0.0170141	0.0334284	189107
catalogue_weighted_no_nr_adjustment	family	LQ	HQ	5	1.62497e-05	0	4.33719e-05	nan	nan	nan	20
catalogue_weighted_no_nr_adjustment	family	LQ	MQ	10	3.252e-05	1.41846e-05	5.53579e-05	nan	nan	nan	20
catalogue_weighted_no_nr_adjustment	family	LQ	LQ	5	2.41576e-05	5.37317e-06	5.28929e-05	nan	nan	nan	20
catalogue_weighted_no_nr_adjustment	spire_cluster	HQ	HQ	53087	0.232904	0.218675	0.247517	nan	nan	nan	76816
catalogue_weighted_no_nr_adjustment	spire_cluster	HQ	MQ	19796	0.0695822	0.0641868	0.0757211	0.222604	0.204091	0.242839	76816
catalogue_weighted_no_nr_adjustment	spire_cluster	HQ	LQ	3933	0.0100971	0.00883035	0.0117045	0.032302	0.0280006	0.0377913	76816
catalogue_weighted_no_nr_adjustment	spire_cluster	MQ	HQ	26428	0.11682	0.110238	0.123356	0.169959	0.160494	0.179555	189107
catalogue_weighted_no_nr_adjustment	spire_cluster	MQ	MQ	156152	0.554884	0.540589	0.568772	nan	nan	nan	189107
catalogue_weighted_no_nr_adjustment	spire_cluster	MQ	LQ	6527	0.0156397	0.0141525	0.0174383	0.0227537	0.0205689	0.0253319	189107
catalogue_weighted_no_nr_adjustment	spire_cluster	LQ	HQ	5	1.62497e-05	1.75245e-06	3.36461e-05	nan	nan	nan	20
catalogue_weighted_no_nr_adjustment	spire_cluster	LQ	MQ	10	3.252e-05	1.1421e-05	5.9595e-05	nan	nan	nan	20
catalogue_weighted_no_nr_adjustment	spire_cluster	LQ	LQ	5	2.41576e-05	4.73335e-06	4.67601e-05	nan	nan	nan	20
S3_srs_unweighted	family	HQ	HQ	47119	0.243165	0.212483	0.272103	nan	nan	nan	61997
S3_srs_unweighted	family	HQ	MQ	13197	0.0681051	0.0535711	0.0906963	0.212865	0.174513	0.266381	61997
S3_srs_unweighted	family	HQ	LQ	1681	0.00867505	0.00614189	0.013656	0.0271142	0.0204135	0.0390224	61997
S3_srs_unweighted	family	MQ	HQ	23682	0.122215	0.105366	0.135286	0.179732	0.158248	0.199017	131763
S3_srs_unweighted	family	MQ	MQ	105576	0.544841	0.506055	0.580601	nan	nan	nan	131763
S3_srs_unweighted	family	MQ	LQ	2505	0.0129274	0.00988331	0.0186112	0.0190114	0.0141281	0.0284002	131763
S3_srs_unweighted	family	LQ	HQ	3	1.5482e-05	0	4.43527e-05	nan	nan	nan	14
S3_srs_unweighted	family	LQ	MQ	6	3.09639e-05	1.10713e-05	5.53584e-05	nan	nan	nan	14
S3_srs_unweighted	family	LQ	LQ	5	2.58033e-05	6.21324e-06	5.70626e-05	nan	nan	nan	14
S3_srs_unweighted	spire_cluster	HQ	HQ	47119	0.243165	0.22747	0.25908	nan	nan	nan	61997
S3_srs_unweighted	spire_cluster	HQ	MQ	13197	0.0681051	0.0624764	0.0741721	0.212865	0.19391	0.233952	61997
S3_srs_unweighted	spire_cluster	HQ	LQ	1681	0.00867505	0.00731203	0.010312	0.0271142	0.0228213	0.0323275	61997
S3_srs_unweighted	spire_cluster	MQ	HQ	23682	0.122215	0.11489	0.129036	0.179732	0.169824	0.189598	131763
S3_srs_unweighted	spire_cluster	MQ	MQ	105576	0.544841	0.529799	0.559694	nan	nan	nan	131763
S3_srs_unweighted	spire_cluster	MQ	LQ	2505	0.0129274	0.0115554	0.0144914	0.0190114	0.0170291	0.0212681	131763
S3_srs_unweighted	spire_cluster	LQ	HQ	3	1.5482e-05	0	3.35608e-05	nan	nan	nan	14
S3_srs_unweighted	spire_cluster	LQ	MQ	6	3.09639e-05	5.56589e-06	5.93062e-05	nan	nan	nan	14
S3_srs_unweighted	spire_cluster	LQ	LQ	5	2.58033e-05	5.29077e-06	5.1695e-05	nan	nan	nan	14
S1_small_census	family	HQ	HQ	3458	0.0599806	0.0359326	0.0854522	nan	nan	nan	9267
S1_small_census	family	HQ	MQ	4733	0.082096	0.0661037	0.100919	0.510737	0.44582	0.586056	9267
S1_small_census	family	HQ	LQ	1076	0.0186637	0.014171	0.0248243	0.116111	0.0873542	0.15444	9267
S1_small_census	family	MQ	HQ	902	0.0156456	0.00949134	0.0226557	0.0186437	0.0108914	0.0280203	48381
S1_small_census	family	MQ	MQ	45123	0.782679	0.737863	0.827014	nan	nan	nan	48381
S1_small_census	family	MQ	LQ	2356	0.0408659	0.0301168	0.0548671	0.0486968	0.0356865	0.0658722	48381
S1_small_census	family	LQ	HQ	1	1.73455e-05	0	5.64208e-05	nan	nan	nan	4
S1_small_census	family	LQ	MQ	3	5.20364e-05	0	0.000122478	nan	nan	nan	4
S1_small_census	family	LQ	LQ	0	0	0	0	nan	nan	nan	4
S1_small_census	spire_cluster	HQ	HQ	3458	0.0599806	0.0512761	0.0702843	nan	nan	nan	9267
S1_small_census	spire_cluster	HQ	MQ	4733	0.082096	0.0727185	0.0926297	0.510737	0.473916	0.548269	9267
S1_small_census	spire_cluster	HQ	LQ	1076	0.0186637	0.0158292	0.0220033	0.116111	0.101395	0.132528	9267
S1_small_census	spire_cluster	MQ	HQ	902	0.0156456	0.0136462	0.0176295	0.0186437	0.0160847	0.021261	48381
S1_small_census	spire_cluster	MQ	MQ	45123	0.782679	0.763234	0.80286	nan	nan	nan	48381
S1_small_census	spire_cluster	MQ	LQ	2356	0.0408659	0.0353892	0.0472074	0.0486968	0.0418499	0.0564973	48381
S1_small_census	spire_cluster	LQ	HQ	1	1.73455e-05	0	5.58075e-05	nan	nan	nan	4
S1_small_census	spire_cluster	LQ	MQ	3	5.20364e-05	0	0.000121583	nan	nan	nan	4
S1_small_census	spire_cluster	LQ	LQ	0	0	0	0	nan	nan	nan	4
S2_rare_phylum_census	family	HQ	HQ	2510	0.172901	0.14606	0.202067	nan	nan	nan	5552
S2_rare_phylum_census	family	HQ	MQ	1866	0.128539	0.110269	0.146775	0.336095	0.297088	0.374091	5552
S2_rare_phylum_census	family	HQ	LQ	1176	0.0810085	0.0679354	0.0952144	0.211816	0.181587	0.243248	5552
S2_rare_phylum_census	family	MQ	HQ	1844	0.127023	0.109361	0.146203	0.205735	0.181719	0.231093	8963
S2_rare_phylum_census	family	MQ	MQ	5453	0.375629	0.339304	0.414413	nan	nan	nan	8963
S2_rare_phylum_census	family	MQ	LQ	1666	0.114762	0.0895429	0.141109	0.185875	0.145042	0.227405	8963
S2_rare_phylum_census	family	LQ	HQ	1	6.88848e-05	0	0.00023935	nan	nan	nan	2
S2_rare_phylum_census	family	LQ	MQ	1	6.88848e-05	0	0.000216163	nan	nan	nan	2
S2_rare_phylum_census	family	LQ	LQ	0	0	0	0	nan	nan	nan	2
S2_rare_phylum_census	spire_cluster	HQ	HQ	2510	0.172901	0.152485	0.194595	nan	nan	nan	5552
S2_rare_phylum_census	spire_cluster	HQ	MQ	1866	0.128539	0.115026	0.142975	0.336095	0.304436	0.37091	5552
S2_rare_phylum_census	spire_cluster	HQ	LQ	1176	0.0810085	0.0716987	0.0914238	0.211816	0.187441	0.238144	5552
S2_rare_phylum_census	spire_cluster	MQ	HQ	1844	0.127023	0.112475	0.143401	0.205735	0.182647	0.230998	8963
S2_rare_phylum_census	spire_cluster	MQ	MQ	5453	0.375629	0.353946	0.401689	nan	nan	nan	8963
S2_rare_phylum_census	spire_cluster	MQ	LQ	1666	0.114762	0.102228	0.127542	0.185875	0.166342	0.206334	8963
S2_rare_phylum_census	spire_cluster	LQ	HQ	1	6.88848e-05	0	0.000215296	nan	nan	nan	2
S2_rare_phylum_census	spire_cluster	LQ	MQ	1	6.88848e-05	0	0.000216623	nan	nan	nan	2
S2_rare_phylum_census	spire_cluster	LQ	LQ	0	0	0	0	nan	nan	nan	2
catalogue_weighted_excl_404_recovery	family	HQ	HQ	53033	0.233877	0.206046	0.259515	nan	nan	nan	76750
catalogue_weighted_excl_404_recovery	family	HQ	MQ	19784	0.0700669	0.0557255	0.0918082	0.22312	0.184258	0.276177	76750
catalogue_weighted_excl_404_recovery	family	HQ	LQ	3933	0.0100893	0.00716292	0.0148812	0.0321281	0.0241405	0.0447957	76750
catalogue_weighted_excl_404_recovery	family	MQ	HQ	26394	0.116508	0.097696	0.12969	0.169864	0.146503	0.188843	188670
catalogue_weighted_excl_404_recovery	family	MQ	MQ	155820	0.553919	0.521933	0.586266	nan	nan	nan	188670
catalogue_weighted_excl_404_recovery	family	MQ	LQ	6456	0.0154628	0.0117391	0.0220807	0.0225442	0.0166891	0.033627	188670
catalogue_weighted_excl_404_recovery	family	LQ	HQ	5	1.83388e-05	0	4.99743e-05	nan	nan	nan	20
catalogue_weighted_excl_404_recovery	family	LQ	MQ	10	3.33592e-05	1.36731e-05	5.69679e-05	nan	nan	nan	20
catalogue_weighted_excl_404_recovery	family	LQ	LQ	5	2.5972e-05	5.91774e-06	5.6391e-05	nan	nan	nan	20
catalogue_weighted_excl_404_recovery	spire_cluster	HQ	HQ	53033	0.233877	0.219338	0.248527	nan	nan	nan	76750
catalogue_weighted_excl_404_recovery	spire_cluster	HQ	MQ	19784	0.0700669	0.0647189	0.0758653	0.22312	0.204835	0.242514	76750
catalogue_weighted_excl_404_recovery	spire_cluster	HQ	LQ	3933	0.0100893	0.00877217	0.0116166	0.0321281	0.0277416	0.0372504	76750
catalogue_weighted_excl_404_recovery	spire_cluster	MQ	HQ	26394	0.116508	0.109532	0.123238	0.169864	0.160134	0.179122	188670
catalogue_weighted_excl_404_recovery	spire_cluster	MQ	MQ	155820	0.553919	0.539636	0.567854	nan	nan	nan	188670
catalogue_weighted_excl_404_recovery	spire_cluster	MQ	LQ	6456	0.0154628	0.0138879	0.0170562	0.0225442	0.0202901	0.0248506	188670
catalogue_weighted_excl_404_recovery	spire_cluster	LQ	HQ	5	1.83388e-05	1.7996e-06	3.89011e-05	nan	nan	nan	20
catalogue_weighted_excl_404_recovery	spire_cluster	LQ	MQ	10	3.33592e-05	1.24734e-05	6.09227e-05	nan	nan	nan	20
catalogue_weighted_excl_404_recovery	spire_cluster	LQ	LQ	5	2.5972e-05	5.12771e-06	5.16483e-05	nan	nan	nan	20
reps_census	family	HQ	HQ	15832	0.171967	0.161469	0.182922	nan	nan	nan	31501
reps_census	family	HQ	MQ	11795	0.128117	0.120932	0.135987	0.374433	0.361136	0.387926	31501
reps_census	family	HQ	LQ	3874	0.0420794	0.0374222	0.0470526	0.12298	0.110819	0.137193	31501
reps_census	family	MQ	HQ	11229	0.121969	0.114316	0.129414	0.185484	0.175124	0.195423	60539
reps_census	family	MQ	MQ	43476	0.472237	0.455696	0.489187	nan	nan	nan	60539
reps_census	family	MQ	LQ	5834	0.063369	0.0543604	0.0752806	0.0963676	0.0822313	0.114331	60539
reps_census	family	LQ	HQ	6	6.51721e-05	2.13639e-05	0.000118975	nan	nan	nan	24
reps_census	family	LQ	MQ	13	0.000141206	7.12593e-05	0.000213894	nan	nan	nan	24
reps_census	family	LQ	LQ	5	5.431e-05	0	0.000130321	nan	nan	nan	24
reps_census	spire_cluster	HQ	HQ	15832	0.171967	0.169642	0.174498	nan	nan	nan	31501
reps_census	spire_cluster	HQ	MQ	11795	0.128117	0.12601	0.130268	0.374433	0.36895	0.379809	31501
reps_census	spire_cluster	HQ	LQ	3874	0.0420794	0.0408626	0.0434157	0.12298	0.119443	0.126721	31501
reps_census	spire_cluster	MQ	HQ	11229	0.121969	0.119905	0.12412	0.185484	0.182591	0.188698	60539
reps_census	spire_cluster	MQ	MQ	43476	0.472237	0.469032	0.475289	nan	nan	nan	60539
reps_census	spire_cluster	MQ	LQ	5834	0.063369	0.06175	0.0648571	0.0963676	0.093918	0.0986435	60539
reps_census	spire_cluster	LQ	HQ	6	6.51721e-05	2.1724e-05	0.000119482	nan	nan	nan	24
reps_census	spire_cluster	LQ	MQ	13	0.000141206	7.60341e-05	0.00021724	nan	nan	nan	24
reps_census	spire_cluster	LQ	LQ	5	5.431e-05	1.0862e-05	0.00010862	nan	nan	nan	24
