source	quantity	set	tool	metric	published	recomputed	recomputed_ci_lo	recomputed_ci_hi	difference	agrees_within_tolerance	published_inside_recomputed_ci	note	recomputed_pearson_r2
S1a	MAE	motivating_v2_set_A	checkm2	completeness	2.54	2.54128597273546	2.3665246861169797	2.715042062491712	0.0012859727354599393	True	True		
S1a	MAE	motivating_v2_set_A	cocopye	completeness	3.47	3.4357902958932924	3.176797468488421	3.696053949070592	-0.03420970410670776	True	True		
S1a	MAE	motivating_v2_set_A	deepcheck	completeness	4.15	4.146984623154294	3.883937593492553	4.418118301431845	-0.003015376845706186	True	True		
S1a	MAE	motivating_v2_set_A	checkm2	contamination	0.28	0.27553	0.2518109572734942	0.299457569059177	-0.0044700000000000295	True	True		
S1a	MAE	motivating_v2_set_A	cocopye	contamination	0.73	0.8914843793069294	0.5730718801880531	1.2686170491052196	0.16148437930692938	False	True		
S1a	MAE	motivating_v2_set_A	deepcheck	contamination	0.43	0.4292344869077206	0.3941309368897671	0.4623773531704869	-0.0007655130922794018	True	True		
S1b	MAE	motivating_v2_set_B	checkm2	completeness	0.42	0.4162700000000001	0.3068985222772278	0.539429033069397	-0.0037299999999999	True	True		
S1b	MAE	motivating_v2_set_B	cocopye	completeness	2.57	0.6536444983827614	0.4622765423911496	0.8567374133518095	-1.9163555016172384	False	False		
S1b	MAE	motivating_v2_set_B	deepcheck	completeness	6.74	6.742961944580078	6.174224974049671	7.339001171663751	0.0029619445800781463	True	True		
S1b	MAE	motivating_v2_set_B	checkm2	contamination	17.08	17.075827207007393	16.04486094282545	18.158864345882773	-0.004172792992605423	True	True		
S1b	MAE	motivating_v2_set_B	cocopye	contamination	19.14	12.032987948634547	11.20457428721845	12.91231562764526	-7.107012051365453	False	False		
S1b	MAE	motivating_v2_set_B	deepcheck	contamination	25.7	25.696727528930182	24.35649761436405	27.05159110786432	-0.0032724710698168735	True	True		
S1c	MAE	motivating_v2_set_C	checkm2	completeness	9.13	9.130375762952918	8.44785155717517	9.82769323126546	0.00037576295291685824	True	True		
S1c	MAE	motivating_v2_set_C	cocopye	completeness	4.99	5.924490226696596	5.471703582364254	6.40514119591186	0.934490226696596	False	False		
S1c	MAE	motivating_v2_set_C	deepcheck	completeness	11.96	11.956266793537427	11.163713479137886	12.773781124660882	-0.0037332064625736905	True	True		
S1c	MAE	motivating_v2_set_C	checkm2	contamination	18.13	18.132379488013772	16.907823368101024	19.430342594885484	0.002379488013772857	True	True		
S1c	MAE	motivating_v2_set_C	cocopye	contamination	20.32	13.466992037826133	12.42861363869457	14.531459888521123	-6.8530079621738675	False	False		
S1c	MAE	motivating_v2_set_C	deepcheck	contamination	24.37	24.371482690105005	22.85007992837845	26.00653496781981	0.0014826901050035701	True	True		
S2a	MAE	set_A_v2	magicc_v4	completeness	2.59	2.591358171535378	2.331690526613714	2.870320956935453	0.0013581715353780943	True	True		
S2a	MAE	set_B_v2	magicc_v4	completeness	3.12	3.1238226	2.7744222138535077	3.4590567742551848	0.0038225999999998983	True	True		
S2a	MAE	set_C	magicc_v4	completeness	3.36	3.364785254805672	3.1002880505293726	3.639760736953016	0.004785254805672157	True	True		
S2a	MAE	set_D	magicc_v4	completeness	5.2	5.203892952530291	4.816460265684378	5.61212731422888	0.00389295253029065	True	True		
S2a	MAE	set_E	magicc_v4	completeness	5.71	5.710083053087339	5.276492823189539	6.172687579718153	8.30530873390245e-05	True	True		
S2a	MAE	set_A_v2	checkm2	completeness	2.54	2.5423106509718054	2.361873803762624	2.71386793577417	0.0023106509718053836	True	True		
S2a	MAE	set_B_v2	checkm2	completeness	0.45	0.4511200000000002	0.3190901682152185	0.6001370518252777	0.0011200000000001764	True	True		
S2a	MAE	set_C	checkm2	completeness	7.99	7.993850021155766	7.640436571252238	8.364727093954041	0.003850021155765937	True	True		
S2a	MAE	set_D	checkm2	completeness	9.89	9.887259516262748	9.278286258020458	10.536252429208597	-0.0027404837372522195	True	True		
S2a	MAE	set_E	checkm2	completeness	9.14	9.139516691419486	8.481942023872813	9.800010382216392	-0.00048330858051492953	True	True		
S2a	MAE	set_A_v2	cocopye	completeness	3.63	3.6395110323866655	3.3393725511623296	3.954556045940136	0.009511032386665619	True	True		
S2a	MAE	set_B_v2	cocopye	completeness	2.61	0.6405279238173239	0.4467794929876648	0.8523234616001921	-1.9694720761826758	False	False		
S2a	MAE	set_C	cocopye	completeness	15.73	17.794703671814332	17.186695849280483	18.44795572270671	2.064703671814332	False	False		
S2a	MAE	set_D	cocopye	completeness	6.14	7.405980408259354	6.873120312125979	7.96096238387188	1.2659804082593542	False	False		
S2a	MAE	set_E	cocopye	completeness	5.02	5.655966807107449	5.21820390644324	6.104349609851316	0.6359668071074491	False	False		
S2a	MAE	set_A_v2	deepcheck	completeness	4.26	4.255472477276518	3.975215340154827	4.539029889031779	-0.0045275227234817805	True	True		
S2a	MAE	set_B_v2	deepcheck	completeness	6.61	6.6112978515625	6.063183851459312	7.165332125251908	0.00129785156249973	True	True		
S2a	MAE	set_C	deepcheck	completeness	17.97	17.967173426126184	17.363163259990383	18.58199630489771	-0.002826573873814908	True	True		
S2a	MAE	set_D	deepcheck	completeness	9.97	9.974952677434644	9.351719474261342	10.591687610097862	0.004952677434642894	True	True		
S2a	MAE	set_E	deepcheck	completeness	11.69	11.694699721773006	10.9850682577197	12.410356912505849	0.00469972177300626	True	True		
S2b	MAE	set_A_v2	magicc_v4	contamination	1.48	1.4780225	1.2131116012108982	1.7854141358224014	-0.0019774999999999654	True	True		
S2b	MAE	set_B_v2	magicc_v4	contamination	5.11	5.109657326062996	4.741421495878926	5.50406543930061	-0.0003426739370047116	True	True		
S2b	MAE	set_C	magicc_v4	contamination	7.44	7.439052423495307	6.950873576475571	7.940664677109171	-0.0009475765046937923	True	True		
S2b	MAE	set_D	magicc_v4	contamination	7.77	7.767309504960628	7.183006349756484	8.372206233426388	-0.0026904950393715765	True	True		
S2b	MAE	set_E	magicc_v4	contamination	5.88	5.875723997012404	5.420852350367328	6.366809722781505	-0.004276002987595895	True	True		
S2b	MAE	set_A_v2	checkm2	contamination	0.27	0.27387	0.2495259185767873	0.29995225	0.0038699999999999846	True	True		
S2b	MAE	set_B_v2	checkm2	contamination	17.66	17.661892481683402	16.510105631285878	18.778819690336316	0.0018924816834022806	True	True		
S2b	MAE	set_C	checkm2	contamination	42.37	42.37174453000813	40.74199473388218	44.02979725643981	0.001744530008132017	True	True		
S2b	MAE	set_D	checkm2	contamination	36.92	36.92437572675197	35.368920771882536	38.40981708251762	0.004375726751966624	True	True		
S2b	MAE	set_E	checkm2	contamination	18.47	18.47213818642574	17.252831947309105	19.751440098056484	0.0021381864257428163	True	True		
S2b	MAE	set_A_v2	cocopye	contamination	0.77	0.9766124183707464	0.7086782150180361	1.302509441128964	0.2066124183707464	False	True		
S2b	MAE	set_B_v2	cocopye	contamination	19.14	12.095051584950191	11.225719489121492	13.026354522879034	-7.044948415049809	False	False		
S2b	MAE	set_C	cocopye	contamination	34.07	34.97252165546337	33.39318920735125	36.55083487157481	0.9025216554633673	False	True		
S2b	MAE	set_D	cocopye	contamination	25.73	23.22881308549918	21.96469193525131	24.51544867788506	-2.5011869145008205	False	False		
S2b	MAE	set_E	cocopye	contamination	21.6	13.522513429383515	12.618682951076057	14.496593014915993	-8.077486570616486	False	False		
S2b	MAE	set_A_v2	deepcheck	contamination	0.4	0.404035914644599	0.3717926938627589	0.4355011395700983	0.004035914644598959	True	True		
S2b	MAE	set_B_v2	deepcheck	contamination	25.7	25.704923896847436	24.34716347002204	27.09590014050012	0.004923896847436993	True	True		
S2b	MAE	set_C	deepcheck	contamination	44.56	44.55567753814589	42.8650971443121	46.25610708617699	-0.004322461854108894	True	True		
S2b	MAE	set_D	deepcheck	contamination	41.77	41.7739802882366	40.1250488360716	43.45664691395225	0.003980288236597573	True	True		
S2b	MAE	set_E	deepcheck	contamination	25.43	25.43113911968649	23.88441042743308	27.10100483973467	0.0011391196864920516	True	True		
S2c	MAE	POOLED_manuscript_5_sets	magicc_v4	completeness	4.0	3.998788406391736	3.8345865550234746	4.157762331784662	-0.00121159360826395	True	True		
S2c	MAE	POOLED_manuscript_5_sets	magicc_v4	contamination	5.53	5.533953150306266	5.326769264115859	5.756109090510148	0.003953150306265307	True	True		
S2c	MAE	POOLED_manuscript_5_sets	checkm2	completeness	6.0	6.002811375961961	5.778117712761833	6.242272542873598	0.0028113759619605716	True	True		
S2c	MAE	POOLED_manuscript_5_sets	checkm2	contamination	23.14	23.14080418497385	22.41425273567973	23.840647653473667	0.0008041849738482654	True	True		
S2c	MAE	POOLED_manuscript_5_sets	cocopye	completeness	6.62	7.027337968677023	6.764875072577705	7.294208986550906	0.4073379686770231	False	False		
S2c	MAE	POOLED_manuscript_5_sets	cocopye	contamination	20.26	16.959102434733403	16.357068809973054	17.529634021768718	-3.300897565266599	False	False		
S2c	MAE	POOLED_manuscript_5_sets	deepcheck	completeness	10.1	10.10071923083457	9.81227017889288	10.388032542631532	0.0007192308345711496	True	True		
S2c	MAE	POOLED_manuscript_5_sets	deepcheck	contamination	27.57	27.5739513515122	26.742015429736544	28.35087040304188	0.003951351512199608	True	True		
progress_v5	MAE	set_A_v2	magicc_v5	completeness	2.18	2.1766318366134065	1.9277441429974125	2.435865381542502	-0.0033681633865936256	True	True		
progress_v5	MAE	set_A_v2	magicc_v5	contamination	0.83	0.8285294344272	0.6429887833268665	1.0594770411788443	-0.0014705655728000089	True	True		
progress_v5	MAE	set_B_v2	magicc_v5	completeness	2.97	2.972426611	2.6474062363997954	3.3182404214419767	0.0024266109999997454	True	True		
progress_v5	MAE	set_B_v2	magicc_v5	contamination	4.45	4.453452160275677	4.121883812189373	4.792029895134867	0.003452160275676519	True	True		
progress_v5	MAE	set_C	magicc_v5	completeness	3.15	3.153890706633181	2.8941616623273334	3.411516591354186	0.003890706633181029	True	True		
progress_v5	MAE	set_C	magicc_v5	contamination	7.97	7.974122201377205	7.490692329672567	8.485530127479255	0.0041222013772053145	True	True		
progress_v5	MAE	set_D	magicc_v5	completeness	5.18	5.1759362701545975	4.772119333618833	5.596064651991617	-0.004063729845402264	True	True		
progress_v5	MAE	set_D	magicc_v5	contamination	8.06	8.058032512078764	7.44201446983097	8.688514471969317	-0.001967487921236355	True	True		
progress_v5	MAE	set_E	magicc_v5	completeness	5.49	5.485888223766055	5.0367441372509445	5.950119756012367	-0.004111776233945541	True	True		
progress_v5	MAE	set_E	magicc_v5	contamination	5.66	5.657874715238257	5.192880971229834	6.146184773430357	-0.002125284761743451	True	True		
progress_v5	MAE	POOLED_manuscript_5_sets	magicc_v5	completeness	3.79	3.792954729633448	3.630283489212874	3.9552097113717344	0.0029547296334477835	True	True		
progress_v5	MAE	POOLED_manuscript_5_sets	magicc_v5	contamination	5.39	5.39440220467942	5.175124771540316	5.6166709138849535	0.0044022046794207625	True	True		
S2a	R2	set_A_v2	magicc_v4	completeness	0.92	0.924843242438245	0.9005742155665559	0.9441474823389728	0.004843242438244966	True			0.925951506879619
S2a	R2	set_C	magicc_v4	completeness	0.89	0.8863436683400807	0.8649970471339246	0.9058456320309242	-0.0036563316599192985	True			0.891756515474674
S2a	R2	set_D	magicc_v4	completeness	0.71	0.7062606065105033	0.6489912413830945	0.7570505646241932	-0.0037393934894967007	True			0.7211230989520274
S2a	R2	set_E	magicc_v4	completeness	0.69	0.6941304568009974	0.6479045390830909	0.7383655625503072	0.00413045680099744	True			0.704327752848486
S2b	R2	set_B_v2	magicc_v4	contamination	0.92	0.9231966242752576	0.9067870205912648	0.9385108024225474	0.0031966242752575758	True			0.9276074728380336
S2b	R2	set_C	magicc_v4	contamination	0.86	0.8615314325333671	0.8421421740776927	0.8791598158549134	0.001531432533367072	True			0.9249449462819438
S2b	R2	set_D	magicc_v4	contamination	0.82	0.819010626474047	0.790403370597106	0.8443869923032361	-0.0009893735259529635	True			0.8674722898610595
S2b	R2	set_E	magicc_v4	contamination	0.91	0.9113331792566404	0.8962809026634401	0.9244579098859012	0.0013331792566403378	True			0.9184873012123952
S2c	R2	POOLED_manuscript_5_sets	magicc_v4	completeness	0.83	0.8329757961031748	0.8175279530785162	0.8476363072437618	0.002975796103174888	True			0.8333543357523202
S2c	R2	POOLED_manuscript_5_sets	magicc_v4	contamination	0.91	0.914172209626702	0.9074283858006528	0.9207909958055468	0.00417220962670195	True			0.9241791371936052
S2c	R2	POOLED_manuscript_5_sets	checkm2	completeness	0.67	0.6367457103925633	0.6117345173772166	0.659778119975473	-0.033254289607436704	False		published value matches the SQUARED PEARSON CORRELATION r^2, not the coefficient of determination R^2 - metric mix-up	0.6671674391755148
S2c	R2	POOLED_manuscript_5_sets	checkm2	contamination	0.34	-0.1358725220475487	-0.1784886732731808	-0.0931489665541536	-0.4758725220475487	False		published value matches the SQUARED PEARSON CORRELATION r^2, not the coefficient of determination R^2 - metric mix-up	0.3372984320239353
S2c	R2	POOLED_manuscript_5_sets	cocopye	completeness	0.65	0.5285561038582232	0.4980594421803906	0.5591474014400201	-0.12144389614177686	False			0.6106861732976092
S2c	R2	POOLED_manuscript_5_sets	cocopye	contamination	0.65	0.2915342432391969	0.2587340228293926	0.3250130286414527	-0.3584657567608031	False			0.4703550187317704
S2c	R2	POOLED_manuscript_5_sets	deepcheck	completeness	0.48	0.2694301636907166	0.2297657054915027	0.3069341314455472	-0.2105698363092834	False		published value matches the SQUARED PEARSON CORRELATION r^2, not the coefficient of determination R^2 - metric mix-up	0.4791293364631486
S2c	R2	POOLED_manuscript_5_sets	deepcheck	contamination	0.18	-0.5075563131362193	-0.5681960789073031	-0.4448431039794377	-0.6875563131362192	False		published value matches the SQUARED PEARSON CORRELATION r^2, not the coefficient of determination R^2 - metric mix-up	0.1842542781987913
S3	MIMAG macro_f1 range over set_C+set_D	set_C+set_D	magicc_v4	-	0.82-0.87	0.824-0.872				True		published as a RANGE over two sets; Reviewer 1 asks for per-set values with CIs, now in ws5.1_mimag_overall_metrics.tsv	
S3	MIMAG macro_f1 range over set_C+set_D	set_C+set_D	cocopye	-	0.42-0.71	0.408-0.674				False		published as a RANGE over two sets; Reviewer 1 asks for per-set values with CIs, now in ws5.1_mimag_overall_metrics.tsv	
S3	MIMAG macro_f1 range over set_C+set_D	set_C+set_D	checkm2	-	0.28-0.37	0.282-0.373				True		published as a RANGE over two sets; Reviewer 1 asks for per-set values with CIs, now in ws5.1_mimag_overall_metrics.tsv	
S3	MIMAG macro_f1 range over set_C+set_D	set_C+set_D	deepcheck	-	0.21-0.27	0.205-0.267				True		published as a RANGE over two sets; Reviewer 1 asks for per-set values with CIs, now in ws5.1_mimag_overall_metrics.tsv	
