metric	reference_tool	comparison_tool	n_pairs	n_clusters	mae_reference	mae_comparison	mean_paired_difference	mean_diff_ci_lo	mean_diff_ci_hi	median_paired_difference	median_diff_ci_lo	median_diff_ci_hi	hodges_lehmann_diff	hl_ci_lo	hl_ci_hi	cliffs_delta	cliffs_delta_ci_lo	cliffs_delta_ci_hi	cliffs_delta_magnitude	rank_biserial_paired	wilcoxon_statistic_naive	p_wilcoxon_two_sided_naive	wilcoxon_statistic_cluster_mean	n_clusters_used_cluster_mean	p_wilcoxon_two_sided_cluster_mean	p_cluster_bootstrap_median	p_cluster_bootstrap_mean	favours	boot_clustered	boot_n_iter	boot_n_iter_slow	set	status	tier	cluster_column
abs_err_completeness	magicc_v5	magicc_v4	1000	31	2.1766318366134065	2.591358171535378	-0.4147263349219718	-0.6939198507109287	-0.25696263491361254	-0.16938150000000007	-0.29352967499999366	-0.12588000000000932	-0.18937999999999988	-0.3329027255573859	-0.11387269783008715	-0.148234	-0.18765793223101854	-0.10455486865726461	small	-0.21340859140859142	196844.5	5.038512087644321e-09	149.0	31	0.052696118131279945	0.0009995002498750624	0.0009995002498750624	reference	True	2000	200	set_A_v2	current	primary	dominant_phylum
abs_err_contamination	magicc_v5	magicc_v4	1000	31	0.8285294344272	1.4780225	-0.6494930655728	-1.0555494974673332	-0.4677040670756674	-0.07702128	-0.27436378000000006	-0.05099134999999999	-0.19767992750000002	-0.424749378625	-0.13652631462499998	-0.16237	-0.22274329083098557	-0.11860849970957481	small	-0.6486353646353646	87929.0	1.2496126796559816e-70	37.0	31	5.317851901054382e-06	0.0009995002498750624	0.0009995002498750624	reference	True	2000	200	set_A_v2	current	primary	dominant_phylum
abs_err_completeness	magicc_v5	checkm2	1000	31	2.1766318366134065	2.5423106509718054	-0.3656788143583991	-0.7796664670189908	0.6074973718943355	-0.04581700000000666	-0.27065428079076526	0.046103824999999696	-0.5009606115103526	-0.7002657943939455	-0.05717007000386108	-0.075286	-0.12653162570372184	0.08119813720321095	negligible	-0.22906293706293707	192927.0	3.502770884017059e-10	228.0	31	0.7062525749206543	0.6656671664167916	0.33683158420789605	reference	True	2000	200	set_A_v2	current	primary	dominant_phylum
abs_err_contamination	magicc_v5	checkm2	1000	31	0.8285294344272	0.27387	0.5546594344272	0.3131403638855977	1.5179971801387648	0.10656701	0.0788096	0.34362761174999995	0.14541659999999998	0.09385918131250003	0.4008552711250001	0.294536	0.21173660839394856	0.52993623403698	small	0.42245354645354644	144531.0	5.696389127492721e-31	20.0	31	3.4552067518234253e-07	0.0009995002498750624	0.0009995002498750624	comparison	True	2000	200	set_A_v2	current	primary	dominant_phylum
abs_err_completeness	magicc_v5	cocopye	1000	31	2.1766318366134065	3.6395110323866655	-1.4628791957732594	-2.6233419863257534	-0.5942487454849195	-0.4024933969090654	-1.397874223390085	-0.06679730140493234	-1.096079785866003	-2.0426287482629544	-0.5091359039870408	-0.18813	-0.30777729399801373	-0.07528827249599461	small	-0.4063576423576424	148559.0	8.829525578077641e-29	147.0	31	0.04789368249475956	0.009995002498750625	0.0029985007496251873	reference	True	2000	200	set_A_v2	current	primary	dominant_phylum
abs_err_contamination	magicc_v5	cocopye	1000	31	0.8285294344272	0.9766124183707465	-0.14808298394354671	-1.2092682989955452	1.1796234970049586	0.160109995	0.12233257	0.32230616	0.17626579123595248	0.12260703544491773	0.40008854871875005	0.517302	0.39506419782824664	0.6220011736756185	large	0.37217182817182815	157114.0	2.0897706108176977e-24	159.0	31	0.0828599464148283	0.0009995002498750624	0.8345827086456772	reference	True	2000	200	set_A_v2	current	primary	dominant_phylum
abs_err_completeness	magicc_v5	deepcheck	1000	31	2.1766318366134065	4.255472477276518	-2.078840640663111	-3.29770077275013	-0.7292330707617616	-1.1046854595947266	-1.8075177460267438	-0.7670713732910144	-1.719625036077293	-2.627116109729628	-0.9804129687858106	-0.403948	-0.4832636080347872	-0.2670142454678357	medium	-0.5975144855144855	100722.0	3.2529492283674386e-60	149.0	31	0.052696118131279945	0.0009995002498750624	0.005997001499250375	reference	True	2000	200	set_A_v2	current	primary	dominant_phylum
abs_err_contamination	magicc_v5	deepcheck	1000	31	0.8285294344272	0.404035914644599	0.4244935197826011	0.1804919665876913	1.3755003439327118	0.048946217509529155	0.011341371389933116	0.2646750906066896	0.06912416037967495	0.010612779743833274	0.3371667059479857	0.118072	0.017569278632736732	0.42177925394383486	negligible	0.16807192807192808	208190.0	4.1447374258073605e-06	42.0	31	1.0450370609760284e-05	0.00399800099950025	0.0009995002498750624	comparison	True	2000	200	set_A_v2	current	primary	dominant_phylum
abs_err_completeness	magicc_v5	magicc_v4	1000	30	2.972426611	3.1238226	-0.15139598900000026	-0.489642502934127	0.01685674236046301	0.002045000000002517	-0.06728562500000217	0.04183999999999344	-0.03964749999999739	-0.16994818750000032	0.028918462500002764	-0.105218	-0.1455092482909619	-0.07446151357604308	negligible	-0.04888311688311688	238017.0	0.18055317163958873	194.0	30	0.4399667661637068	0.8335832083958021	0.06896551724137931	reference	True	2000	200	set_B_v2	current	primary	dominant_phylum
abs_err_contamination	magicc_v5	magicc_v4	1000	30	4.453452160275677	5.109657326062996	-0.6562051657873204	-1.1920379378033514	-0.3852631176084136	-0.3988607149999992	-0.5648000475000003	-0.27468199999999854	-0.45429316192875935	-0.7088349459396405	-0.2933875136249992	-0.097026	-0.11951688838887702	-0.07325782302796656	negligible	-0.20296103896103895	199459.0	2.702299687322574e-08	108.0	30	0.009301122277975082	0.0009995002498750624	0.0009995002498750624	reference	True	2000	200	set_B_v2	current	primary	dominant_phylum
abs_err_completeness	magicc_v5	checkm2	1000	30	2.972426611	0.45112000000000024	2.5213066109999995	1.791845308734656	4.031505815740997	0.4975239999999985	0.34104999999999563	0.9436104999999996	1.1492399999999954	0.677887174999999	2.1450408500000004	0.827572	0.6627641297683625	0.9032189706606464	large	0.8123716283716284	46954.0	1.0485750838887144e-109	21.0	30	8.326023817062378e-07	0.0009995002498750624	0.0009995002498750624	comparison	True	2000	200	set_B_v2	current	primary	dominant_phylum
abs_err_contamination	magicc_v5	checkm2	1000	30	4.453452160275677	17.661892481683402	-13.20844032140773	-19.245101343290745	-9.538329081776165	-7.235292168871923	-16.343408997854358	-4.378852999999999	-11.20728463949765	-17.85175033594272	-7.549552888000001	-0.420182	-0.5307780131346151	-0.3339071999849343	medium	-0.7425094905094906	64437.0	5.7466547668629754e-92	39.0	30	1.3966113328933716e-05	0.0009995002498750624	0.0009995002498750624	reference	True	2000	200	set_B_v2	current	primary	dominant_phylum
abs_err_completeness	magicc_v5	cocopye	1000	30	2.972426611	0.6405279238173239	2.331898687182676	1.4531271641628207	3.735019891921266	0.4956200000000024	0.32783962500000274	0.9060499999999934	1.0697652575853738	0.6542372289117607	1.9662461478104252	0.730276	0.6108119575100842	0.7861800235388269	large	0.7784295704295704	55448.0	6.87246491486939e-101	59.0	30	0.0001528710126876831	0.0009995002498750624	0.0009995002498750624	comparison	True	2000	200	set_B_v2	current	primary	dominant_phylum
abs_err_contamination	magicc_v5	cocopye	1000	30	4.453452160275677	12.095051584950193	-7.641599424674519	-10.160565795493499	-6.2608925174940335	-3.063291379265361	-5.148425410228459	-1.9165613816266784	-5.3614441899577905	-7.569073456377298	-4.216538888841038	-0.271086	-0.33361148680847585	-0.18838640812310592	small	-0.5985894105894106	100453.0	2.0044936536949e-60	37.0	30	1.0609626770019531e-05	0.001999000499750125	0.0009995002498750624	reference	True	2000	200	set_B_v2	current	primary	dominant_phylum
abs_err_completeness	magicc_v5	deepcheck	1000	30	2.972426611	6.6112978515625	-3.6388712405625	-5.614247620151475	-0.2725003987905777	-0.9855809392089796	-2.165916497558598	-0.5699023926025315	-2.29515737792968	-4.2641186640319875	-0.5195869373290932	-0.381082	-0.4720287817169674	-0.16608425054716486	medium	-0.5367632367632368	115925.0	6.117678236419942e-49	207.0	30	0.6120056137442589	0.001999000499750125	0.03398300849575212	reference	True	2000	200	set_B_v2	current	primary	dominant_phylum
abs_err_contamination	magicc_v5	deepcheck	1000	30	4.453452160275677	25.704923896847433	-21.25147173657176	-25.071522807103854	-18.620611228447714	-16.42304609983235	-23.395131040649417	-13.548953799526307	-19.587352559921477	-24.16099056150506	-16.94258834968485	-0.57617	-0.6133417812648801	-0.4930628788734764	large	-0.8949730269730269	26283.0	9.98083396696817e-133	11.0	30	1.0244548320770264e-07	0.0009995002498750624	0.0009995002498750624	reference	True	2000	200	set_B_v2	current	primary	dominant_phylum
abs_err_completeness	magicc_v5	magicc_v4	1000	11	5.1759362701545975	5.203892952530291	-0.027956682375692737	-0.16104102646834725	0.11331694097936265	-0.025846499999996553	-0.06367000000000189	0.0288005644355529	-0.0469145000000033	-0.09338271272120426	0.019074697082837506	-0.012289	-0.025505076393633846	0.007424808112418768	negligible	-0.03785014985014985	240778.0	0.29981601249956635	25.0	11	0.51953125	0.3988005997001499	0.672663668165917	reference	True	2000	200	set_D	superseded_leaky	reported	dominant_phylum
abs_err_contamination	magicc_v5	magicc_v4	1000	11	8.058032512078764	7.767309504960628	0.2907230071181369	0.050648900671706444	0.36252082099779936	0.1704458499999999	0.10242699999999871	0.24311300000000013	0.19829377894988032	0.14021981249999907	0.24775121968136532	0.018586	-0.0099269828451015	0.036387435984585166	negligible	0.11863736263736263	220561.0	0.0011547412434069096	26.0	11	0.5771484375	0.004997501249375313	0.035982008995502246	comparison	True	2000	200	set_D	superseded_leaky	reported	dominant_phylum
abs_err_completeness	magicc_v5	checkm2	1000	11	5.1759362701545975	9.887259516262748	-4.71132324610815	-6.278282033466898	-2.3623621992313555	-2.537992999999993	-4.474114573901704	-1.3764799999999866	-3.999001995243976	-5.82092064361316	-2.0913866803452454	-0.253176	-0.35021881281215295	-0.13455017064585248	small	-0.5468971028971029	113389.0	9.753551936302874e-51	19.0	11	0.240234375	0.00399800099950025	0.001999000499750125	reference	True	2000	200	set_D	superseded_leaky	reported	dominant_phylum
abs_err_contamination	magicc_v5	checkm2	1000	11	8.058032512078764	36.92437572675197	-28.866343214673208	-32.38590660011657	-25.746732036320097	-27.365604565978163	-33.459424	-24.284324775706725	-28.63142420586341	-32.243813455917696	-25.603158230946907	-0.74635	-0.8046243253475525	-0.695067627936429	large	-0.9886793206793206	2833.0	1.5673900477441452e-161	0.0	11	0.0009765625	0.0009995002498750624	0.0009995002498750624	reference	True	2000	200	set_D	superseded_leaky	reported	dominant_phylum
abs_err_completeness	magicc_v5	cocopye	1000	11	5.1759362701545975	7.405980408259354	-2.230044138104756	-5.497104975137831	-0.8611894339179663	-1.128307984435267	-2.193866440071969	-0.5760789922040459	-1.6136134277550909	-3.720195425984233	-0.790616597261778	-0.184196	-0.30591184726237114	-0.09833598990645756	small	-0.3142017982017982	171621.0	7.504947489844906e-18	4.0	11	0.0068359375	0.001999000499750125	0.00399800099950025	reference	True	2000	200	set_D	superseded_leaky	reported	dominant_phylum
abs_err_contamination	magicc_v5	cocopye	1000	11	8.058032512078764	23.22881308549918	-15.170780573420416	-20.21991274593615	-12.313793116361127	-11.509800293950077	-16.54491046618329	-8.220239957281766	-14.325654123067462	-19.098490944944675	-11.64123551291622	-0.484866	-0.5977183292704628	-0.42920623883981845	large	-0.8756923076923077	31108.0	3.727163195016181e-127	2.0	11	0.0029296875	0.0009995002498750624	0.0009995002498750624	reference	True	2000	200	set_D	superseded_leaky	reported	dominant_phylum
abs_err_completeness	magicc_v5	deepcheck	1000	11	5.1759362701545975	9.974952677434645	-4.799016407280048	-6.808086363424022	-2.9133877935494135	-3.59028722268463	-4.95566515665283	-2.033787662475592	-4.1338802378331465	-6.031345298184111	-2.61968569868755	-0.34779	-0.41459319130878125	-0.2536785581140352	medium	-0.6062057942057942	98547.0	6.329499532035123e-62	7.0	11	0.0185546875	0.0009995002498750624	0.0009995002498750624	reference	True	2000	200	set_D	superseded_leaky	reported	dominant_phylum
abs_err_contamination	magicc_v5	deepcheck	1000	11	8.058032512078764	41.7739802882366	-33.71594777615783	-36.53554683375276	-31.39027782982558	-33.19677403639642	-36.96225868901722	-29.81962479388428	-33.41068664865036	-36.20788213107596	-31.367224012152484	-0.785834	-0.8227858369148273	-0.7579197519118737	large	-0.9953406593406593	1166.0	1.0934331248305245e-163	0.0	11	0.0009765625	0.0009995002498750624	0.0009995002498750624	reference	True	2000	200	set_D	superseded_leaky	reported	dominant_phylum
abs_err_completeness	magicc_v5	magicc_v4	1000	31	5.485888223766055	5.710083053087339	-0.2241948293212846	-0.36065307722477186	0.06413503698216078	-0.142552000000002	-0.1939299999999946	-0.008486375000004471	-0.1577992638306931	-0.2514362499999999	0.0013168125000054818	-0.03001	-0.04208908237967963	0.0051243866507376295	negligible	-0.1212067932067932	219918.0	0.0008994844803063988	225.0	31	0.6635807873681188	0.03398300849575212	0.1199400299850075	reference	True	2000	200	set_E	current	primary	dominant_phylum
abs_err_contamination	magicc_v5	magicc_v4	1000	31	5.657874715238257	5.875723997012404	-0.21784928177414747	-0.844125009877037	0.007979800644516926	-0.02404133500000004	-0.23962200000000067	0.0009557250000000045	-0.05643512750000282	-0.3281077092392859	0.019538623749995956	-0.041188	-0.0823791297336128	-0.0261332663671883	negligible	-0.04927072927072927	237920.0	0.17712134110515299	135.0	31	0.02600933238863945	0.0769615192403798	0.06496751624187906	reference	True	2000	200	set_E	current	primary	dominant_phylum
abs_err_completeness	magicc_v5	checkm2	1000	31	5.485888223766055	9.139516691419486	-3.6536284676534314	-4.898819911527479	-0.6322912056025473	-1.0198819999999955	-2.001874000000001	0.1036606695664323	-2.806061088380835	-4.1274193535241075	-0.49620706589479396	-0.050172	-0.10624105107529516	0.12044331111495828	negligible	-0.371992007992008	157159.0	2.1984116610310157e-24	221.0	31	0.608313562348485	0.15592203898050974	0.02498750624687656	reference	True	2000	200	set_E	current	primary	dominant_phylum
abs_err_contamination	magicc_v5	checkm2	1000	31	5.657874715238257	18.47213818642574	-12.814263471187491	-16.779011592768175	-10.56487462678973	-6.624984500000001	-9.976737	-4.88453413952476	-10.776523675	-15.469716900414126	-8.51324144232027	-0.345958	-0.38908496166853457	-0.2463286764340768	medium	-0.7397482517482518	65128.0	2.6787029916944946e-91	23.0	31	5.960464477539062e-07	0.0009995002498750624	0.0009995002498750624	reference	True	2000	200	set_E	current	primary	dominant_phylum
abs_err_completeness	magicc_v5	cocopye	1000	31	5.485888223766055	5.655966807107449	-0.17007858334139422	-0.8902751153043361	0.9763713500935474	0.09494500000000272	0.05174529569948487	0.3783717544948092	-0.13900793135828415	-0.6382205292042082	0.31511324098516313	0.071406	0.010446505200829948	0.18541290419265438	negligible	-0.030693306693306693	242569.0	0.4004707264510292	196.0	31	0.31757172010838985	0.0009995002498750624	0.6996501749125438	reference	True	2000	200	set_E	current	primary	dominant_phylum
abs_err_contamination	magicc_v5	cocopye	1000	31	5.657874715238257	13.522513429383515	-7.864638714145261	-9.620911106083001	-6.782490414762852	-2.7592617073264147	-4.105287692866202	-2.1734162157927783	-6.065827659418828	-7.873732741806045	-5.110548122593447	-0.239286	-0.28622116481893084	-0.17142735828240152	small	-0.6290909090909091	92820.0	1.510206844217339e-66	30.0	31	1.8952414393424988e-06	0.0009995002498750624	0.0009995002498750624	reference	True	2000	200	set_E	current	primary	dominant_phylum
abs_err_completeness	magicc_v5	deepcheck	1000	31	5.485888223766055	11.694699721773006	-6.208811498006952	-7.97619792049796	-2.275695605477378	-3.8178731684570266	-5.301973200683591	-1.3869648611122456	-5.356086359572686	-7.018701716787268	-2.888918399146749	-0.369174	-0.44212782984701243	-0.13812751644019686	medium	-0.633982017982018	91596.0	1.4759399873240691e-67	183.0	31	0.209396718069911	0.0009995002498750624	0.001999000499750125	reference	True	2000	200	set_E	current	primary	dominant_phylum
abs_err_contamination	magicc_v5	deepcheck	1000	31	5.657874715238257	25.43113911968649	-19.773264404448238	-21.599481232591494	-17.95304797919949	-13.015881526993748	-14.415398289799557	-9.656419676300048	-17.579054239506263	-19.044282687441132	-16.113670179935617	-0.458396	-0.4958290572787601	-0.3538839904212194	medium	-0.8482277722277722	37981.0	1.994894216483225e-119	18.0	31	2.3562461137771606e-07	0.0009995002498750624	0.0009995002498750624	reference	True	2000	200	set_E	current	primary	dominant_phylum
abs_err_completeness	magicc_v5	checkm2	1000	6	5.633003436999999	9.171165078999998	-3.538161642	-5.613373134117646	-1.5033151074352695	-2.265395000000005	-4.155726999999995	-0.9437829999999963	-3.2765302500000004	-5.3686043750000065	-1.748274000000002	-0.20649	-0.31970657439446365	-0.11417761485715712	small	-0.4073606393606394	148308.0	6.484813006040347e-29	0.0	6	0.03125	0.0009995002498750624	0.0009995002498750624	reference	True	2000	200	set_D_clean	current	primary	dominant_phylum
abs_err_contamination	magicc_v5	checkm2	1000	6	6.52290456265	34.697951454000005	-28.17504689135	-30.947472994841696	-25.632722603623655	-28.899680000000004	-32.058009999999996	-25.518252	-28.0088145	-30.646815610937498	-25.08781699375	-0.786828	-0.8367950052029136	-0.7427282930313234	large	-0.9863656343656344	3412.0	8.725220290307931e-161	0.0	6	0.03125	0.0009995002498750624	0.0009995002498750624	reference	True	2000	200	set_D_clean	current	primary	dominant_phylum
abs_err_completeness	magicc_v5	cocopye	1000	6	5.633003436999999	6.328933547884035	-0.6959301108840356	-4.302841288952124	0.6887852305327605	-0.2595032330736764	-1.8504114637533498	0.09132680693975459	-0.514374588794988	-2.7012303887234514	0.3140914650938771	-0.058938	-0.28445987654320987	0.009718546523839529	negligible	-0.09148851148851149	227355.0	0.012205656860470178	8.0	6	0.6875	0.191904047976012	0.3798100949525237	reference	True	2000	200	set_D_clean	current	primary	dominant_phylum
abs_err_contamination	magicc_v5	cocopye	1000	6	6.52290456265	21.246160949803592	-14.72325638715359	-18.059532798130167	-13.45301176227635	-12.171225681851183	-15.733252352788782	-10.383807580076759	-14.222451170594368	-17.490096500149367	-12.742704104335223	-0.556028	-0.6281023200475907	-0.5183269137950183	large	-0.8744215784215784	31426.0	8.597587953316779e-127	0.0	6	0.03125	0.0009995002498750624	0.0009995002498750624	reference	True	2000	200	set_D_clean	current	primary	dominant_phylum
abs_err_completeness	magicc_v5	deepcheck	1000	6	5.633003436999999	8.781975051932617	-3.1489716149326177	-5.60951420616045	-1.1200907687421593	-2.0993368872070306	-3.6010314512207002	-1.0810689353027385	-2.7016194209594726	-4.823664622070307	-1.2128674184448243	-0.257182	-0.41494348602022607	-0.16400885267340676	small	-0.3852907092907093	153831.0	4.8546564317468056e-26	0.0	6	0.03125	0.0009995002498750624	0.0009995002498750624	reference	True	2000	200	set_D_clean	current	primary	dominant_phylum
abs_err_contamination	magicc_v5	deepcheck	1000	6	6.52290456265	38.95713440537838	-32.434229842728385	-34.4582633528211	-30.639571098018127	-33.38137185839081	-36.591349275393014	-30.63753109012327	-32.37037042404175	-34.26654697523009	-30.268484970889663	-0.815482	-0.8502479338842975	-0.7850321395775941	large	-0.9894025974025974	2652.0	9.156708470918676e-162	0.0	6	0.03125	0.0009995002498750624	0.0009995002498750624	reference	True	2000	200	set_D_clean	current	primary	dominant_phylum
