genome_id	true_completeness	true_contamination	dominant_accession	dominant_phylum	sample_type	n_contigs	total_length
genome_0	69.1111560602002	62.66696916188779	RS_GCF_022693705.1	Thermoproteota	set_d	266	2410525
genome_1	100.0	85.11817995214592	GB_GCA_038731505.1	Thermoproteota	set_d	4	3021212
genome_10	100.0	69.99109944083197	RS_GCF_000299395.1	Thermoproteota	set_d	8	2874388
genome_100	62.05447606088595	79.15431377916566	RS_GCF_005435235.1	Halobacteriota	set_d	40	5101666
genome_101	51.841485061055224	11.133123111900707	RS_GCF_007833275.1	Halobacteriota	set_d	90	1589083
genome_102	78.3194934584495	66.22002099941005	GB_GCA_027310185.1	Thermoplasmatota	set_d	67	2714666
genome_103	59.94311314812156	42.210852227671516	GB_GCA_035372225.1	Methanobacteriota	set_d	37	1415761
genome_104	60.65793907096195	73.29541417860315	RS_GCF_002201895.1	Methanobacteriota	set_d	49	1904309
genome_105	64.90987444147109	36.30355237150881	RS_GCF_016757965.1	Halobacteriota	set_d	6	2141500
genome_106	100.0	31.552299857694464	RS_GCF_000213215.1	Thermoproteota	set_d	16	2812133
genome_107	100.0	7.287735945628019	RS_GCF_003385755.1	Methanobacteriota	set_d	3	1834145
genome_108	91.49137282930069	73.57473847097812	RS_GCF_012933645.1	Methanobacteriota	set_d	75	3916966
genome_109	78.82200599442997	70.52142630620364	GB_GCA_937975815.1	Thermoproteota	set_d	364	2547675
genome_11	63.935990869907776	2.1122510852605396	GB_GCA_036749475.1	Methanobacteriota	set_d	7	1368118
genome_110	78.91743191782993	13.209679550617956	GB_GCA_021371835.1	Halobacteriota	set_d	61	2307739
genome_111	69.23909117384943	94.96549353730818	GB_GCA_030750765.1	Nanobdellota	set_d	10	1877530
genome_112	79.53202658689986	18.837304114006677	GB_GCA_002494785.1	Methanobacteriota	set_d	62	2147432
genome_113	64.99961310111024	68.37088727194023	RS_GCF_028328625.1	Halobacteriota	set_d	71	4670911
genome_114	100.0	52.948008635328605	GB_GCA_963607875.1	Methanobacteriota	set_d	6	3001103
genome_115	60.10498105125317	74.71257830576563	RS_GCF_038727195.1	Thermoproteota	set_d	17	2915667
genome_116	85.47703928635578	38.78485467514636	RS_GCF_963082495.1	Methanobacteriota	set_d	621	2857150
genome_117	76.1289170898747	82.61581213428255	RS_GCF_000970265.1	Halobacteriota	set_d	34	6571727
genome_118	70.29744807012035	50.023494287482336	GB_GCA_026394375.1	Thermoplasmatota	set_d	4	2084363
genome_119	93.99358243036178	80.92501013880978	RS_GCF_959603635.1	Methanobacteriota	set_d	337	3092489
genome_12	90.66033161485248	29.638905102574054	RS_GCF_000710615.1	Halobacteriota	set_d	28	4723819
genome_120	66.2811743618074	51.176256281240605	RS_GCF_000731985.1	Halobacteriota	set_d	29	4433002
genome_121	65.28518260266536	12.199274119762647	GB_GCA_031316115.1	Thermoproteota	set_d	15	2449169
genome_122	80.43028869100748	34.474438260875196	RS_GCF_000214415.1	Methanobacteriota	set_d	31	2130560
genome_123	80.43781630773843	53.75792033387345	GB_GCA_002495685.1	Methanobacteriota	set_d	107	2255986
genome_124	67.45823073053194	55.815063415150796	GB_GCA_030578235.1	Thermoproteota	set_d	6	1862265
genome_125	58.11677658727993	28.586366340509333	GB_GCA_958427865.1	Thermoplasmatota	set_d	26	1286894
genome_126	91.66005278798059	15.13092843036179	RS_GCF_900079115.1	Thermoproteota	set_d	162	3240064
genome_127	83.82041216566857	76.12966695001863	RS_GCF_000015945.1	Thermoproteota	set_d	155	2511992
genome_128	81.46933554600014	64.74612228343854	RS_GCF_003711245.1	Thermoplasmatota	set_d	299	2437071
genome_129	69.41916036890613	29.585493787384312	GB_GCA_945861715.1	Nanobdellota	set_d	4	1282933
genome_13	100.0	4.737151507899761	GB_GCA_014075315.1	Thermoproteota	set_d	4	2013268
genome_130	79.21899733227067	88.3616710390861	GB_GCA_029881505.1	Thermoproteota	set_d	26	3027814
genome_131	89.82935228437135	73.67360096707576	GB_GCA_002499445.1	Halobacteriota	set_d	32	5069378
genome_132	70.20317026961183	52.722124573247136	GB_GCA_033578675.1	Thermoproteota	set_d	5	1831625
genome_133	71.03702070676107	71.24465179855629	RS_GCF_024464185.1	Halobacteriota	set_d	43	5479354
genome_134	67.84393081100009	90.3282874803812	RS_GCF_037081695.1	Halobacteriota	set_d	219	6576804
genome_135	84.87133841032039	30.117747297585776	GB_GCA_002503125.1	Methanobacteriota	set_d	85	2461653
genome_136	100.0	15.521271486728452	GB_GCA_003600755.1	Methanobacteriota	set_d	4	2391020
genome_137	50.755365135295484	74.27875174652488	GB_GCA_002505765.1	Methanobacteriota	set_d	26	2843027
genome_138	79.25717673557344	68.77722972412026	RS_GCF_001560795.1	Thermoproteota	set_d	218	3280928
genome_139	66.7938504905017	95.64049585611123	RS_GCF_000013445.1	Halobacteriota	set_d	318	5757872
genome_14	71.85755555072872	18.29901650888663	RS_GCF_025698945.1	Thermoproteota	set_d	11	1577273
genome_140	53.72517863449784	35.757641406740476	RS_GCF_038876135.1	Thermoproteota	set_d	143	2346091
genome_141	55.189328492328436	18.962481294072873	RS_GCF_038734055.1	Thermoproteota	set_d	25	1346301
genome_142	52.50233278435393	5.887720858343655	RS_GCF_000337335.1	Halobacteriota	set_d	11	1930454
genome_143	90.48723341987578	47.286805784937734	RS_GCF_038872975.1	Thermoproteota	set_d	93	2415037
genome_144	58.9240580999097	57.054948520503316	RS_GCF_030055635.1	Halobacteriota	set_d	72	2044747
genome_145	65.11447971940953	41.24913633181358	RS_GCF_004087835.1	Halobacteriota	set_d	10	3713073
genome_146	67.68581348473496	36.93818001456326	RS_GCF_041647975.1	Methanobacteriota_B	set_d	69	1982813
genome_147	76.01485172033918	14.404749062824699	RS_GCF_958408285.1	Methanobacteriota	set_d	37	1617745
genome_148	94.22227556814819	24.954634361576055	RS_GCF_000011005.1	Halobacteriota	set_d	12	3524818
genome_149	66.72986112450933	45.311374020815926	RS_GCF_000730285.1	Thermoproteota	set_d	243	3310116
genome_15	85.67752398328176	47.9758050572081	GB_GCA_963617875.1	Methanobacteriota	set_d	111	2241647
genome_150	56.55248574068904	83.41262988769282	RS_GCF_024662215.1	Halobacteriota	set_d	598	4427126
genome_151	63.85275812401662	86.48271411511504	GB_GCA_038844195.1	Halobacteriota	set_d	21	2259700
genome_152	65.18428836823405	82.70494020886316	RS_GCF_900101055.1	Halobacteriota	set_d	10	3279769
genome_153	52.71336563808947	13.253822500548498	RS_GCF_934746735.1	Methanobacteriota	set_d	31	1184648
genome_154	77.72513387628433	49.15670700465112	GB_GCA_903884505.1	Micrarchaeota	set_d	33	1914227
genome_155	62.63774847083028	21.195583089228027	RS_GCF_028890305.1	Methanobacteriota	set_d	58	1497073
genome_156	50.23047423285137	6.18876150830767	RS_GCF_009831575.1	Halobacteriota	set_d	37	1831321
genome_157	58.11469431923387	14.729333036192392	RS_GCF_001560525.1	Thermoproteota	set_d	8	1631063
genome_158	100.0	74.57142442481667	RS_GCF_000404165.1	Methanobacteriota	set_d	67	3488267
genome_159	73.56505741054352	22.212897986286038	RS_GCF_038877935.1	Thermoproteota	set_d	8	2088627
genome_16	67.75584531711682	27.474223469405402	GB_GCA_001402855.1	Halobacteriota	set_d	33	2973477
genome_160	74.96233094554228	84.13796506664161	GB_GCA_902827205.1	Methanobacteriota	set_d	81	2353620
genome_161	83.3251855257648	92.12392274610573	GB_GCA_034679845.1	Halobacteriota	set_d	77	4705024
genome_162	79.80389378328778	33.97907140446014	GB_GCA_027343305.1	Nanobdellota	set_d	59	987635
genome_163	91.68887461778333	97.72024916417877	RS_GCF_934879315.1	Methanobacteriota	set_d	24	3250217
genome_164	80.033876399757	36.38395891808916	RS_GCF_900314695.1	Methanobacteriota	set_d	125	2705937
genome_165	59.57718218222492	39.008230944594814	GB_GCA_002506535.1	Halobacteriota	set_d	37	2309245
genome_166	100.0	68.3086410226732	GB_GCA_038821125.1	Thermoproteota	set_d	10	2093948
genome_167	100.0	71.08055379427114	GB_GCA_963589775.1	Thermoplasmatota	set_d	12	2455331
genome_168	100.0	76.46826179263668	RS_GCF_022014235.1	Methanobacteriota	set_d	3	3078750
genome_169	54.911770206699494	56.62525265650808	RS_GCF_019931065.1	Methanobacteriota	set_d	81	2969903
genome_17	56.90978650749876	16.78949716666608	GB_GCA_012840175.1	Methanobacteriota	set_d	5	1048914
genome_170	83.9389451740451	18.781175730785947	RS_GCF_029225785.1	Halobacteriota	set_d	607	3887746
genome_171	57.39694291823964	57.086151581967286	GB_GCA_004015825.1	Halobacteriota	set_d	47	4301708
genome_172	100.0	77.32308261891477	RS_GCF_900111935.1	Halobacteriota	set_d	55	5373870
genome_173	69.85981786861427	87.81231566976213	RS_GCF_007421925.1	Halobacteriota	set_d	65	6313763
genome_174	67.54779008372532	46.97740164852312	GB_GCA_002504765.1	Methanobacteriota	set_d	5	2433027
genome_175	80.41103907566749	51.35952148476842	RS_GCF_000020905.1	Thermoproteota	set_d	299	1798962
genome_176	68.31928123434399	10.242402671114297	RS_GCF_000189555.1	Thermoproteota	set_d	32	1982105
genome_177	100.0	81.18312705228593	RS_GCF_028471865.1	Methanobacteriota_B	set_d	278	3765846
genome_178	51.10221666388003	73.87324269763565	RS_GCF_029229925.1	Halobacteriota	set_d	368	3535532
genome_179	100.0	18.25755645739068	GB_GCA_038893675.1	Thermoproteota	set_d	11	1977439
genome_18	89.93517281776285	79.8973350722148	RS_GCF_002214525.1	Methanobacteriota_B	set_d	56	2586240
genome_180	73.79726788087699	71.73272837660308	RS_GCF_900103715.1	Halobacteriota	set_d	103	5486753
genome_181	62.41232188347251	21.868408301689637	RS_GCF_963662735.1	Halobacteriota	set_d	19	2377776
genome_182	74.73340593213057	17.78134584599295	RS_GCF_902800615.1	Methanobacteriota	set_d	37	2508729
genome_183	77.60647393897145	11.570520350445632	RS_GCF_033843025.1	Halobacteriota	set_d	69	3484575
genome_184	57.603382538163814	24.7565042357065	RS_GCF_006546655.1	Halobacteriota	set_d	42	2405052
genome_185	63.26214959199804	87.37003252858531	RS_GCF_017940815.1	Methanobacteriota	set_d	42	3051210
genome_186	73.12172514070343	94.73144886520934	GB_GCA_038881615.1	Thermoproteota	set_d	123	2152393
genome_187	82.12482429478517	67.35677882245291	RS_GCF_025517565.1	Halobacteriota	set_d	73	5057722
genome_188	100.0	27.481771498283543	RS_GCF_001560385.1	Thermoproteota	set_d	6	2875744
genome_189	75.79137596693383	31.51569500375798	RS_GCF_001577775.1	Methanobacteriota_B	set_d	70	2121596
genome_19	61.074796307515044	16.446831038543838	RS_GCF_001433455.1	Methanobacteriota_B	set_d	4	1851625
genome_190	71.19151043244797	94.821545714284	RS_GCF_021431925.1	Halobacteriota	set_d	51	5511836
genome_191	74.69088769939705	83.14417593656461	GB_GCA_024276695.1	Thermoproteota	set_d	85	2463043
genome_192	77.75188176315068	65.14376525997949	GB_GCA_934702355.1	Thermoplasmatota	set_d	25	2472702
genome_193	60.60311618733988	67.79268015458058	RS_GCF_000403645.1	Halobacteriota	set_d	16	4179617
genome_194	88.18991089798784	27.46479290980332	RS_GCF_001266715.1	Thermoproteota	set_d	14	2534611
genome_195	67.53287969321119	25.348956155417245	GB_GCA_035412425.1	Thermoplasmatota	set_d	19	1612594
genome_196	100.0	98.76267246812068	RS_GCF_905209735.1	Methanobacteriota	set_d	44	3592363
genome_197	81.85897693556444	23.137811581517937	RS_GCF_029633915.1	Halobacteriota	set_d	19	2559954
genome_198	56.17793000703482	66.19887129173902	GB_GCA_001563305.1	Thermoplasmatota	set_d	7	1950078
genome_199	73.5558237722871	2.570608831268893	RS_GCF_000013725.1	Halobacteriota	set_d	37	1960280
genome_2	84.73372334299715	53.00489680147805	RS_GCF_001560605.1	Thermoproteota	set_d	387	3028291
genome_20	83.87374970421303	90.49281756307413	GB_GCA_036807445.1	Methanobacteriota	set_d	265	3109615
genome_200	100.0	24.23100072150342	GB_GCA_038888075.1	Thermoproteota	set_d	5	1661571
genome_201	100.0	94.19885786891153	RS_GCF_037389515.1	Methanobacteriota	set_d	68	3594817
genome_202	100.0	29.29344628513894	RS_GCF_027925105.1	Halobacteriota	set_d	118	4003931
genome_203	86.34027791740789	23.163964074555775	RS_GCF_008245085.1	Methanobacteriota_B	set_d	8	2069536
genome_204	52.87282060233722	49.5799619237382	GB_GCA_011765365.1	Halobacteriota	set_d	19	2887687
genome_205	51.13269090804423	52.860845090113614	RS_GCF_041379825.1	Halobacteriota	set_d	292	4046480
genome_206	74.88601602067308	12.199190529337887	GB_GCA_002496395.1	Halobacteriota	set_d	29	1806317
genome_207	74.13979146054895	31.465529167187427	RS_GCF_038876855.1	Thermoproteota	set_d	98	2213798
genome_208	78.56204036239114	48.95896065304257	GB_GCA_038874135.1	Nanobdellota	set_d	68	1160385
genome_209	76.2177368057982	3.595649564150115	GB_GCA_035418285.1	Halobacteriota	set_d	9	1603593
genome_21	100.0	41.455240756843786	GB_GCA_040514375.1	Thermoproteota	set_d	6	2061075
genome_210	67.11227707850745	80.66586088968941	GB_GCA_040776445.1	Halobacteriota	set_d	146	3441775
genome_211	50.58984898922911	79.96870847389911	RS_GCF_000328525.1	Halobacteriota	set_d	42	4209046
genome_212	89.81705949282589	60.40703294406563	RS_GCF_001560515.1	Thermoproteota	set_d	30	3335074
genome_213	77.34683419069336	19.97201264810545	RS_GCF_003670115.1	Halobacteriota	set_d	219	4540585
genome_214	76.26102869062929	55.09048359816547	GB_GCA_026994865.1	Thermoproteota	set_d	70	2805843
genome_215	75.00612899048795	37.74163266940425	RS_GCF_017352155.2	Halobacteriota	set_d	51	4815104
genome_216	100.0	25.48588036807556	RS_GCF_038880955.1	Thermoproteota	set_d	5	2725212
genome_217	100.0	53.08414553040832	RS_GCF_013329775.1	Methanobacteriota_B	set_d	19	2640155
genome_218	72.09218624494785	26.54126508128887	GB_GCA_018396775.1	Thermoproteota	set_d	32	1312684
genome_219	69.34091697963345	96.7289759810375	GB_GCA_020855035.1	Halobacteriota	set_d	108	4248586
genome_22	58.48104685184003	46.80506679625936	RS_GCF_025641885.1	Thermoproteota	set_d	99	2424317
genome_220	62.50222871889268	50.03446844603252	GB_GCA_018674115.1	Nanobdellota	set_d	31	1558999
genome_221	100.0	60.85750471071572	RS_GCF_000245235.1	Thermoproteota	set_d	111	4165952
genome_222	100.0	36.087287422264225	GB_GCA_038874715.1	Micrarchaeota	set_d	2	1316043
genome_223	60.3684891602392	17.187875885736435	RS_GCF_000813245.1	Thermoproteota	set_d	104	1360486
genome_224	84.90177113982129	13.206275515917861	GB_GCA_023268205.1	Thermoproteota	set_d	10	1445470
genome_225	67.30095048836729	83.27122829034502	RS_GCF_000025325.1	Halobacteriota	set_d	444	8192304
genome_226	100.0	15.486303872344717	GB_GCA_002496495.1	Halobacteriota	set_d	18	3492762
genome_227	68.35445365200816	72.90262663404215	RS_GCF_000196895.1	Halobacteriota	set_d	182	5224605
genome_228	86.76754558144461	48.56903288584672	GB_GCA_026414505.1	Halobacteriota	set_d	146	1699596
genome_229	53.72408476219566	26.311416189275917	RS_GCF_036677455.1	Halobacteriota	set_d	197	2015037
genome_23	60.58663220714173	20.39403352707278	RS_GCF_000949015.1	Thermoplasmatota	set_d	19	1415027
genome_230	56.9659099747137	33.21644349091268	RS_GCF_000245135.1	Thermoproteota	set_d	333	2377040
genome_231	98.24653370348669	86.48564062140404	GB_GCA_000565255.1	Thermoproteota	set_d	95	3323136
genome_232	69.52160237883052	30.218587733995363	RS_GCF_000979475.1	Halobacteriota	set_d	96	4059325
genome_233	87.71846542097231	44.62937801222108	GB_GCA_002499035.1	Methanobacteriota	set_d	47	2813064
genome_234	75.87269432943032	73.14133731031474	GB_GCA_037443975.1	Thermoproteota	set_d	64	2961560
genome_235	62.989735032728355	59.60471265182904	RS_GCF_901686465.1	Halobacteriota	set_d	190	4235583
genome_236	74.90485047766337	41.16322758326019	RS_GCF_041228365.1	Methanobacteriota	set_d	19	1999333
genome_237	100.0	81.00844337278077	GB_GCA_000166095.1	Methanobacteriota	set_d	2	2250554
genome_238	77.59903254090479	76.05691932404022	GB_GCA_016927245.1	Nanobdellota	set_d	75	1705137
genome_239	80.58118787858555	8.786851080293372	RS_GCF_026768455.1	Thermoproteota	set_d	4	1499114
genome_24	53.0310101700404	72.78350386585358	GB_GCA_005239175.1	Halobacteriota	set_d	12	4226955
genome_240	78.26033845746488	47.75289793456052	GB_GCA_002011155.2	Halobacteriota	set_d	8	1846540
genome_241	54.56129731485905	79.52711593710019	RS_GCF_004521895.1	Halobacteriota	set_d	157	4853546
genome_242	75.38295446602528	51.33589860010679	RS_GCF_015709365.1	Methanobacteriota	set_d	205	2157372
genome_243	66.35064096434469	83.22624032513146	RS_GCF_017875315.1	Halobacteriota	set_d	185	3801121
genome_244	53.418925382394846	96.74002116888066	RS_GCF_019175325.1	Thermoproteota	set_d	134	4172327
genome_245	60.46988945650733	85.18228222336134	RS_GCF_009617975.1	Nanohalarchaeota	set_d	19	1417870
genome_246	78.89690893959	11.673659561196587	GB_GCA_027460535.1	Halobacteriota	set_d	81	2628136
genome_247	72.36896417699691	61.1754432304477	RS_GCF_012027645.1	Methanobacteriota_B	set_d	68	2659406
genome_248	85.76827550154842	57.86281839339619	RS_GCF_002252875.1	Halobacteriota	set_d	290	4703858
genome_249	79.56214936965637	12.199585616630296	RS_GCF_009729515.1	Thermoproteota	set_d	152	2030177
genome_25	76.62237591319389	3.68983850942072	RS_GCF_003268005.1	Methanobacteriota	set_d	24	2303429
genome_250	86.00581423601682	44.26040002172478	RS_GCF_030539805.1	Methanobacteriota	set_d	216	2278558
genome_251	100.0	74.93822295843742	RS_GCF_029232225.1	Halobacteriota	set_d	138	6859249
genome_252	83.67400729295076	73.21235738437257	RS_GCF_004099695.1	Halobacteriota	set_d	167	5583239
genome_253	82.33562315996075	17.023837723644835	GB_GCA_041480985.1	Halobacteriota	set_d	285	2055320
genome_254	62.036045286199595	50.87646337889797	RS_GCF_902209435.1	Halobacteriota	set_d	53	4458137
genome_255	100.0	6.344361964015273	RS_GCF_000022385.1	Thermoproteota	set_d	9	2909871
genome_256	77.34138400441762	97.66264188834151	GB_GCA_030615375.1	Thermoproteota	set_d	24	3140680
genome_257	59.60197626254842	88.99314244110731	GB_GCA_027460525.1	Halobacteriota	set_d	248	3624758
genome_258	83.20695254114122	64.43649041360456	GB_GCA_002508475.1	Halobacteriota	set_d	365	4559262
genome_259	84.76334960483001	67.2474854268452	RS_GCF_011440375.1	Halobacteriota	set_d	730	5722381
genome_26	78.13077525422287	45.87855700264149	RS_GCF_031312595.1	Halobacteriota	set_d	122	3469827
genome_260	74.84703612521949	55.07454193002584	RS_GCF_041477585.1	Halobacteriota	set_d	89	4269314
genome_261	59.07279924769556	24.89347816925062	RS_GCF_036751625.1	Methanobacteriota	set_d	64	1972409
genome_262	66.73849083058286	75.44471322774778	RS_GCF_020515625.1	Halobacteriota	set_d	118	6696991
genome_263	97.8515068192135	77.95813925247425	GB_GCA_038734275.1	Halobacteriota	set_d	19	3040285
genome_264	64.59973580738068	5.563152038624507	RS_GCF_041647815.1	Methanobacteriota_B	set_d	11	1360805
genome_265	57.65163339352083	90.62609451137612	RS_GCF_037389975.1	Thermoproteota	set_d	9	3488453
genome_266	60.796974508352996	62.7099768793904	RS_GCF_038728425.1	Thermoproteota	set_d	26	2680543
genome_267	100.0	31.26092753755805	GB_GCA_013521055.1	Thermoproteota	set_d	121	1606597
genome_268	88.16126784196473	32.23125770609575	RS_GCF_024494685.1	Halobacteriota	set_d	36	3885251
genome_269	74.77148590592041	89.17351692182524	GB_GCA_038838665.1	Thermoproteota	set_d	73	2643764
genome_27	82.22413303413367	5.3683898698766495	RS_GCF_963666025.1	Methanobacteriota	set_d	133	2581328
genome_270	77.23835217854196	39.79951663078461	RS_GCF_023702065.1	Halobacteriota	set_d	9	2873591
genome_271	57.76334509194287	93.13161104785188	RS_GCF_900248165.1	Thermoproteota	set_d	11	2380042
genome_272	100.0	5.609501117120198	RS_GCF_934746965.1	Methanobacteriota	set_d	4	1877983
genome_273	68.90280622822905	76.28488389391237	RS_GCF_000189575.1	Thermoproteota	set_d	154	3855025
genome_274	81.26082774779849	20.53393418407246	GB_GCA_038864095.1	Thermoproteota	set_d	27	1698695
genome_275	70.59267044192434	46.176181627275014	RS_GCF_004118325.1	Halobacteriota	set_d	74	4773123
genome_276	54.268930655876154	27.52885882975032	RS_GCF_000023985.1	Methanobacteriota	set_d	3	1232898
genome_277	100.0	81.04957500786821	RS_GCF_000746205.1	Halobacteriota	set_d	62	5010480
genome_278	100.0	98.04706800591575	RS_GCF_022846155.1	Methanobacteriota	set_d	15	3547326
genome_279	75.5379635992581	20.419239219269713	GB_GCA_027386215.1	Thermoproteota	set_d	8	1799899
genome_28	78.0747726565122	89.8726007124575	RS_GCF_025913575.1	Halobacteriota	set_d	34	6645691
genome_280	54.14728458279109	93.48211524935355	GB_GCA_028275705.1	Thermoproteota	set_d	44	2172374
genome_281	73.36069038159616	24.375063517044413	RS_GCF_000970045.1	Halobacteriota	set_d	25	4116110
genome_282	77.85737237184922	1.4085455791319699	GB_GCA_038872015.1	Thermoproteota	set_d	4	1023755
genome_283	66.60185756700942	52.32299772231512	GB_GCA_032249475.1	Thermoproteota	set_d	19	2518235
genome_284	57.08214593717299	75.97005614855507	RS_GCF_023638035.1	Halobacteriota	set_d	86	4338348
genome_285	74.18089375529388	1.1496412171267645	RS_GCF_001729385.1	Methanobacteriota	set_d	8	1363384
genome_286	75.19308594027336	46.9164135361959	RS_GCF_000025285.1	Halobacteriota	set_d	122	1909088
genome_287	75.70710552223339	47.651689747709455	GB_GCA_016432545.1	Thermoproteota	set_d	17	1855732
genome_288	57.55158213403655	17.237973055525806	GB_GCA_027382215.1	Thermoplasmatota	set_d	14	1627055
genome_289	58.900359708431694	72.91991663442698	GB_GCA_038877015.1	Thermoproteota	set_d	8	2746283
genome_29	59.94676810440834	6.336169734114945	RS_GCF_004803735.1	Halobacteriota	set_d	141	2197980
genome_290	100.0	93.50747306732283	RS_GCF_900111645.1	Halobacteriota	set_d	17	4479400
genome_291	80.87800381676324	79.66711745412378	GB_GCA_002504405.1	Thermoplasmatota	set_d	98	2598662
genome_292	82.06799595401503	95.60935887267097	RS_GCF_035621495.1	Methanobacteriota_B	set_d	60	3613284
genome_293	62.17088833272557	5.261809801580909	RS_GCF_008831545.1	Halobacteriota	set_d	26	3001248
genome_294	100.0	63.0727061296834	RS_GCF_020854955.1	Methanobacteriota	set_d	63	4028902
genome_295	64.28889676560773	46.92861493219566	RS_GCF_945873965.1	Methanobacteriota	set_d	55	1904601
genome_296	81.8954904883482	37.98190086774599	RS_GCF_012222305.1	Thermoproteota	set_d	213	3344011
genome_297	73.00812022785117	83.54122732598069	GB_GCA_038871095.1	Thermoproteota	set_d	69	1937533
genome_298	53.29398504594371	65.08351981056575	RS_GCF_026616195.1	Halobacteriota	set_d	455	5455129
genome_299	78.02303542583273	0.0	GB_GCA_035360155.1	Methanobacteriota	set_d	36	1097891
genome_3	69.31741861236867	40.459996529247185	RS_GCF_900109065.1	Halobacteriota	set_d	115	3605738
genome_30	81.49726363241147	43.03420850048995	RS_GCF_041647895.1	Methanobacteriota_B	set_d	47	2311669
genome_300	85.7984930215964	80.37452985022857	RS_GCF_037914945.1	Halobacteriota	set_d	197	7713097
genome_301	100.0	15.804469222468574	RS_GCF_035968265.1	Thermoproteota	set_d	4	1766442
genome_302	100.0	89.93269135617703	RS_GCF_013839425.1	Halobacteriota	set_d	9	5431716
genome_303	55.53284898272022	4.971262257539806	RS_GCF_030019315.1	Halobacteriota	set_d	155	1433559
genome_304	69.19923138322288	15.663510114724884	RS_GCF_024498335.1	Halobacteriota	set_d	84	2421947
genome_305	100.0	21.31413450461732	RS_GCF_019669925.1	Methanobacteriota	set_d	6	2903376
genome_306	100.0	51.214800027474574	GB_GCA_038890115.1	Nanobdellota	set_d	2	1034716
genome_307	88.17411554325719	2.834481648949751	GB_GCA_038730335.1	Thermoproteota	set_d	116	1889151
genome_308	100.0	16.901918164916946	RS_GCF_030655665.1	Halobacteriota	set_d	2	2119046
genome_309	92.42436177217172	11.583362153016639	RS_GCF_008729005.1	Halobacteriota	set_d	47	4159272
genome_31	57.53614100015132	36.70572798058327	RS_GCF_019693215.1	Halobacteriota	set_d	13	2503703
genome_310	100.0	62.911312789504976	GB_GCA_029006975.1	Methanobacteriota	set_d	8	2841403
genome_311	85.88825996609644	61.295899635425386	RS_GCF_000446015.1	Thermoproteota	set_d	7	2576104
genome_312	70.06505853888679	36.161700108740476	RS_GCF_900103505.1	Halobacteriota	set_d	65	4003268
genome_313	52.37906219769184	17.435583523805647	GB_GCA_041494705.1	Halobacteriota	set_d	15	1440480
genome_314	100.0	45.11823897341573	RS_GCF_000725425.1	Methanobacteriota_B	set_d	15	2698285
genome_315	100.0	29.063672100644336	RS_GCF_020105915.1	Halobacteriota	set_d	4	5324314
genome_316	84.1291644211142	5.41933550121825	RS_GCF_027925405.1	Halobacteriota	set_d	222	2455830
genome_317	83.50207702389503	12.218409614288147	RS_GCF_000337435.1	Halobacteriota	set_d	265	3231739
genome_318	57.57464796712226	85.76718039002967	RS_GCF_000337835.1	Halobacteriota	set_d	50	5464804
genome_319	83.35648855795266	97.06674709581623	RS_GCF_038877735.1	Thermoproteota	set_d	269	3966078
genome_32	76.57173759663	41.65346154751407	RS_GCF_002078355.1	Thermoplasmatota	set_d	134	2159907
genome_320	100.0	1.8837359666137659	GB_GCA_029779015.1	Methanobacteriota	set_d	4	1733348
genome_321	65.67425555999893	77.63296050357036	RS_GCF_003852175.1	Thermoproteota	set_d	196	3809305
genome_322	100.0	17.069020609122738	GB_GCA_016207515.1	Thermoplasmatota	set_d	6	3121519
genome_323	85.50721039797867	47.24856472440134	RS_GCF_022427045.1	Thermoproteota	set_d	87	2887693
genome_324	60.673554409120676	36.97210066359269	RS_GCF_021729015.1	Halobacteriota	set_d	126	2993558
genome_325	53.058690932417704	4.76428554086156	RS_GCF_000969925.1	Halobacteriota	set_d	540	1809991
genome_326	64.6060103493781	15.387183094844536	GB_GCA_038875615.1	Thermoproteota	set_d	112	1593622
genome_327	66.42123003812786	87.77265508816018	GB_GCA_013215285.1	Thermoproteota	set_d	19	2567211
genome_328	55.82064381445261	69.06785945018999	GB_GCA_902496515.1	Methanobacteriota	set_d	81	2197934
genome_329	65.54916175451437	43.47180800946871	RS_GCF_002252585.1	Methanobacteriota	set_d	8	2100120
genome_33	72.53178069278557	69.29519862290599	RS_GCF_002214585.1	Methanobacteriota_B	set_d	8	2897728
genome_330	58.052753442070085	3.9970515119560925	RS_GCF_021963785.1	Halobacteriota	set_d	447	1884756
genome_331	100.0	34.20519721969458	GB_GCA_018302765.1	Nanobdellota	set_d	118	1367198
genome_332	75.93593790531067	86.73923340667275	RS_GCF_002355655.1	Halobacteriota	set_d	87	5010719
genome_333	72.36890651407867	79.75554254531797	GB_GCA_028275825.1	Thermoproteota	set_d	29	2754274
genome_334	81.89144193438639	37.15841860202336	RS_GCF_041530035.1	Halobacteriota	set_d	167	3877173
genome_335	80.20296747680297	91.36610354452793	GB_GCA_038732515.1	Thermoproteota	set_d	29	2282826
genome_336	57.562333637372475	99.42906209988202	GB_GCA_000965745.1	Thermoplasmatota	set_d	127	3495707
genome_337	68.20732242400327	37.85339250324659	RS_GCF_009917665.1	Methanobacteriota	set_d	10	1800842
genome_338	100.0	1.6101871725080636	RS_GCF_002761295.1	Halobacteriota	set_d	4	2118547
genome_339	76.2346202861195	21.622024622884766	RS_GCF_028471785.1	Methanobacteriota_B	set_d	101	2040998
genome_34	100.0	58.983333289248506	RS_GCF_024054535.1	Methanobacteriota_B	set_d	3	3005254
genome_340	100.0	14.167789239689402	GB_GCA_030055525.1	Halobacteriota	set_d	2	1783173
genome_341	80.80328612023308	96.55515750599838	GB_GCA_905211115.1	Thermoplasmatota	set_d	122	3208095
genome_342	69.49408375978497	15.583007103950091	RS_GCF_001767315.1	Halobacteriota	set_d	7	1677961
genome_343	76.3014322318521	94.14922569646485	GB_GCA_937868195.1	Halobacteriota	set_d	110	4174294
genome_344	100.0	4.557548112308206	GB_GCA_038883335.1	Thermoproteota	set_d	7	1279959
genome_345	52.00333711784718	71.38158563690193	RS_GCF_013761045.1	Methanobacteriota	set_d	39	2487577
genome_346	93.18512791931106	76.0216964415918	RS_GCF_012027395.1	Methanobacteriota_B	set_d	110	3388123
genome_347	53.532285262736025	82.02774437966471	RS_GCF_007826885.1	Thermoproteota	set_d	179	3585373
genome_348	65.91759956235656	3.9460494427075217	RS_GCF_009797925.1	Halobacteriota	set_d	48	1828790
genome_349	78.83590032633238	24.866814976075972	RS_GCF_934772625.1	Methanobacteriota	set_d	8	1873010
genome_35	74.05354219993508	54.8767759949207	RS_GCF_000220645.1	Methanobacteriota	set_d	260	2252022
genome_350	53.73488672362783	81.89303741138835	RS_GCF_000012545.1	Methanobacteriota	set_d	145	2397092
genome_351	100.0	6.646411661592133	GB_GCA_002839645.1	Halobacteriota	set_d	4	2967109
genome_352	86.55016324515785	81.41002463832754	RS_GCF_028211295.1	Halobacteriota	set_d	94	6206223
genome_353	62.31766222316227	38.15457573450803	RS_GCF_000190035.1	Methanobacteriota	set_d	218	1919074
genome_354	80.17257241359273	29.26575484559622	GB_GCA_963662625.1	Thermoproteota	set_d	235	2034128
genome_355	88.61426866192652	15.784039794754678	RS_GCF_014647475.1	Halobacteriota	set_d	207	3529023
genome_356	52.96885284850185	6.2278723578280735	RS_GCF_017873555.1	Halobacteriota	set_d	40	1823844
genome_357	73.74271614771439	71.7671199360475	RS_GCF_000337375.1	Halobacteriota	set_d	191	4983773
genome_358	77.32648581412008	68.95134269036025	GB_GCA_000190055.2	Methanobacteriota	set_d	56	2914084
genome_359	69.11035130925762	5.342356782305599	RS_GCF_003665865.1	Halobacteriota	set_d	14	2888299
genome_36	100.0	23.606655212698893	RS_GCF_002215405.1	Thermoproteota	set_d	7	2684231
genome_360	56.463542277407896	55.223550769345536	RS_GCF_002177135.1	Halobacteriota	set_d	96	4371769
genome_361	59.42327511621293	16.494723149725257	RS_GCF_038878235.1	Thermoproteota	set_d	37	1652274
genome_362	53.525138565683825	79.63707883613597	RS_GCF_000591035.1	Thermoproteota	set_d	12	2125261
genome_363	61.77161726501092	4.462255991835804	GB_GCA_020057295.1	Nanobdellota	set_d	11	795696
genome_364	57.370054751756136	76.36279110938258	RS_GCF_016278365.1	Halobacteriota	set_d	14	3837460
genome_365	100.0	50.73677144135823	GB_GCA_026413765.1	Micrarchaeota	set_d	7	1266418
genome_366	81.79256302787002	79.47031560479857	RS_GCF_003173355.1	Halobacteriota	set_d	443	6037200
genome_367	57.98217397541834	65.17867159469421	GB_GCA_029775915.1	Thermoproteota	set_d	21	1811414
genome_368	59.3242515575546	7.365765230167219	RS_GCF_025914035.1	Halobacteriota	set_d	93	1642251
genome_369	62.90386795620705	87.5672420614471	RS_GCF_000196655.1	Halobacteriota	set_d	43	3620684
genome_37	85.6488611996565	52.951255001730374	RS_GCF_003992425.1	Halobacteriota	set_d	428	5698997
genome_370	63.78303726308615	96.0296608323789	RS_GCF_023617305.1	Methanobacteriota	set_d	29	3118577
genome_371	82.8471698103158	98.45703490140288	RS_GCF_900107195.1	Halobacteriota	set_d	667	6807933
genome_372	64.4066764823315	40.03215654771887	RS_GCF_038880475.1	Thermoproteota	set_d	10	1749928
genome_373	50.274228176593574	9.238308638288013	GB_GCA_038825875.1	Nanobdellota	set_d	5	444345
genome_374	100.0	18.013031006264487	GB_GCA_029219465.1	Methanobacteriota	set_d	2	1955804
genome_375	81.25842497794028	26.834139784293587	RS_GCF_010692905.1	Halobacteriota	set_d	134	4006973
genome_376	53.45061080704673	21.40531309178333	GB_GCA_038828365.1	Thermoproteota	set_d	4	1187840
genome_377	100.0	68.00741257161721	GB_GCA_938021325.1	Methanobacteriota	set_d	90	3094253
genome_378	83.65911815235219	59.63519601182259	RS_GCF_038432375.1	Halobacteriota	set_d	26	3311288
genome_379	58.44188337487234	31.991786249564413	GB_GCA_035935115.1	Thermoproteota	set_d	10	1500007
genome_38	100.0	32.48641350432569	GB_GCA_030041535.1	Thermoproteota	set_d	28	2421743
genome_380	100.0	59.537103412320846	RS_GCF_000007005.1	Thermoproteota	set_d	24	4773741
genome_381	59.79178088466642	39.50015101826391	GB_GCA_038847365.1	Thermoproteota	set_d	5	1387289
genome_382	100.0	27.235882370396748	GB_GCA_963657505.1	Methanobacteriota	set_d	50	2143861
genome_383	75.812134078573	45.43801762580702	GB_GCA_951812655.1	Thermoproteota	set_d	128	2028104
genome_384	51.19396368470436	84.62449275913488	RS_GCF_000024625.1	Methanobacteriota	set_d	15	2392764
genome_385	66.87601903912379	72.39765739813265	GB_GCA_038888995.1	Halobacteriota	set_d	9	2285832
genome_386	75.98799316778094	25.939346038442043	RS_GCF_009807105.1	Halobacteriota	set_d	71	4242858
genome_387	100.0	92.04366403792424	GB_GCA_041672285.1	Thermoplasmatota	set_d	6	2402303
genome_388	79.89518687895003	89.76620036137857	GB_GCA_014193235.1	Thermoproteota	set_d	61	2290142
genome_389	62.76639084750316	97.51858901754223	RS_GCF_002496565.1	Halobacteriota	set_d	50	5834673
genome_39	60.531164851425714	70.64271861042936	RS_GCF_000336955.1	Halobacteriota	set_d	351	4850742
genome_390	65.2474062239538	57.51825711776052	RS_GCF_000379085.1	Halobacteriota	set_d	265	4429104
genome_391	100.0	52.436689506215096	GB_GCA_027036135.1	Thermoproteota	set_d	50	3362261
genome_392	74.97578750683417	5.278804155176246	RS_GCF_000337415.1	Halobacteriota	set_d	15	2671563
genome_393	100.0	31.998233258362646	RS_GCF_018141185.1	Methanobacteriota	set_d	2	2886903
genome_394	100.0	61.817413302546825	RS_GCF_013407165.1	Thermoproteota	set_d	7	2564984
genome_395	77.51540351913803	42.9265554980835	RS_GCF_000337395.1	Halobacteriota	set_d	20	3779176
genome_396	79.88582740577577	83.82209382808487	GB_GCA_036755105.1	Halobacteriota	set_d	36	6017065
genome_397	52.62359195750438	26.250433658643672	RS_GCF_003977755.1	Halobacteriota	set_d	60	3912703
genome_398	99.07040207079278	7.392583729136397	RS_GCF_948444175.1	Methanobacteriota	set_d	4	1743885
genome_399	60.003377322194254	15.550025933009707	RS_GCF_014646875.1	Halobacteriota	set_d	9	2317615
genome_4	64.13873610517228	92.17379570030582	GB_GCA_035402345.1	Halobacteriota	set_d	210	4807134
genome_40	58.26824789679027	51.79222748364028	RS_GCF_003967175.1	Thermoproteota	set_d	142	2589931
genome_400	61.87709859858853	62.59369790903703	RS_GCF_900177455.1	Halobacteriota	set_d	5	2600063
genome_401	87.39891727756815	31.670185237517384	GB_GCA_963642385.1	Methanobacteriota	set_d	15	2148852
genome_402	83.36536809567109	92.94157236282707	RS_GCF_023566035.1	Halobacteriota	set_d	360	6454821
genome_403	74.58439380363225	1.1715254361341947	GB_GCA_038852875.1	Thermoproteota	set_d	37	1324843
genome_404	100.0	6.272749834546658	RS_GCF_003722115.1	Halobacteriota	set_d	9	2209555
genome_405	50.142696508524395	78.57227350413405	RS_GCF_000966265.1	Methanobacteriota_B	set_d	157	2840007
genome_406	83.48447515887769	20.122381736879266	GB_GCA_013178225.1	Halobacteriota	set_d	367	3085981
genome_407	87.34119932634036	73.79628647332105	RS_GCF_959605265.1	Methanobacteriota	set_d	46	2916292
genome_408	84.23394939049663	9.977309682973228	RS_GCF_004765795.1	Halobacteriota	set_d	77	3545848
genome_409	73.37782778913933	71.25445921228155	RS_GCF_000337075.1	Halobacteriota	set_d	47	4393252
genome_41	73.51557337452579	71.75347112258567	RS_GCF_038730595.1	Thermoproteota	set_d	100	3073309
genome_410	71.3501322482523	5.547306151903879	GB_GCA_038742275.1	Thermoproteota	set_d	2	961158
genome_411	83.1903282212347	53.937234789000634	RS_GCF_000421805.1	Halobacteriota	set_d	67	4924909
genome_412	100.0	38.771937635232	GB_GCA_039938555.1	Thermoproteota	set_d	101	2337759
genome_413	63.51447839696645	95.12755850892226	GB_GCA_002505925.1	Methanobacteriota	set_d	130	3274984
genome_414	54.70730258270464	88.62744095850952	RS_GCF_000336755.1	Halobacteriota	set_d	180	5664784
genome_415	50.262834071126974	30.414016244564834	RS_GCF_016906025.1	Halobacteriota	set_d	780	4104225
genome_416	92.7028091287649	23.090517216780583	RS_GCF_009690625.1	Halobacteriota	set_d	26	3043506
genome_417	56.8561631668757	14.51327695628536	RS_GCF_003781945.1	Halobacteriota	set_d	28	2651703
genome_418	61.181709538908265	26.197401986595846	RS_GCF_000017625.1	Halobacteriota	set_d	39	2222001
genome_419	81.37893243417298	25.696764378871116	RS_GCF_039522705.1	Halobacteriota	set_d	421	3300376
genome_42	82.30169174794489	36.52224987981634	RS_GCF_001971705.1	Halobacteriota	set_d	272	4557844
genome_420	58.2489114492995	73.68741854243633	GB_GCA_934203295.1	Thermoplasmatota	set_d	7	2019556
genome_421	100.0	19.979707024465075	GB_GCA_038845865.1	Thermoproteota	set_d	13	1744151
genome_422	74.54152850068955	95.14983522744772	GB_GCA_000350305.1	Thermoplasmatota	set_d	13	2479369
genome_423	67.048761963479	89.71977369521672	RS_GCF_008389435.1	Thermoproteota	set_d	11	5055003
genome_424	100.0	34.74488173434364	GB_GCA_027014125.1	Thermoproteota	set_d	2	2457558
genome_425	51.54420937987564	44.620237663724446	RS_GCF_017874455.1	Methanobacteriota	set_d	19	2257721
genome_426	70.12412729675627	96.7564680195746	GB_GCA_963676195.1	Halobacteriota	set_d	427	5073614
genome_427	100.0	32.1419511898524	RS_GCF_038877835.1	Thermoproteota	set_d	64	3412073
genome_428	79.27297848877703	66.0588445306475	RS_GCF_902384015.1	Methanobacteriota	set_d	83	2568599
genome_429	100.0	53.97957032184046	RS_GCF_012726095.1	Halobacteriota	set_d	6	5228906
genome_43	100.0	4.5728771422323335	GB_GCA_963980945.1	Nanobdellota	set_d	2	1090281
genome_430	100.0	49.87930774183136	RS_GCF_028329905.1	Halobacteriota	set_d	44	5182158
genome_431	100.0	58.27783662791363	RS_GCF_001559975.1	Thermoproteota	set_d	10	3594974
genome_432	100.0	36.06246639681789	RS_GCF_028329965.1	Halobacteriota	set_d	412	5008224
genome_433	83.61648193250161	34.132832722225835	RS_GCF_000337775.1	Halobacteriota	set_d	28	4619547
genome_434	80.83508228609455	61.74637198945509	GB_GCA_025054855.1	Thermoproteota	set_d	112	2228320
genome_435	100.0	26.436273785703733	RS_GCF_006274605.1	Methanobacteriota_B	set_d	6	2824599
genome_436	76.47321369637223	62.888046382948495	RS_GCF_000019605.1	Korarchaeota	set_d	33	2216899
genome_437	52.402572522656065	88.75355031729404	RS_GCF_900115675.1	Halobacteriota	set_d	77	4461427
genome_438	59.854990505545814	82.1422957608301	RS_GCF_001560355.1	Thermoproteota	set_d	222	3143712
genome_439	75.54592129662558	48.927845104205645	RS_GCF_900215215.1	Halobacteriota	set_d	54	2415162
genome_44	100.0	55.57661038407593	GB_GCA_029259275.1	Thermoproteota	set_d	5	2632168
genome_440	84.98512275485649	55.68663806932066	RS_GCF_001560315.1	Thermoproteota	set_d	60	3099985
genome_441	81.76802610043141	45.506047406740954	RS_GCF_024449025.1	Halobacteriota	set_d	31	4091038
genome_442	50.08139633487758	37.02389559846111	RS_GCF_030841835.1	Methanobacteriota	set_d	216	1561331
genome_443	86.98537589817212	94.03752064066467	RS_GCF_026627015.1	Thermoproteota	set_d	135	4029910
genome_444	83.14320760782164	85.92706894337935	RS_GCF_000025505.1	Halobacteriota	set_d	160	3713233
genome_445	72.42328899588954	41.0873750959155	RS_GCF_017875815.1	Methanobacteriota	set_d	128	1989666
genome_446	100.0	0.752482739052303	GB_GCA_002506995.1	Thermoplasmatota	set_d	7	1331570
genome_447	61.890296236383946	77.56999319197467	RS_GCF_000026045.1	Halobacteriota	set_d	189	3834734
genome_448	78.17943548992504	91.9207635970176	RS_GCF_014969745.1	Halobacteriota	set_d	49	6797619
genome_449	57.87580379441732	32.978966677434094	RS_GCF_002215565.1	Thermoproteota	set_d	13	2022290
genome_45	64.71583619159522	71.68805860988839	RS_GCF_028330585.1	Halobacteriota	set_d	48	5024402
genome_450	97.44536372478326	40.33966092599735	RS_GCF_000007305.1	Methanobacteriota_B	set_d	2	2629291
genome_451	62.77751812576923	57.06444124305016	RS_GCF_000018305.1	Thermoproteota	set_d	168	2489797
genome_452	85.64451569194961	41.41684334898793	GB_GCA_006954425.1	Thermoplasmatota	set_d	118	2432530
genome_453	100.0	10.81390908407208	GB_GCA_038869675.1	Thermoproteota	set_d	18	1517653
genome_454	64.03282540139848	85.68978959512447	RS_GCF_000148385.1	Thermoproteota	set_d	106	3554620
genome_455	75.73211248548546	82.64683018133925	RS_GCF_038446525.1	Halobacteriota	set_d	158	4836630
genome_456	65.86491931327926	64.84012732096558	GB_GCA_039938615.1	Thermoproteota	set_d	150	2599709
genome_457	87.89545822159792	78.81963624423081	RS_GCF_000337715.1	Halobacteriota	set_d	168	6854116
genome_458	100.0	65.99992701014898	GB_GCA_018434005.1	Halobacteriota	set_d	14	3911775
genome_459	78.19401565323447	97.80506006695694	RS_GCF_009674605.1	Halobacteriota	set_d	775	6268545
genome_46	62.14740476907708	90.9985146571528	RS_GCF_039539865.1	Halobacteriota	set_d	145	6171851
genome_460	75.44405504520913	60.63041788477775	RS_GCF_000190315.1	Thermoproteota	set_d	433	3128329
genome_461	71.89499015532706	38.929482972361996	GB_GCA_018675975.1	Nanobdellota	set_d	6	1139802
genome_462	83.18570603146873	73.77304442994155	RS_GCF_013839515.1	Halobacteriota	set_d	241	4362703
genome_463	56.397075226547855	0.6047054023799332	RS_GCF_001953745.1	Halobacteriota	set_d	11	2269022
genome_464	94.78558676647614	33.31820161251623	RS_GCF_008729095.1	Halobacteriota	set_d	8	4992065
genome_465	71.65306637738512	34.02817557487363	RS_GCF_913757535.1	Halobacteriota	set_d	278	3021953
genome_466	100.0	28.053620309495603	RS_GCF_001726015.1	Halobacteriota	set_d	8	2414807
genome_467	59.69599463320563	76.84636240123119	RS_GCF_000969885.1	Halobacteriota	set_d	165	4270197
genome_468	71.06299073861736	58.26121512072651	RS_GCF_031201105.1	Thermoplasmatota	set_d	88	2385438
genome_469	100.0	61.33740669767222	GB_GCA_003584625.1	Methanobacteriota	set_d	6	2456746
genome_47	76.509134391005	55.09985449642647	RS_GCF_000145295.1	Methanobacteriota	set_d	49	2157249
genome_470	84.0709671666721	66.15931902030597	RS_GCF_001560195.1	Thermoproteota	set_d	98	3403380
genome_471	62.06602538450269	13.279055067400892	RS_GCF_000404225.1	Thermoplasmatota	set_d	4	1455404
genome_472	92.14617235846895	59.21564863625945	RS_GCF_014212355.1	Halobacteriota	set_d	23	5283133
genome_473	100.0	8.325882598301426	GB_GCA_039666455.1	Methanobacteriota	set_d	14	2243845
genome_474	57.640995622887324	10.84222834299988	RS_GCF_024498175.1	Halobacteriota	set_d	126	2363291
genome_475	72.40907220540267	91.38423890976573	RS_GCF_013407275.1	Thermoproteota	set_d	12	3005337
genome_476	86.00873646521006	26.13476725005995	RS_GCF_028329625.1	Halobacteriota	set_d	55	3923530
genome_477	100.0	68.28017884337157	GB_GCA_018648525.1	Nanobdellota	set_d	139	1724924
genome_478	58.21982889930551	9.950148877308855	RS_GCF_029848115.1	Methanobacteriota	set_d	9	1653683
genome_479	57.96746896053225	13.365760541837888	GB_GCA_023268355.1	Thermoproteota	set_d	10	893117
genome_48	100.0	54.88599712241233	GB_GCA_038868995.1	Nanobdellota	set_d	3	1456503
genome_480	87.26388579278955	3.875049561223639	RS_GCF_000685395.1	Thermoproteota	set_d	9	1606753
genome_481	83.81966277846897	75.91688375961452	RS_GCF_030535215.1	Halobacteriota	set_d	298	5809738
genome_482	80.93905230143257	69.42064366646888	RS_GCF_003948265.1	Korarchaeota	set_d	3	2660690
genome_483	59.71553027468004	0.19163236284709229	RS_GCF_013267195.1	Halobacteriota	set_d	18	2001049
genome_484	79.85073814957295	25.9151116964517	RS_GCF_039522565.1	Halobacteriota	set_d	14	3596958
genome_485	72.70963994735355	87.4087257393859	GB_GCA_003352285.1	Thermoproteota	set_d	112	2704404
genome_486	80.60994179948717	61.04550521381808	GB_GCA_934155295.1	Thermoplasmatota	set_d	310	2666117
genome_487	93.15834111316134	38.3234030481099	GB_GCA_038850795.1	Thermoproteota	set_d	130	2215353
genome_488	67.1592546627051	22.770041318272412	RS_GCF_000204925.1	Thermoproteota	set_d	37	1655012
genome_489	78.18469919186852	82.898813176899	RS_GCF_016917835.2	Halobacteriota	set_d	433	3942316
genome_49	98.72682216467122	47.28671427034809	GB_GCA_029012665.1	Methanobacteriota	set_d	11	2823528
genome_490	79.5762934989781	82.65954587621269	RS_GCF_000016605.1	Thermoproteota	set_d	191	3555426
genome_491	65.23342272062409	47.49526943883355	GB_GCA_033812415.1	Halobacteriota	set_d	128	3107416
genome_492	52.923228840700375	47.12870024827938	RS_GCF_005435115.1	Halobacteriota	set_d	168	3327416
genome_493	56.26343691307674	24.526965871062615	RS_GCF_011043775.1	Halobacteriota	set_d	8	3686458
genome_494	58.87653784471215	28.157641629514266	GB_GCA_036841165.1	Methanobacteriota	set_d	27	1578149
genome_495	100.0	10.18098671731821	GB_GCA_002011165.2	Halobacteriota	set_d	6	1650888
genome_496	65.22762543901014	89.41123373287068	RS_GCF_001548675.1	Methanobacteriota	set_d	114	3515399
genome_497	60.911944373068415	57.130522553012675	RS_GCF_000337475.1	Halobacteriota	set_d	136	4157497
genome_498	78.52559617669608	83.63039388391802	RS_GCF_000021965.1	Halobacteriota	set_d	238	4739685
genome_499	77.82995248170552	16.243525097261372	GB_GCA_036749395.1	Halobacteriota	set_d	149	2900703
genome_5	52.813767663119535	63.216630781855145	RS_GCF_022870485.1	Halobacteriota	set_d	382	4601146
genome_50	78.2316935355277	59.81018015695038	RS_GCF_028329825.1	Halobacteriota	set_d	8	4770019
genome_500	100.0	24.437164013711246	GB_GCA_038824455.1	Thermoproteota	set_d	60	1780987
genome_501	100.0	40.42761567901662	GB_GCA_013403005.1	Methanobacteriota	set_d	6	3329418
genome_502	67.31419045878498	8.648036462919581	RS_GCF_000698785.1	Thermoproteota	set_d	166	1920278
genome_503	78.02818400680856	63.71816819974669	RS_GCF_000152265.2	Thermoplasmatota	set_d	142	2743091
genome_504	82.36673593113404	72.8795123316386	GB_GCA_015660885.1	Halobacteriota	set_d	152	3916394
genome_505	51.126328240083396	16.811014384782656	RS_GCF_900109425.1	Methanobacteriota_B	set_d	9	1404343
genome_506	94.6166016713092	76.6813799014356	RS_GCF_019175345.1	Thermoproteota	set_d	113	4996548
genome_507	62.55978558186391	23.212486780220864	RS_GCF_900188075.1	Halobacteriota	set_d	33	3145144
genome_508	80.2719651106218	33.9612811162996	GB_GCA_038727705.1	Thermoproteota	set_d	26	1822002
genome_509	59.89990053580656	5.629717670166689	RS_GCF_003852115.1	Thermoproteota	set_d	18	1774219
genome_51	78.4560976001434	86.36650198636868	GB_GCA_022678445.1	Thermoproteota	set_d	105	3181747
genome_510	100.0	20.85602480419965	RS_GCF_037273345.1	Methanobacteriota	set_d	8	2141518
genome_511	78.3596458302109	82.15511794975181	RS_GCF_038874975.1	Thermoproteota	set_d	66	3630608
genome_512	100.0	72.05972987034754	GB_GCA_018262855.1	Halobacteriota	set_d	21	3941971
genome_513	100.0	24.30413908639097	GB_GCA_945949535.1	Thermoplasmatota	set_d	21	1869088
genome_514	64.87835581511663	32.35670448520038	RS_GCF_020217425.1	Halobacteriota	set_d	125	4137064
genome_515	73.05763418722202	19.678482972817218	RS_GCF_013761135.1	Methanobacteriota	set_d	8	1686410
genome_516	72.10831665418613	53.71831373657024	GB_GCA_035405705.1	Methanobacteriota	set_d	2	1910505
genome_517	50.93002920723957	15.844475386761134	RS_GCF_947597825.1	Methanobacteriota	set_d	16	1144716
genome_518	74.63684472966021	33.024949752721554	RS_GCF_000970305.1	Halobacteriota	set_d	306	4909858
genome_519	58.28614317321126	57.172639053331714	GB_GCA_002495625.1	Methanobacteriota	set_d	38	2828963
genome_52	100.0	46.11207850229893	RS_GCF_000189795.1	Methanobacteriota	set_d	6	2604553
genome_520	82.99940940333907	84.28051796118646	GB_GCA_035420185.1	Halobacteriota	set_d	664	4438353
genome_521	76.34468405239679	71.41810247752244	RS_GCF_001488575.1	Halobacteriota	set_d	9	4625485
genome_522	82.62426913175936	7.363940295920028	GB_GCA_963666555.1	Halobacteriota	set_d	123	3239113
genome_523	78.27346363037823	50.21518221937487	GB_GCA_035506675.1	Thermoplasmatota	set_d	21	2535054
genome_524	74.48446507414317	2.117358910839075	GB_GCA_035252645.1	Thermoproteota	set_d	59	1312321
genome_525	83.26331292339117	3.002407748212691	RS_GCF_026000775.1	Thermoproteota	set_d	117	2098110
genome_526	62.478466221744945	44.63786097873437	RS_GCF_034928265.1	Methanobacteriota	set_d	30	2522612
genome_527	70.08006427723606	29.623697041633367	RS_GCF_003688715.1	Halobacteriota	set_d	47	3496917
genome_528	79.11501462878977	18.312875591356605	RS_GCF_003852095.1	Thermoproteota	set_d	94	2590744
genome_529	100.0	30.29384442380091	RS_GCF_000011105.1	Methanobacteriota_B	set_d	5	2265165
genome_53	68.6220183023893	31.190728951321077	RS_GCF_000969905.1	Halobacteriota	set_d	333	4555339
genome_530	59.628637952858064	17.68542641515871	GB_GCA_001189275.1	Thermoproteota	set_d	8	1541068
genome_531	60.06002878470571	27.479857607305846	RS_GCF_013340765.1	Thermoproteota	set_d	8	1395300
genome_532	51.348998641731946	29.310407981263825	RS_GCF_039545175.1	Thermoproteota	set_d	49	2158015
genome_533	62.132480188649296	17.82161180531901	GB_GCA_900079125.1	Halobacteriota	set_d	19	2039780
genome_534	75.30529722641764	11.560642881408972	RS_GCF_002116695.1	Thermoproteota	set_d	25	2334490
genome_535	100.0	97.64988102634369	GB_GCA_036737975.1	Methanobacteriota	set_d	19	3871639
genome_536	100.0	83.02684312567706	RS_GCF_900650605.1	Methanobacteriota	set_d	115	3149277
genome_537	67.57522176829282	94.90904360784391	GB_GCA_023399215.1	Halobacteriota	set_d	618	6845207
genome_538	63.48272649160525	45.3512527780094	GB_GCA_963422575.1	Thermoproteota	set_d	106	2401548
genome_539	63.78390415446904	93.89126628389677	GB_GCA_000499765.1	Methanobacteriota	set_d	26	3200437
genome_54	66.61454064520963	32.21018607809255	GB_GCA_038816225.1	Thermoproteota	set_d	9	1925583
genome_540	53.48557461498578	9.991043375372188	RS_GCF_041647945.1	Methanobacteriota_B	set_d	146	1289146
genome_541	80.91463919275206	17.365720060116576	RS_GCF_000007345.1	Halobacteriota	set_d	167	5652587
genome_542	63.94776911916479	69.99009826944075	GB_GCA_038731605.1	Halobacteriota	set_d	135	2238671
genome_543	55.953521465353425	95.8589790769523	RS_GCF_001190965.1	Halobacteriota	set_d	315	5948703
genome_544	75.93606432042806	48.10146948141258	RS_GCF_032905985.1	Halobacteriota	set_d	110	5003431
genome_545	55.80303971226381	47.427469882687866	GB_GCA_963627635.1	Thermoplasmatota	set_d	37	1883388
genome_546	87.03901143191662	31.470981917088938	RS_GCF_030345255.1	Halobacteriota	set_d	106	2706613
genome_547	68.38211262631691	21.7977233161584	GB_GCA_041447305.1	Methanobacteriota	set_d	16	2466763
genome_548	70.59046139213822	32.98773048218688	GB_GCA_030651375.1	Nanobdellota	set_d	36	1343868
genome_549	62.12196064954034	50.97375656255511	RS_GCF_014203295.1	Methanobacteriota	set_d	17	2000808
genome_55	87.30134953753394	6.616217253290495	RS_GCF_001477655.1	Methanobacteriota	set_d	13	2388829
genome_550	50.149060253081664	58.28650390845348	RS_GCF_023699475.1	Halobacteriota	set_d	6	4411689
genome_551	82.09494563402234	82.37410472408803	RS_GCF_900198835.1	Methanobacteriota_B	set_d	7	3545558
genome_552	100.0	59.57283215121702	RS_GCF_000968395.2	Thermoproteota	set_d	21	4352049
genome_553	70.77923313427286	54.20392384098801	RS_GCF_032878975.1	Halobacteriota	set_d	92	2890273
genome_554	78.2660295672097	17.168656457400633	RS_GCF_017519255.1	Methanobacteriota	set_d	48	1875241
genome_555	100.0	14.898339411348127	RS_GCF_018228765.1	Halobacteriota	set_d	177	3472021
genome_556	100.0	79.93814511694164	RS_GCF_002502735.1	Halobacteriota	set_d	54	4289666
genome_557	71.81569595010085	47.77012124287895	RS_GCF_005239135.1	Halobacteriota	set_d	46	3473272
genome_558	100.0	84.08002587826245	RS_GCF_018495055.1	Halobacteriota	set_d	2	4865502
genome_559	51.74938279432608	85.12338403169103	RS_GCF_040771845.1	Halobacteriota	set_d	26	3475565
genome_56	55.37758987349276	50.84546342764656	RS_GCF_000189995.1	Methanobacteriota	set_d	38	2006955
genome_560	100.0	19.634521531401948	RS_GCF_001559985.1	Thermoproteota	set_d	40	2658236
genome_561	79.03540594530234	30.085686854804283	RS_GCF_001560215.1	Thermoproteota	set_d	87	2423191
genome_562	83.05527389504657	83.87820073174952	RS_GCF_002252815.1	Halobacteriota	set_d	18	5585973
genome_563	90.44042921105554	27.62958501676595	RS_GCF_000024185.1	Methanobacteriota	set_d	27	3467956
genome_564	61.21346164037246	39.85526492161612	RS_GCF_009856455.1	Halobacteriota	set_d	115	3242214
genome_565	100.0	65.30326382052435	GB_GCA_959597175.1	Thermoplasmatota	set_d	45	3188695
genome_566	70.32226087662062	22.73740950725735	GB_GCA_038831005.1	Thermoproteota	set_d	14	1582784
genome_567	79.08469692554534	52.60555476383426	RS_GCF_000327485.1	Halobacteriota	set_d	76	3714795
genome_568	90.10007536450331	76.5525409754228	GB_GCA_013402945.1	Methanobacteriota	set_d	185	4139531
genome_569	75.43967362391281	80.68085746924501	RS_GCF_012027535.1	Methanobacteriota_B	set_d	98	3028501
genome_57	52.96008317316734	72.65870432915246	RS_GCF_036429475.1	Halobacteriota	set_d	251	5069870
genome_570	83.7928331281502	14.587085056227538	GB_GCA_038735125.1	Thermoproteota	set_d	47	1782044
genome_571	79.37431460810784	8.817691949136321	RS_GCF_001560245.1	Thermoproteota	set_d	62	1958255
genome_572	79.24865633379245	18.79259494416254	RS_GCF_038734715.1	Thermoproteota	set_d	5	2297683
genome_573	100.0	90.21253888303202	GB_GCA_003352265.1	Thermoproteota	set_d	31	3215212
genome_574	74.61962344196296	21.543523090873645	RS_GCF_021504015.1	Halobacteriota	set_d	238	2150658
genome_575	65.12725693848463	31.028048909180832	GB_GCA_903883005.1	Halobacteriota	set_d	413	3025119
genome_576	78.71491030913363	64.32056316361569	RS_GCF_001560485.1	Thermoproteota	set_d	53	3127884
genome_577	65.85529067999838	5.37134395922587	RS_GCF_004143485.2	Halobacteriota	set_d	25	2691839
genome_578	100.0	46.7197514474783	GB_GCA_021797735.1	Thermoplasmatota	set_d	42	2890093
genome_579	79.42063640053088	21.680922243306387	RS_GCF_002010295.1	Halobacteriota	set_d	88	2304332
genome_58	100.0	16.86794742942242	RS_GCF_037786815.1	Methanobacteriota	set_d	6	1943050
genome_580	100.0	22.784342469544786	RS_GCF_041447325.1	Methanobacteriota	set_d	5	2901367
genome_581	56.35124601889531	21.337637632960263	GB_GCA_000495735.1	Thermoproteota	set_d	30	1147203
genome_582	100.0	78.0530780162498	GB_GCA_040753655.1	Methanobacteriota	set_d	17	3766225
genome_583	64.1807202941308	18.566636821118994	RS_GCF_001950595.1	Halobacteriota	set_d	91	2130219
genome_584	89.10706313845293	30.001079589055884	RS_GCF_934882835.1	Methanobacteriota	set_d	11	2041055
genome_585	82.50320554558034	40.049408358679614	RS_GCF_018379875.1	Methanobacteriota	set_d	23	2268080
genome_586	53.6470558260853	6.281668699620692	GB_GCA_006954475.1	Thermoplasmatota	set_d	7	1129032
genome_587	68.02503710613233	22.90801345793954	RS_GCF_000968435.2	Thermoproteota	set_d	8	2480028
genome_588	86.28969402031228	58.930236976647784	GB_GCA_021371995.1	Halobacteriota	set_d	33	2690449
genome_589	82.9439901657312	9.223348465286243	RS_GCF_002788215.1	Halobacteriota	set_d	703	3071036
genome_59	100.0	53.214568215004924	GB_GCA_015521425.1	Halobacteriota	set_d	11	2490941
genome_590	57.36844195334483	41.25947399473541	GB_GCA_030550585.1	Thermoproteota	set_d	6	1738534
genome_591	54.44961640776707	5.8847534410198765	RS_GCF_032842345.1	Halobacteriota	set_d	106	1579012
genome_592	70.97065060049388	66.92434206805436	RS_GCF_009217585.1	Halobacteriota	set_d	91	4266751
genome_593	62.97105124863308	13.808843249442072	RS_GCF_031200575.1	Thermoplasmatota	set_d	20	1427425
genome_594	82.59185984611076	88.75425256509305	GB_GCA_002498225.1	Methanobacteriota	set_d	85	3666106
genome_595	55.54739681892079	32.73125360395072	GB_GCA_027048875.1	Thermoproteota	set_d	42	1847839
genome_596	100.0	80.43182319433565	GB_GCA_002503565.1	Methanobacteriota	set_d	95	3795968
genome_597	65.67029727845186	23.464536038983287	GB_GCA_030055615.1	Methanobacteriota	set_d	9	1326895
genome_598	100.0	47.759786456877336	RS_GCF_002153915.1	Halobacteriota	set_d	62	2235808
genome_599	100.0	9.309072547831024	RS_GCF_000504565.1	Halobacteriota	set_d	4	4264688
genome_6	57.64235385675196	38.45078372529967	GB_GCA_030168595.1	Thermoplasmatota	set_d	19	1699017
genome_60	75.96479001934561	92.76167063861845	RS_GCF_037078405.1	Halobacteriota	set_d	133	6333691
genome_600	83.94949462944774	35.36484902252781	GB_GCA_937997885.1	Thermoplasmatota	set_d	144	2259408
genome_601	77.58502241427746	71.00957452984277	RS_GCF_000341715.1	Halobacteriota	set_d	172	5093747
genome_602	74.91270993902553	62.21313877670643	GB_GCA_038873395.1	Thermoproteota	set_d	153	1679708
genome_603	85.33659653645945	32.916320274264066	RS_GCF_039522545.1	Halobacteriota	set_d	100	3906005
genome_604	88.45303568751648	66.31054754220962	RS_GCF_017352095.1	Halobacteriota	set_d	408	5554270
genome_605	56.727705695657335	0.5524523447639539	GB_GCA_036822775.1	Thermoplasmatota	set_d	5	748076
genome_606	61.146711603847784	59.00213729078175	RS_GCF_024239095.1	Thermoproteota	set_d	54	2540378
genome_607	64.58808951111223	78.98605477003628	RS_GCF_009791395.1	Halobacteriota	set_d	92	5843047
genome_608	84.29588885186268	13.813333496947383	RS_GCF_016217785.1	Methanobacteriota	set_d	77	2558456
genome_609	69.41804832569962	60.871607594744894	GB_GCA_038830575.1	Thermoproteota	set_d	26	1633659
genome_61	82.03490089353551	35.319111366961835	GB_GCA_035368945.1	Halobacteriota	set_d	71	3269890
genome_610	54.13326002612258	56.147433773390766	RS_GCF_038879175.1	Thermoproteota	set_d	12	2402970
genome_611	65.45292979153153	46.80724972445035	GB_GCA_019262145.1	Thermoplasmatota	set_d	14	1702951
genome_612	63.13651759210921	48.0365713103984	GB_GCA_038728725.1	Thermoproteota	set_d	19	1763263
genome_613	100.0	17.26626985772948	RS_GCF_004104135.1	Halobacteriota	set_d	13	2261738
genome_614	80.50006197486674	44.463984823158995	RS_GCF_002287195.1	Methanobacteriota	set_d	66	2409558
genome_615	84.65101618718187	3.241904378159084	GB_GCA_038866675.1	Thermoproteota	set_d	48	1081939
genome_616	71.38902382638518	90.81326607327274	RS_GCF_000014945.1	Halobacteriota	set_d	123	3048545
genome_617	75.83068270979079	2.785433394567827	RS_GCF_902763115.1	Methanobacteriota	set_d	53	1673289
genome_618	100.0	84.43282373169687	GB_GCA_018692925.1	Nanobdellota	set_d	65	1817058
genome_619	81.73831373138191	98.52553319536848	RS_GCF_902798335.1	Methanobacteriota	set_d	253	4151480
genome_62	66.54321145142795	18.821746827512797	RS_GCF_946300405.1	Methanobacteriota_B	set_d	56	1806798
genome_620	95.04471582767485	12.566560697595714	RS_GCF_001560115.1	Thermoproteota	set_d	10	2391157
genome_621	100.0	58.05645372052197	GB_GCA_006954445.1	Thermoplasmatota	set_d	9	2908999
genome_622	89.6708961421819	32.042241425959865	RS_GCF_900114435.1	Halobacteriota	set_d	61	5173210
genome_623	100.0	12.88214742917974	GB_GCA_038894475.1	Thermoproteota	set_d	5	1497253
genome_624	87.13563756884048	64.43292880460515	RS_GCF_000025685.1	Halobacteriota	set_d	61	6082295
genome_625	62.46313325617001	94.65711593371168	GB_GCA_018302815.1	Nanobdellota	set_d	72	2439372
genome_626	58.19977275287114	74.22740929101023	RS_GCF_900103415.1	Methanobacteriota	set_d	129	3609524
genome_627	70.33980366557567	69.87030591502355	RS_GCF_013761085.1	Methanobacteriota	set_d	124	2552762
genome_628	100.0	42.28041784181973	GB_GCA_038727055.1	Thermoproteota	set_d	31	2409876
genome_629	100.0	5.8559284247389	GB_GCA_033582095.1	Halobacteriota	set_d	2	1300999
genome_63	56.348366791168644	78.3649157170581	RS_GCF_000328665.1	Halobacteriota	set_d	16	3656136
genome_630	69.15512683573044	8.726185648941913	RS_GCF_036549595.1	Methanobacteriota	set_d	7	1438587
genome_631	99.09355428156952	79.59146894310304	RS_GCF_025992465.1	Methanobacteriota	set_d	36	3202527
genome_632	94.05807791522783	29.597869295158663	GB_GCA_038825455.1	Thermoproteota	set_d	23	1800485
genome_633	81.91141459737156	87.57584136146312	GB_GCA_031200555.1	Thermoplasmatota	set_d	41	3273365
genome_634	52.2263179827174	51.71434517456854	RS_GCF_001889405.1	Halobacteriota	set_d	271	2102677
genome_635	72.41337965302121	63.418895605301806	GB_GCA_035392185.1	Halobacteriota	set_d	250	2594281
genome_636	85.29615729596689	69.07832411025875	GB_GCA_002504485.1	Methanobacteriota	set_d	145	3307958
genome_637	100.0	19.961280562541113	RS_GCF_035610555.1	Thermoproteota	set_d	15	2627909
genome_638	100.0	3.3437090263367093	GB_GCA_038822585.1	Thermoproteota	set_d	13	1201197
genome_639	100.0	50.01677797766769	RS_GCF_040768725.1	Halobacteriota	set_d	5	3366396
genome_64	82.70165534473743	10.95708727995775	GB_GCA_036783725.1	Methanobacteriota	set_d	126	1789443
genome_640	85.91521555530394	16.535608621962215	RS_GCF_040679015.1	Halobacteriota	set_d	11	4098954
genome_641	67.5507861245281	33.95655943565943	RS_GCF_000744315.1	Halobacteriota	set_d	36	4125762
genome_642	78.36131944232409	76.68750960859087	RS_GCF_002214365.1	Methanobacteriota_B	set_d	40	2894481
genome_643	100.0	93.07807869193417	RS_GCF_003439925.1	Halobacteriota	set_d	43	6706262
genome_644	87.73141213710657	27.233128589630578	GB_GCA_038877275.1	Thermoproteota	set_d	47	1469832
genome_645	76.9725885895329	2.1417097261055518	RS_GCF_000437055.1	Methanobacteriota	set_d	2	1368656
genome_646	100.0	95.29772710735566	RS_GCF_013407185.1	Thermoproteota	set_d	238	4240730
genome_647	95.46484680713378	8.064991164343216	GB_GCA_028275985.1	Thermoproteota	set_d	6	1497468
genome_648	82.33806141798483	16.66088429317674	RS_GCF_038881575.1	Thermoproteota	set_d	110	1617917
genome_649	72.52463584974087	52.944263085273846	RS_GCF_001647155.1	Halobacteriota	set_d	269	5435058
genome_65	100.0	64.46971320920527	GB_GCA_937906075.1	Thermoproteota	set_d	59	3698164
genome_650	100.0	15.850306647796033	GB_GCA_002504505.1	Methanobacteriota	set_d	2	2711064
genome_651	54.133706853518284	15.641971292690767	RS_GCF_019669965.1	Halobacteriota	set_d	4	1829699
genome_652	71.18822015750585	93.8774145893472	GB_GCA_002688315.1	Nanobdellota	set_d	24	1506181
genome_653	80.26852795824797	11.380243779846934	RS_GCF_000015205.1	Thermoproteota	set_d	101	1673875
genome_654	62.52454388260974	26.896995458294867	GB_GCA_002498365.1	Thermoplasmatota	set_d	41	1182717
genome_655	100.0	18.52408776152957	RS_GCF_000190015.1	Methanobacteriota	set_d	4	2235388
genome_656	84.92984974504272	26.336537588324397	GB_GCA_002010065.2	Hydrothermarchaeota	set_d	45	2217627
genome_657	77.97525738621086	6.539532382524626	GB_GCA_938005485.1	Thermoplasmatota	set_d	5	1461603
genome_658	78.01549154083301	75.67297378025403	RS_GCF_001560035.1	Thermoproteota	set_d	299	3411366
genome_659	89.07874729167116	51.87918540147272	RS_GCF_024204665.1	Halobacteriota	set_d	70	6078333
genome_66	51.4862950035627	92.82056301168926	RS_GCF_900129775.1	Halobacteriota	set_d	680	4629719
genome_660	78.92956515753417	18.764609806867526	RS_GCF_003175215.1	Thermoproteota	set_d	176	1717277
genome_661	91.02014150405113	62.77827228118225	RS_GCF_036527415.1	Methanobacteriota	set_d	47	2695471
genome_662	56.86368834949279	60.194419869079816	RS_GCF_000336895.1	Halobacteriota	set_d	36	4854525
genome_663	68.83929358968567	23.406026732411274	RS_GCF_014207325.1	Methanobacteriota	set_d	41	1715132
genome_664	100.0	12.579376560032754	GB_GCA_026014735.1	Thermoproteota	set_d	7	3280339
genome_665	72.74459958967576	49.40977476419878	GB_GCA_035615755.1	Thermoproteota	set_d	90	1987459
genome_666	53.999543171324135	36.70358756565898	GB_GCA_021654415.1	Thermoproteota	set_d	11	2235668
genome_667	70.30342407584507	57.00656782084133	GB_GCA_026394395.1	Thermoplasmatota	set_d	110	2092686
genome_668	64.09671730587992	6.016580038812251	RS_GCF_037031285.1	Halobacteriota	set_d	25	2264595
genome_669	65.13921848173855	15.311700422271882	GB_GCA_017524805.1	Thermoplasmatota	set_d	19	1569307
genome_67	51.90121019341157	3.232136810831175	GB_GCA_022759325.1	Thermoproteota	set_d	10	693658
genome_670	58.15801984478861	96.10684963741602	GB_GCA_002494625.1	Halobacteriota	set_d	170	3225410
genome_671	100.0	49.62318726624458	GB_GCA_963599165.1	Methanobacteriota	set_d	24	2587941
genome_672	100.0	48.26219468805661	GB_GCA_035319805.1	Korarchaeota	set_d	97	2708605
genome_673	74.06014726451609	5.930537201900626	GB_GCA_026625165.1	Halobacteriota	set_d	2	1739687
genome_674	71.67676592797784	78.05146775931055	GB_GCA_030156945.1	Methanobacteriota_B	set_d	12	3113389
genome_675	87.5981802617039	89.12693978473942	RS_GCF_000007185.1	Methanobacteriota	set_d	42	2995436
genome_676	67.64164639345289	25.26001836934229	GB_GCA_027028145.1	Halobacteriota	set_d	30	1411023
genome_677	82.13463292558471	6.891617537062073	GB_GCA_017608625.1	Nanobdellota	set_d	101	574879
genome_678	100.0	69.39809725630712	RS_GCF_000993805.1	Thermoproteota	set_d	2	2730677
genome_679	100.0	24.462569411269715	RS_GCF_038871435.1	Thermoproteota	set_d	20	2271880
genome_68	63.279925151874295	76.81129045078056	RS_GCF_009729015.1	Thermoproteota	set_d	196	3154892
genome_680	82.81782952816009	84.08697348054774	RS_GCF_002787055.1	Thermoproteota	set_d	28	2832720
genome_681	100.0	11.94014578084965	RS_GCF_002356395.1	Methanobacteriota	set_d	4	1925347
genome_682	80.46532815213642	39.74401625551912	RS_GCF_037080055.1	Halobacteriota	set_d	355	4491419
genome_683	66.30557213818273	34.96694112479022	RS_GCF_000455345.1	Halobacteriota	set_d	9	3956073
genome_684	76.68959911962398	25.81990412244707	GB_GCA_018671675.1	Nanobdellota	set_d	8	1425205
genome_685	75.24720421426231	39.46258563217931	GB_GCA_038897035.1	Thermoproteota	set_d	3	1435008
genome_686	100.0	82.97935465514286	GB_GCA_963692915.1	Thermoproteota	set_d	95	3009692
genome_687	79.188852425331	18.4864663387734	RS_GCF_002214385.1	Methanobacteriota_B	set_d	15	1635204
genome_688	60.319950524620815	81.5358469249948	RS_GCF_000812185.1	Thermoproteota	set_d	176	1747845
genome_689	78.99622511760995	36.109642049072015	GB_GCA_938030895.1	Thermoproteota	set_d	30	1580125
genome_69	71.72803975414006	96.90873134748323	RS_GCF_038735015.1	Thermoproteota	set_d	579	2966680
genome_690	81.94615545972582	9.830415368194393	RS_GCF_000755225.1	Halobacteriota	set_d	154	3167661
genome_691	91.94474672875062	78.3308849594509	RS_GCF_021655615.1	Thermoproteota	set_d	2	4399970
genome_692	72.37259303140812	21.752854666108686	GB_GCA_040772645.1	Methanobacteriota	set_d	54	1731880
genome_693	71.46216020277649	3.545620211447373	RS_GCF_001560065.1	Thermoproteota	set_d	7	1667822
genome_694	82.88146944959985	71.32692153822654	RS_GCF_013761205.1	Methanobacteriota	set_d	115	2756054
genome_695	57.540849537896875	16.969937863119053	GB_GCA_013390865.1	Thermoproteota	set_d	4	944802
genome_696	62.47561463652187	2.8314987053939507	GB_GCA_027376455.1	Thermoplasmatota	set_d	12	1354463
genome_697	64.2220155152426	34.716203026984424	GB_GCA_022838145.1	Halobacteriota	set_d	51	2159198
genome_698	55.911064387756795	14.576011970649253	RS_GCF_019633745.1	Halobacteriota	set_d	255	2090591
genome_699	71.09679248651028	27.807270241463208	GB_GCA_027022365.1	Thermoproteota	set_d	34	1723159
genome_7	66.57915686739227	42.84607390931797	GB_GCA_038732845.1	Thermoproteota	set_d	81	1440500
genome_70	68.8544617803744	43.81425531132055	RS_GCF_000517625.1	Halobacteriota	set_d	60	4654543
genome_700	59.745031842476045	95.94166439903256	RS_GCF_032116555.1	Halobacteriota	set_d	20	5727055
genome_701	100.0	15.393912584617581	RS_GCF_900654205.1	Methanobacteriota	set_d	13	1987779
genome_702	63.936209583365844	4.964642009094055	RS_GCF_015062935.1	Methanobacteriota	set_d	37	1722132
genome_703	76.34262413269987	14.465364663482465	RS_GCF_900102305.1	Halobacteriota	set_d	1036	3661557
genome_704	84.64741701267539	70.24909169106311	RS_GCF_945645595.1	Methanobacteriota	set_d	74	2686745
genome_705	100.0	84.80162953529002	RS_GCF_000011205.1	Thermoproteota	set_d	89	4979953
genome_706	64.24931597865312	56.6451301529727	GB_GCA_025517425.1	Halobacteriota	set_d	90	3391655
genome_707	82.43928453259115	52.95688900134296	RS_GCF_003430805.1	Halobacteriota	set_d	293	5217390
genome_708	70.59081827776501	69.44300563537159	GB_GCA_018667555.1	Nanobdellota	set_d	41	1438265
genome_709	64.40869344490446	83.17339209183427	RS_GCF_038875555.1	Thermoproteota	set_d	248	3203554
genome_71	69.17033493442432	38.781347505793704	GB_GCA_036679345.1	Halobacteriota	set_d	22	3335232
genome_710	84.07449236595444	1.0298056689284716	RS_GCF_001563245.1	Methanobacteriota	set_d	38	1873309
genome_711	90.33959289476103	37.42721627647175	RS_GCF_014889545.1	Methanobacteriota	set_d	67	2113539
genome_712	90.52238654927643	54.23434676381721	RS_GCF_902384055.1	Methanobacteriota	set_d	29	2503242
genome_713	83.2534859871734	26.585069611699698	RS_GCF_007996945.1	Thermoproteota	set_d	52	2439868
genome_714	80.05253709388322	11.902395820613124	GB_GCA_025059045.1	Thermoproteota	set_d	19	1310264
genome_715	91.93541757920435	55.53916738984667	GB_GCA_038816275.1	Thermoproteota	set_d	4	2511678
genome_716	86.42285367598454	11.58471652495178	RS_GCF_001560715.1	Thermoproteota	set_d	109	2164654
genome_717	81.78151020128969	2.642074956626641	RS_GCF_022768985.1	Methanobacteriota	set_d	83	1357641
genome_718	66.10786710960556	92.43935583364052	RS_GCF_000493245.1	Halobacteriota	set_d	25	5814916
genome_719	90.42526298872153	54.862145416538084	GB_GCA_000189835.2	Methanobacteriota	set_d	203	2603546
genome_72	67.27838602615468	5.482357963614658	RS_GCF_017357105.1	Halobacteriota	set_d	27	3081499
genome_720	67.64945779822521	49.95601461055137	GB_GCA_038892035.1	Thermoproteota	set_d	9	1652371
genome_721	80.96549152459936	18.374686292449315	RS_GCF_001571385.1	Halobacteriota	set_d	651	2696006
genome_722	100.0	72.24760496887707	RS_GCF_001602375.1	Halobacteriota	set_d	128	4213359
genome_723	62.2148162708553	9.70265005986312	GB_GCA_023440905.1	Methanobacteriota	set_d	155	1207372
genome_724	80.59688692374452	33.425719083640175	RS_GCF_000337295.1	Halobacteriota	set_d	379	4440656
genome_725	51.62078519504914	37.76840123947336	RS_GCF_008326425.1	Thermoproteota	set_d	7	2289047
genome_726	100.0	48.91396939976799	RS_GCF_900773955.1	Halobacteriota	set_d	12	3459547
genome_727	85.99456414333075	89.43605207586218	RS_GCF_000022465.1	Thermoproteota	set_d	42	4740237
genome_728	83.54416136144927	77.95355984575176	GB_GCA_902464765.1	Thermoplasmatota	set_d	64	2339414
genome_729	51.17260179017949	92.75057161994566	RS_GCF_013761225.1	Methanobacteriota	set_d	41	2649368
genome_73	82.7770555124751	47.90587187756697	GB_GCA_937900535.1	Methanobacteriota	set_d	73	2500921
genome_730	88.71571330565172	9.85314913455378	RS_GCF_000337055.1	Halobacteriota	set_d	11	3260036
genome_731	92.20873704366805	28.458781977372727	RS_GCF_020150815.1	Halobacteriota	set_d	15	4498140
genome_732	51.13452970580629	48.185227135089484	GB_GCA_023261845.1	Thermoproteota	set_d	45	1213604
genome_733	82.72347292635102	62.53296509334053	RS_GCF_001748385.1	Thermoproteota	set_d	209	2937948
genome_734	70.52299568869003	74.96707486371945	RS_GCF_000189955.1	Methanobacteriota	set_d	146	2858973
genome_735	78.68145573350515	45.97885113633116	RS_GCF_000025625.1	Halobacteriota	set_d	23	5539459
genome_736	58.82124690274042	80.24340167279607	RS_GCF_003201765.2	Thermoproteota	set_d	16	3150244
genome_737	72.34616302591371	91.28050426678249	GB_GCA_038895755.1	Thermoproteota	set_d	13	2090977
genome_738	100.0	46.54263462540124	GB_GCA_027316895.1	Thermoplasmatota	set_d	22	2594001
genome_739	82.21373240690295	73.15631463790012	GB_GCA_015523455.1	Thermoproteota	set_d	234	2312809
genome_74	98.93400477621655	76.38704661137896	GB_GCA_000495675.1	Thermoproteota	set_d	25	2714857
genome_740	100.0	46.35182766405533	GB_GCA_902490165.1	Thermoplasmatota	set_d	3	2587212
genome_741	76.65036712375904	32.17611845573206	RS_GCF_009834785.1	Halobacteriota	set_d	107	4958977
genome_742	100.0	2.7871470001063563	GB_GCA_903914545.1	Micrarchaeota	set_d	2	1517312
genome_743	65.75955759881155	49.12945524218961	RS_GCF_041447285.1	Halobacteriota	set_d	234	3266745
genome_744	51.31095075479365	58.83244868135113	RS_GCF_000011185.1	Thermoplasmatota	set_d	10	1745557
genome_745	54.349562969781005	90.48585330944752	RS_GCF_038880315.1	Thermoproteota	set_d	99	3076297
genome_746	100.0	66.52240146627499	RS_GCF_038882095.1	Thermoproteota	set_d	15	4304694
genome_747	64.99594580898004	25.964179533092334	RS_GCF_036754085.1	Thermoproteota	set_d	7	2153863
genome_748	68.43235464727144	93.59650394895364	RS_GCF_035656455.1	Halobacteriota	set_d	53	5809966
genome_749	82.3904659011042	45.92430922218156	RS_GCF_002214545.1	Methanobacteriota_B	set_d	65	2650896
genome_75	59.72705531927082	89.94966418925692	RS_GCF_029633965.1	Halobacteriota	set_d	13	3762747
genome_750	83.86564627108027	4.004707567710903	RS_GCF_958404925.1	Methanobacteriota	set_d	35	1663493
genome_751	50.88251159591572	3.207054087505739	RS_GCF_040769265.1	Halobacteriota	set_d	4	1549209
genome_752	74.92194289610117	91.81032545176662	GB_GCA_002496555.1	Methanobacteriota	set_d	52	3560761
genome_753	100.0	25.17797385133256	RS_GCF_001462395.1	Thermoproteota	set_d	4	2030045
genome_754	76.26614884679401	26.92329210355776	RS_GCF_025992335.1	Methanobacteriota	set_d	13	1770640
genome_755	87.6488488564429	36.30211198010089	RS_GCF_000015825.1	Halobacteriota	set_d	178	3071630
genome_756	61.152930563041785	91.44046745824751	GB_GCA_038728585.1	Thermoproteota	set_d	56	2949902
genome_757	100.0	30.24827986775087	RS_GCF_002215525.1	Thermoproteota	set_d	6	2915217
genome_758	88.7138826406381	32.30654614798791	GB_GCA_034679865.1	Methanobacteriota	set_d	8	2191352
genome_759	68.63310941280557	49.94582567876629	RS_GCF_024296665.1	Halobacteriota	set_d	147	4295599
genome_76	65.26370253238146	39.731181545473575	RS_GCF_902800455.1	Methanobacteriota	set_d	41	2709057
genome_760	72.85079972855519	24.835942169670986	RS_GCF_028472365.1	Thermoproteota	set_d	281	2173657
genome_761	85.64999528450794	18.166193140907374	RS_GCF_028211255.1	Halobacteriota	set_d	64	3676669
genome_762	53.84430334375069	2.6659887261129094	RS_GCF_945650115.1	Methanobacteriota	set_d	151	1054729
genome_763	100.0	7.938658489404333	GB_GCA_028276725.1	Thermoproteota	set_d	12	1434032
genome_764	100.0	11.68423091383455	RS_GCF_000092185.1	Thermoproteota	set_d	4	1470429
genome_765	65.98191798432003	97.21497009591586	RS_GCF_001469875.2	Halobacteriota	set_d	95	6372814
genome_766	88.82125637930686	36.90084402271232	GB_GCA_002508625.1	Thermoplasmatota	set_d	11	1675902
genome_767	76.97669473919225	45.23004443313281	RS_GCF_000337875.1	Halobacteriota	set_d	23	5397015
genome_768	64.64787632408614	56.77503586387758	RS_GCF_023746595.1	Methanobacteriota_B	set_d	23	2363191
genome_769	64.28656009736133	55.95235106597816	RS_GCF_001027005.1	Halobacteriota	set_d	109	5412159
genome_77	77.17363021030616	13.77375207918183	RS_GCF_023256325.1	Thermoproteota	set_d	18	1380604
genome_770	60.23728527299438	96.87018313097349	GB_GCA_963682135.1	Halobacteriota	set_d	49	4781316
genome_771	59.02475512184825	53.69663331260655	GB_GCA_036807805.1	Nanobdellota	set_d	15	982545
genome_772	100.0	53.9127079334153	RS_GCF_934882635.1	Methanobacteriota	set_d	8	2676385
genome_773	100.0	56.225544833646346	RS_GCF_001560135.1	Thermoproteota	set_d	91	3470413
genome_774	100.0	5.452604477636557	RS_GCF_029601605.1	Methanobacteriota	set_d	9	2557445
genome_775	100.0	19.366235570423807	RS_GCF_015209645.1	Thermoproteota	set_d	9	1532863
genome_776	62.509851714634834	31.86634078854538	RS_GCF_000970185.1	Halobacteriota	set_d	72	3837856
genome_777	60.6869194459565	49.76338057846688	GB_GCA_903871465.1	Halobacteriota	set_d	230	3459574
genome_778	81.70973103120095	9.180025142581163	RS_GCF_017873775.1	Halobacteriota	set_d	38	2559401
genome_779	85.35722777277654	69.52248835367443	GB_GCA_035378125.1	Halobacteriota	set_d	71	4722662
genome_78	68.00681906681054	69.54253884925303	RS_GCF_028211375.1	Halobacteriota	set_d	91	4906464
genome_780	72.78587110235526	92.58120191034595	RS_GCF_017873855.1	Halobacteriota	set_d	108	4402642
genome_781	78.64892430118222	29.41688453964392	GB_GCA_038888595.1	Halobacteriota	set_d	100	1286303
genome_782	69.48112665121964	96.6698008207772	RS_GCF_012027635.1	Methanobacteriota_B	set_d	7	3193150
genome_783	52.01547951948555	91.00260784868193	RS_GCF_022768105.1	Methanobacteriota	set_d	141	2731102
genome_784	80.27130008929761	19.204652116304537	RS_GCF_000969985.1	Halobacteriota	set_d	37	4881470
genome_785	100.0	29.711229461338164	RS_GCF_000245175.1	Thermoproteota	set_d	7	3373959
genome_786	100.0	78.60312388242015	RS_GCF_038876375.1	Thermoproteota	set_d	9	3845486
genome_787	81.62634852763719	14.332750500981918	RS_GCF_040882045.1	Thermoproteota	set_d	104	1675514
genome_788	92.52807137403046	15.609318276199279	RS_GCF_019823105.1	Halobacteriota	set_d	35	4036174
genome_789	70.34944026564396	37.71569537553761	RS_GCF_900115785.1	Halobacteriota	set_d	624	3907926
genome_79	75.52008858532045	48.3286303630818	RS_GCF_000015225.1	Thermoproteota	set_d	51	2245864
genome_790	52.3775474626775	31.7198058401098	RS_GCF_000092465.1	Thermoproteota	set_d	97	1329030
genome_791	51.205843765917855	18.42718095580584	RS_GCF_041647915.1	Methanobacteriota_B	set_d	7	1436757
genome_792	100.0	40.47758460578796	GB_GCA_012838075.1	Thermoplasmatota	set_d	56	2497499
genome_793	57.65097694218457	89.62794024873541	RS_GCF_001469955.1	Halobacteriota	set_d	1057	5787409
genome_794	69.13806394243184	20.682530780903964	RS_GCF_000495475.1	Halobacteriota	set_d	102	3300985
genome_795	59.1015443229409	81.91120870172173	RS_GCF_004102725.1	Halobacteriota	set_d	71	3878866
genome_796	59.685819158118335	85.7449034035588	RS_GCF_001888095.1	Halobacteriota	set_d	66	2894720
genome_797	80.77909109547416	75.05688433122698	RS_GCF_001560435.1	Thermoproteota	set_d	31	3405228
genome_798	99.23964482473752	1.2896166492507508	GB_GCA_963997705.1	Nanobdellota	set_d	2	918752
genome_799	100.0	47.78285423206741	GB_GCA_038734945.1	Thermoproteota	set_d	29	1978607
genome_8	68.28720781712835	37.69491267736192	RS_GCF_029338275.1	Halobacteriota	set_d	65	3736388
genome_80	70.51494120483281	31.951209721673408	GB_GCA_031852275.1	Halobacteriota	set_d	34	4416079
genome_800	76.9180410988656	28.207684762874216	GB_GCA_937899085.1	Thermoproteota	set_d	7	1360124
genome_801	100.0	23.240181911812737	GB_GCA_963676235.1	Thermoplasmatota	set_d	2	2041359
genome_802	84.97827545252815	31.541930306045806	GB_GCA_002839705.1	Methanobacteriota	set_d	64	2989362
genome_803	89.34489869482661	73.12940806510562	RS_GCF_000336975.1	Halobacteriota	set_d	136	5828007
genome_804	84.35965262584236	73.04430237889632	GB_GCA_023008565.1	Halobacteriota	set_d	448	6917408
genome_805	52.84560178993184	91.96692400047279	GB_GCA_021806235.1	Thermoplasmatota	set_d	101	2793451
genome_806	100.0	83.9310586514616	GB_GCA_001761425.1	Nanohalarchaeota	set_d	40	2057405
genome_807	60.28268262265141	2.388218377096438	RS_GCF_004114375.1	Halobacteriota	set_d	3	2299035
genome_808	67.20540172920826	77.65265961801248	RS_GCF_900182635.1	Halobacteriota	set_d	396	4600721
genome_809	100.0	78.99754822150287	GB_GCA_038879995.1	Thermoproteota	set_d	15	2616579
genome_81	80.86795445596171	36.41764970134602	RS_GCF_000956175.1	Thermoproteota	set_d	39	2114765
genome_810	77.70696490694388	58.81726648965535	GB_GCA_029258915.1	Thermoproteota	set_d	6	2181163
genome_811	70.7135188015211	60.467377214460605	RS_GCF_000217995.1	Halobacteriota	set_d	367	2805230
genome_812	87.47374976662674	21.476983604591425	GB_GCA_024276825.1	Asgardarchaeota	set_d	318	3197935
genome_813	84.46398825712642	2.193816219052541	RS_GCF_000195935.2	Methanobacteriota_B	set_d	10	1532597
genome_814	85.00422298861645	33.056739926875615	RS_GCF_038875575.1	Thermoproteota	set_d	370	2549654
genome_815	83.63980103155228	59.25106918008113	RS_GCF_001560755.1	Thermoproteota	set_d	418	3113935
genome_816	72.03232162451502	44.535153924164156	RS_GCF_017612575.1	Halobacteriota	set_d	76	3925299
genome_817	56.34860583860224	68.39590524963278	GB_GCA_016188265.1	Nanobdellota	set_d	7	1152411
genome_818	100.0	69.89068362296543	RS_GCF_003722155.1	Halobacteriota	set_d	32	3177863
genome_819	54.07266124600817	97.97617909940617	GB_GCA_036817305.1	Halobacteriota	set_d	34	4582229
genome_82	52.63436188432252	94.09086991710292	GB_GCA_030019295.1	Methanobacteriota	set_d	163	2264321
genome_820	75.08366427200927	27.180443045420066	RS_GCF_038731415.1	Thermoproteota	set_d	26	1512615
genome_821	61.0238471639867	80.03728373258376	RS_GCF_017094445.1	Halobacteriota	set_d	276	4341887
genome_822	63.76152323280376	29.45057294687774	RS_GCF_037389335.1	Thermoproteota	set_d	27	2171002
genome_823	52.12094607037301	74.16716871742179	RS_GCF_000337575.1	Halobacteriota	set_d	188	5253088
genome_824	67.67463310473681	78.42195215401637	GB_GCA_026014545.1	Thermoproteota	set_d	112	2714907
genome_825	62.89839622749152	56.170440968164165	RS_GCF_900182765.1	Halobacteriota	set_d	235	3652383
genome_826	68.5134987629166	36.51316321415288	RS_GCF_000190095.1	Methanobacteriota	set_d	14	2078318
genome_827	100.0	6.474861361991529	GB_GCA_001896725.1	Halobacteriota	set_d	5	2323027
genome_828	100.0	12.112522967205614	GB_GCA_037440725.1	Thermoproteota	set_d	3	1852498
genome_829	73.44735519230431	89.12615624150362	GB_GCA_039938515.1	Thermoproteota	set_d	66	4155761
genome_83	90.51756827294666	71.99293570744747	GB_GCA_934864615.1	Methanobacteriota	set_d	24	2777103
genome_830	100.0	23.862513195655108	GB_GCA_038727015.1	Thermoproteota	set_d	19	2467506
genome_831	100.0	14.346812486072304	RS_GCF_028330545.1	Halobacteriota	set_d	3	4002390
genome_832	93.12455600631718	79.64263278713548	GB_GCA_963979355.1	Nanobdellota	set_d	8	2354181
genome_833	73.33668698400139	30.758541179861446	RS_GCF_001560765.1	Thermoproteota	set_d	49	2325884
genome_834	50.566825555963504	9.571177741050773	GB_GCA_015163485.1	Halobacteriota	set_d	22	1143292
genome_835	68.99370190995732	21.17788565759507	RS_GCF_900108505.1	Halobacteriota	set_d	7	2828524
genome_836	93.66640335419578	17.07873042879423	RS_GCF_017873625.1	Methanobacteriota	set_d	7	2733799
genome_837	100.0	31.319337799896715	RS_GCF_937881195.1	Methanobacteriota	set_d	41	3097248
genome_838	75.10260164456129	16.842065425620792	RS_GCF_003383005.1	Halobacteriota	set_d	26	3571312
genome_839	69.54846083164767	92.44858886569196	GB_GCA_002495805.1	Methanobacteriota	set_d	9	2993618
genome_84	100.0	77.6713446949684	GB_GCA_963977645.1	Thermoproteota	set_d	3	2505285
genome_840	65.66907212908606	22.974216952669035	GB_GCA_036755205.1	Methanobacteriota	set_d	43	1707299
genome_841	63.88238775078072	15.446096489198451	RS_GCF_012027495.1	Methanobacteriota_B	set_d	72	1697129
genome_842	55.43860668206907	9.641833952205802	GB_GCA_041394965.1	Thermoproteota	set_d	443	2375207
genome_843	100.0	60.90299812212653	RS_GCF_000016525.1	Methanobacteriota	set_d	16	2981790
genome_844	100.0	53.48030648098517	RS_GCF_902784195.1	Methanobacteriota	set_d	17	3141108
genome_845	76.5271144542669	97.13884563699605	RS_GCF_008245225.1	Halobacteriota	set_d	1153	7296551
genome_846	100.0	51.42435572743248	RS_GCF_000011585.1	Methanobacteriota	set_d	31	2515366
genome_847	72.60083383205564	38.60898225181572	RS_GCF_037031225.1	Halobacteriota	set_d	313	3982220
genome_848	58.1702802413781	64.56533828207174	GB_GCA_011058825.1	Thermoproteota	set_d	155	1931202
genome_849	100.0	78.91592209764073	GB_GCA_035290625.1	Nanobdellota	set_d	16	2451005
genome_85	100.0	67.8354835356487	RS_GCF_038881735.1	Thermoproteota	set_d	6	3632841
genome_850	100.0	42.92778389241456	RS_GCF_900090055.1	Thermoplasmatota	set_d	2	2685493
genome_851	83.26514516972678	59.48865866970174	RS_GCF_000215995.1	Methanobacteriota_B	set_d	90	2450823
genome_852	67.90826310764908	97.0646985502374	GB_GCA_038732805.1	Thermoproteota	set_d	15	2600741
genome_853	83.7379197861902	86.36690527208215	RS_GCF_000258515.1	Methanobacteriota_B	set_d	449	3001600
genome_854	79.37063619760073	44.420533479543195	RS_GCF_958408655.1	Methanobacteriota	set_d	7	2345834
genome_855	100.0	0.1819940613537727	GB_GCA_022837745.1	Halobacteriota	set_d	5	1964622
genome_856	100.0	63.48084036377896	GB_GCA_030055515.1	Halobacteriota	set_d	16	2872360
genome_857	72.67615303985659	97.01899669874584	RS_GCF_000328685.1	Halobacteriota	set_d	24	7320849
genome_858	63.19530249195932	54.29378670763465	RS_GCF_000144915.1	Thermoproteota	set_d	10	1758169
genome_859	82.6125673917925	13.705569307881264	GB_GCA_027376375.1	Thermoplasmatota	set_d	420	2131870
genome_86	77.87110886573394	48.42892499730981	RS_GCF_023638055.1	Halobacteriota	set_d	68	4154920
genome_860	95.33657289495406	76.49921794455918	RS_GCF_038879055.1	Thermoproteota	set_d	65	2675131
genome_861	76.63838503596513	42.57890363250464	GB_GCA_021818905.1	Nanobdellota	set_d	31	1126204
genome_862	96.91867378448885	84.2105767672641	RS_GCF_038877995.1	Thermoproteota	set_d	11	3968080
genome_863	69.57469945746995	14.72155239320787	RS_GCF_000063445.1	Halobacteriota	set_d	310	2680550
genome_864	80.02340883133053	34.02841240308367	RS_GCF_014647415.1	Halobacteriota	set_d	34	4756213
genome_865	65.50457333785526	81.68917901233935	GB_GCA_038889075.1	Thermoproteota	set_d	10	2873172
genome_866	75.71584350448784	7.241233653883124	RS_GCF_004785955.1	Halobacteriota	set_d	330	3106935
genome_867	84.74492074271174	0.43670495935122006	RS_GCF_900095385.1	Halobacteriota	set_d	4	2256595
genome_868	75.90494444020648	66.75550512370636	RS_GCF_000470655.1	Halobacteriota	set_d	196	4488326
genome_869	60.8639688585686	76.62500370397133	GB_GCA_028279545.1	Thermoproteota	set_d	155	2644753
genome_87	76.56145797618017	26.04263608242373	GB_GCA_041489925.1	Nanobdellota	set_d	74	1089282
genome_870	77.33135221706172	42.510644048922565	RS_GCF_038882685.1	Thermoproteota	set_d	5	2961696
genome_871	78.22952634267436	50.46186343475966	GB_GCA_937874295.1	Methanobacteriota	set_d	53	3018176
genome_872	64.04416782960345	61.411996850975775	RS_GCF_023703775.1	Halobacteriota	set_d	713	4310655
genome_873	100.0	86.72293172293172	GB_GCA_013415865.1	Thermoplasmatota	set_d	13	3394959
genome_874	80.06073385054631	69.09635697783517	GB_GCA_025340205.1	Thermoproteota	set_d	6	2513382
genome_875	64.97061807728079	89.60543671260675	GB_GCA_030656015.1	Methanobacteriota	set_d	145	3656342
genome_876	53.16843510868829	21.419963008735696	GB_GCA_934086205.1	Thermoplasmatota	set_d	189	1409852
genome_877	65.62875781009659	5.34216863207191	GB_GCA_016927425.1	Halobacteriota	set_d	149	1644874
genome_878	100.0	61.68155255625893	RS_GCF_000264495.1	Thermoproteota	set_d	11	2192916
genome_879	84.45984675516695	34.573659742034145	RS_GCF_023195915.1	Halobacteriota	set_d	107	3096296
genome_88	61.58999122335926	16.631790968348458	RS_GCF_958452655.1	Methanobacteriota	set_d	8	1377872
genome_880	100.0	83.97348445004971	GB_GCA_963667665.1	Thermoproteota	set_d	44	3480541
genome_881	67.13256429549675	85.27047143715525	RS_GCF_041647795.1	Methanobacteriota_B	set_d	23	2815387
genome_882	100.0	54.52351008045045	GB_GCA_002504585.1	Methanobacteriota	set_d	11	2863999
genome_883	100.0	66.34426379361481	RS_GCF_024178165.1	Halobacteriota	set_d	115	5058905
genome_884	78.03806050518895	43.68800176228706	RS_GCF_030247815.1	Halobacteriota	set_d	243	4973240
genome_885	67.6447756130122	30.414933379062624	RS_GCF_000336655.1	Halobacteriota	set_d	49	4254395
genome_886	51.58357908533445	21.757154671071255	RS_GCF_003111625.1	Methanobacteriota	set_d	17	1645117
genome_887	79.87243330061129	67.63794065444907	GB_GCA_036867765.1	Halobacteriota	set_d	76	2395241
genome_888	63.02866722455901	82.6420469143415	RS_GCF_001485575.1	Halobacteriota	set_d	517	6350171
genome_889	68.13921159615246	56.635011141795445	RS_GCF_033472595.1	Halobacteriota	set_d	121	2471005
genome_89	63.11896133599284	56.40372963563531	GB_GCA_958422285.1	Thermoplasmatota	set_d	50	2165591
genome_890	74.42741416984	7.411728515478459	RS_GCF_002025255.2	Halobacteriota	set_d	6	2835998
genome_891	54.68617164578308	41.862155117999585	RS_GCF_028692305.1	Halobacteriota	set_d	372	2487110
genome_892	57.545093487926515	80.99689516939365	GB_GCA_000953115.1	Methanobacteriota	set_d	79	3433173
genome_893	100.0	88.53478525889194	GB_GCA_038736395.1	Thermoproteota	set_d	156	3204390
genome_894	66.85947774907713	95.22263886773251	RS_GCF_003605575.1	Halobacteriota	set_d	429	4000822
genome_895	100.0	95.1132875714454	GB_GCA_036525555.1	Thermoproteota	set_d	10	2683834
genome_896	80.06837430989322	65.84920068748387	RS_GCF_020097815.1	Halobacteriota	set_d	29	4992939
genome_897	73.75466430338672	7.61116610298624	RS_GCF_900106905.1	Halobacteriota	set_d	81	1648929
genome_898	73.69757804229046	28.15826222124624	RS_GCF_024296685.1	Halobacteriota	set_d	9	3835894
genome_899	100.0	51.96087519106497	GB_GCA_032249075.1	Thermoproteota	set_d	181	3213158
genome_9	90.5822322385998	69.93397975318514	GB_GCA_038874755.1	Thermoproteota	set_d	85	2119623
genome_90	72.2437557726762	1.036195375182222	RS_GCF_016278385.1	Halobacteriota	set_d	7	2107250
genome_900	84.20644465425296	26.322889375360738	RS_GCF_000022425.1	Thermoproteota	set_d	85	2975894
genome_901	86.26856128080466	94.54815177356687	RS_GCF_963667555.1	Halobacteriota	set_d	334	5955410
genome_902	85.75186273711124	62.715099920414595	GB_GCA_038730995.1	Thermoproteota	set_d	117	1895353
genome_903	55.68059648524617	11.996274866599169	RS_GCF_009914355.1	Methanobacteriota	set_d	271	1167089
genome_904	80.23318006871474	81.80099542364077	RS_GCF_000017945.1	Thermoproteota	set_d	112	2102455
genome_905	77.7712606972039	58.92983793109423	RS_GCF_005435095.1	Halobacteriota	set_d	62	4812785
genome_906	60.80189891367201	58.674063922878446	RS_GCF_041379815.1	Halobacteriota	set_d	279	4217020
genome_907	65.78353669412724	31.247055379168753	RS_GCF_014876775.1	Thermoproteota	set_d	2	1577568
genome_908	72.63122973301849	91.73111265317398	GB_GCA_016841295.1	Halobacteriota	set_d	190	3998160
genome_909	52.4726477498919	38.739043231392955	RS_GCF_000223395.1	Thermoproteota	set_d	94	1681275
genome_91	50.229375640783005	0.23667122979634664	RS_GCF_000191585.1	Methanobacteriota	set_d	41	1303918
genome_910	100.0	36.645074118673726	GB_GCA_038877435.1	Thermoproteota	set_d	16	2835731
genome_911	100.0	82.24836482840638	RS_GCF_038728865.1	Thermoproteota	set_d	26	4102387
genome_912	61.16544505333034	62.519339810188946	GB_GCA_027046645.1	Thermoproteota	set_d	37	2289534
genome_913	71.94934278198902	75.05104135708349	GB_GCA_015062805.1	Methanobacteriota	set_d	240	3111147
genome_914	90.27640834651498	25.029564669643026	RS_GCF_013388945.1	Thermoproteota	set_d	17	2299125
genome_915	58.80789274185605	50.38617816428772	RS_GCF_000970065.1	Halobacteriota	set_d	274	4900156
genome_916	61.82191238708518	23.85415940227996	RS_GCF_030848585.1	Halobacteriota	set_d	137	3059065
genome_917	83.02262715187068	81.85458822625301	GB_GCA_038822825.1	Thermoproteota	set_d	75	2317097
genome_918	86.00376675936866	78.82599751797255	GB_GCA_038852285.1	Thermoproteota	set_d	46	2827709
genome_919	100.0	8.581880231055644	RS_GCF_001560085.1	Thermoproteota	set_d	13	2411723
genome_92	100.0	35.3351642154498	GB_GCA_038874395.1	Thermoproteota	set_d	44	1991844
genome_920	87.16188100985583	53.39132580253664	RS_GCF_006740685.1	Thermoproteota	set_d	140	2107764
genome_921	100.0	52.89031653394664	GB_GCA_900065925.1	Thermoproteota	set_d	10	2760135
genome_922	58.27249839175691	54.8920751861484	GB_GCA_030054675.1	Methanobacteriota	set_d	10	2344925
genome_923	71.08569116560818	98.39280885458112	GB_GCA_030446185.1	Halobacteriota	set_d	58	4155262
genome_924	100.0	70.47017166256087	RS_GCF_027555065.1	Methanobacteriota	set_d	19	2794255
genome_925	64.52294138838248	3.683558398742399	RS_GCF_013177915.1	Halobacteriota	set_d	8	1249584
genome_926	95.07971684561657	68.3082698779421	RS_GCF_008152015.1	Methanobacteriota_B	set_d	22	3537412
genome_927	100.0	70.6016120288062	RS_GCF_038876675.1	Thermoproteota	set_d	30	4172680
genome_928	64.4901208350531	78.13185405563782	RS_GCF_001508745.1	Halobacteriota	set_d	75	2906024
genome_929	55.783277746036674	6.670251982079386	GB_GCA_938035805.1	Thermoplasmatota	set_d	41	1117155
genome_93	60.75221105851936	66.43872038209474	RS_GCF_900107205.1	Halobacteriota	set_d	156	4355642
genome_930	52.59665930519418	53.72310704129278	RS_GCF_024730625.1	Halobacteriota	set_d	47	3955864
genome_931	56.71563491890783	82.68389907700725	RS_GCF_038893475.1	Thermoproteota	set_d	46	3587263
genome_932	100.0	30.800908330058586	RS_GCF_000300255.2	Thermoplasmatota	set_d	6	2180183
genome_933	67.87319623486182	29.770986815714494	GB_GCA_025698765.1	Thermoproteota	set_d	138	1611420
genome_934	67.77029255932953	69.53780324320932	RS_GCF_009184575.1	Halobacteriota	set_d	32	3325749
genome_935	60.1245447716981	96.2287879924651	RS_GCF_029490015.1	Halobacteriota	set_d	47	5439140
genome_936	100.0	66.83038726069402	RS_GCF_000485535.1	Halobacteriota	set_d	134	6068452
genome_937	85.07641919486326	13.116238150504689	RS_GCF_000336815.1	Halobacteriota	set_d	312	3926527
genome_938	58.74407842318688	18.651216898353795	GB_GCA_002762785.1	Nanobdellota	set_d	95	912126
genome_939	57.64493864326419	22.394891523145272	RS_GCF_002215485.1	Thermoproteota	set_d	11	1830278
genome_94	100.0	68.33011281822267	GB_GCA_021817605.1	Thermoplasmatota	set_d	10	2940079
genome_940	93.05775162867391	19.154411339502715	GB_GCA_012729025.1	Halobacteriota	set_d	21	2716643
genome_941	82.91674453691869	98.35926810602723	GB_GCA_020833225.1	Thermoproteota	set_d	267	2657713
genome_942	80.53704296406734	19.866790369040913	RS_GCF_001559955.1	Thermoproteota	set_d	233	2230432
genome_943	84.41699726152918	73.94312727121273	GB_GCA_019429385.1	Halobacteriota	set_d	56	3802187
genome_944	85.16184756927903	91.5702285803191	RS_GCF_003173335.1	Halobacteriota	set_d	191	6611091
genome_945	64.74317832048214	73.40932640443734	GB_GCA_018651505.1	Nanobdellota	set_d	51	1401285
genome_946	60.95877784441811	26.64326693619608	RS_GCF_003383085.1	Halobacteriota	set_d	28	3449963
genome_947	73.83386231069848	48.658941657303245	GB_GCA_038731275.1	Nanobdellota	set_d	33	1094532
genome_948	80.49324017335798	69.86357915593288	RS_GCF_024807035.1	Methanobacteriota	set_d	70	2677243
genome_949	89.969400250013	1.547029966622328	RS_GCF_015351715.1	Methanobacteriota	set_d	37	2147962
genome_95	78.98273277911207	35.4782083072364	RS_GCF_024362485.1	Halobacteriota	set_d	42	4817281
genome_950	100.0	4.458398832617187	GB_GCA_003935005.1	Halobacteriota	set_d	5	2223420
genome_951	69.12723817352077	66.52314405541941	RS_GCF_038873635.1	Thermoproteota	set_d	12	2950758
genome_952	72.52016228535851	98.82753131117812	GB_GCA_041394925.1	Thermoproteota	set_d	27	5416047
genome_953	100.0	53.14866267969548	RS_GCF_002498315.1	Halobacteriota	set_d	7	3587195
genome_954	86.39276353440886	53.57880127222283	RS_GCF_000827835.1	Halobacteriota	set_d	248	5913863
genome_955	87.1417622992381	79.1522933807243	RS_GCF_032304395.1	Methanobacteriota_B	set_d	19	3000881
genome_956	50.7404201646546	72.49548310653977	GB_GCA_038823695.1	Halobacteriota	set_d	85	3095294
genome_957	56.72348477256054	44.97809188978998	RS_GCF_001458655.1	Methanobacteriota	set_d	52	2536956
genome_958	61.30581689974123	86.28733425933834	RS_GCF_021028995.1	Halobacteriota	set_d	141	4925058
genome_959	74.57599764818109	81.58045830471053	RS_GCF_902387285.1	Thermoplasmatota	set_d	16	2602808
genome_96	69.22331800293964	75.21938267507467	GB_GCA_027331705.1	Thermoplasmatota	set_d	51	3046441
genome_960	82.315897674473	52.07267604865082	RS_GCF_003431325.1	Thermoproteota	set_d	34	2068306
genome_961	100.0	63.491018346864415	RS_GCF_013407385.1	Thermoproteota	set_d	22	2813239
genome_962	73.39025415200275	28.876051738236658	RS_GCF_012027615.1	Methanobacteriota_B	set_d	13	2428700
genome_963	72.84995290032283	45.120628624074456	RS_GCF_000091665.1	Methanobacteriota	set_d	3	2052602
genome_964	62.25624697045835	34.68786271117851	GB_GCA_037445145.1	Nanobdellota	set_d	11	871989
genome_965	82.63651412263029	2.410225141365408	RS_GCF_934864325.1	Methanobacteriota	set_d	58	1467325
genome_966	57.73892889177639	39.47528151267116	RS_GCF_003852215.1	Thermoproteota	set_d	56	2594622
genome_967	83.65795418819081	49.52733956307257	RS_GCF_001266695.1	Thermoproteota	set_d	21	2918797
genome_968	84.34009265417	90.93832072770721	GB_GCA_013342525.1	Halobacteriota	set_d	39	5598063
genome_969	66.98055504543096	91.66655468809489	RS_GCF_000015805.1	Thermoproteota	set_d	55	3187717
genome_97	100.0	73.02068898477053	GB_GCA_036787415.1	Methanobacteriota	set_d	4	3275010
genome_970	100.0	6.737188075791528	GB_GCA_002496045.1	Thermoproteota	set_d	4	1452295
genome_971	61.52160075874591	70.30609224747988	RS_GCF_038875135.1	Thermoproteota	set_d	15	2810486
genome_972	86.8506056130856	25.131366011973718	GB_GCA_022653015.1	Thermoplasmatota	set_d	124	1899455
genome_973	81.40123077815538	68.77468444994464	RS_GCF_013414235.1	Thermoproteota	set_d	7	3106554
genome_974	65.47484528196927	59.792869063347474	RS_GCF_024707485.1	Methanobacteriota_B	set_d	5	2594124
genome_975	88.3136151835135	90.10473706692808	RS_GCF_024022995.1	Methanobacteriota_B	set_d	110	3370692
genome_976	100.0	27.884082618112775	RS_GCF_024372745.1	Halobacteriota	set_d	14	2995856
genome_977	50.28998364287115	78.86727332600351	RS_GCF_000015145.1	Thermoproteota	set_d	9	2153262
genome_978	85.14061662697765	25.134469843507766	RS_GCF_000784355.1	Halobacteriota	set_d	65	3078554
genome_979	88.29972988568394	77.1461387453535	RS_GCF_038733985.1	Thermoproteota	set_d	9	3308742
genome_98	92.98382334563526	40.71865729638928	RS_GCF_900109595.1	Methanobacteriota	set_d	79	2492852
genome_980	58.16574933752289	29.50549205701086	RS_GCF_938044845.1	Methanobacteriota	set_d	204	1691948
genome_981	81.11611490235808	15.94046218712769	RS_GCF_001280425.1	Halobacteriota	set_d	73	3854106
genome_982	100.0	92.11384926368342	GB_GCA_039938535.1	Thermoproteota	set_d	4	3115420
genome_983	54.221617130961896	15.10665786406295	GB_GCA_963591575.1	Thermoplasmatota	set_d	7	1097373
genome_984	78.14887637700753	19.721017382831057	RS_GCF_000296615.1	Halobacteriota	set_d	38	3100529
genome_985	100.0	40.60995226454868	GB_GCA_035615835.1	Thermoproteota	set_d	21	2156480
genome_986	54.63320433255725	65.0809174888195	RS_GCF_902387325.1	Methanobacteriota	set_d	19	2306107
genome_987	70.90762910391057	37.46398584972585	RS_GCF_034091585.1	Methanobacteriota	set_d	23	1718595
genome_988	71.52770319988862	45.77332299186604	RS_GCF_000221185.1	Methanobacteriota_B	set_d	81	2359299
genome_989	69.06112909075497	4.1725249117268195	RS_GCF_000336835.1	Halobacteriota	set_d	15	2635097
genome_99	73.90948493493636	21.305766412814965	GB_GCA_038891035.1	Micrarchaeota	set_d	32	771294
genome_990	54.72669277921792	97.1266235999552	RS_GCF_003201675.2	Thermoproteota	set_d	99	3863323
genome_991	100.0	90.69714855354445	GB_GCA_002494495.1	Methanobacteriota	set_d	19	3550451
genome_992	52.35126970498509	8.066339824195511	RS_GCF_020405205.1	Halobacteriota	set_d	61	2842167
genome_993	80.80157633076809	6.763854542569255	RS_GCF_000235565.1	Halobacteriota	set_d	95	2251337
genome_994	81.73550661929147	24.25555453746407	GB_GCA_023267875.1	Thermoproteota	set_d	30	1561614
genome_995	69.24289637658303	66.529868551338	RS_GCF_000828575.1	Methanobacteriota	set_d	111	2350251
genome_996	87.04750201365336	3.0112498243506485	RS_GCF_000217715.1	Halobacteriota	set_d	21	3922300
genome_997	80.82128914398524	28.19923317231017	RS_GCF_009856205.1	Halobacteriota	set_d	443	3684499
genome_998	62.54750748873862	24.342008688375955	GB_GCA_016841955.1	Halobacteriota	set_d	17	2113140
genome_999	62.91694819495209	3.9589987201512757	GB_GCA_027381965.1	Thermoplasmatota	set_d	4	1450021
