accession	domain	family	n_copies	n_pairs_total	n_pairs_valid	n_pairs_diff_contig	mean_pairwise_identity	min_pairwise_identity	survives_split_gene_control	contigs	cohort
GCA_001782045.1	bacteria	PGK	2	1	1	1	0.6038	0.6038	True	MFNK01000001.1;MFNK01000012.1	agree_clean
GCA_000431375.1	bacteria	TIGR00006	2	1	1	1	0.3668	0.3668	True	HF990740.1;HF990755.1	agree_clean
GCA_002366485.1	bacteria	infC	2	1	1	1	0.9708	0.9708	True	DEXB01000039.1;DEXB01000041.1	agree_clean
GCA_002366485.1	bacteria	rpmI_bact	2	1	1	1	1.0	1.0	True	DEXB01000039.1;DEXB01000041.1	agree_clean
GCA_002070265.1	bacteria	rpmH_bact	2	1	1	1	0.6818	0.6818	True	MWCX01000051.1;MWCX01000088.1	disagreement_141
GCA_002730975.1	bacteria	GTPase_EngA	2	1	1	1	0.4717	0.4717	True	PCBO01000010.1;PCBO01000106.1	disagreement_141
GCA_003137095.1	bacteria	rpsB_bact	2	1	0	0			False	PLET01000033.1;PLET01000121.1	agree_clean
GCA_003137095.1	bacteria	secG	2	1	1	1	0.8429	0.8429	True	PLET01000034.1;PLET01000062.1	agree_clean
GCA_009843765.1	bacteria	S16	2	1	1	1	0.4267	0.4267	True	VYCV01000112.1;VYCV01000294.1	agree_clean
GCA_009843765.1	bacteria	ffh	2	1	1	1	0.6047	0.6047	True	VYCV01000112.1;VYCV01000294.1	agree_clean
GCA_009843765.1	bacteria	trmD	2	1	1	1	0.6682	0.6682	True	VYCV01000112.1;VYCV01000143.1	agree_clean
GCA_012729715.1	bacteria	hisS	2	1	1	1	0.9602	0.9602	True	JAAYCQ010000066.1;JAAYCQ010000252.1	agree_clean
GCA_014377455.1	bacteria	infC	2	1	1	1	0.9706	0.9706	True	JACMPO010000094.1;JACMPO010000124.1	agree_clean
GCA_014377455.1	bacteria	rplT_bact	2	1	1	1	0.9386	0.9386	True	JACMPO010000094.1;JACMPO010000124.1	agree_clean
GCA_014377455.1	bacteria	rpmI_bact	2	1	1	1	0.9672	0.9672	True	JACMPO010000094.1;JACMPO010000124.1	agree_clean
GCA_015660205.1	bacteria	TIGR00152	2	1	1	1	0.3598	0.3598	True	DQLM01000038.1;DQLM01000043.1	agree_clean
GCA_016187975.1	bacteria	rpoA	2	1	1	1	0.4441	0.4441	True	JACPIR010000090.1;JACPIR010000394.1	agree_clean
GCA_016283595.1	bacteria	rpmH_bact	2	1	1	1	0.9545	0.9545	True	JAEENE010000031.1;JAEENE010000149.1	agree_clean
GCA_016278515.1	bacteria	TIGR00092	2	1	1	1	0.3853	0.3853	True	JADQBR010000002.1;JADQBR010000096.1	disagreement_141
GCA_016295605.1	bacteria	Ribosomal_S9	2	1	1	1	0.876	0.876	True	JAEDKX010000049.1;JAEDKX010000231.1	disagreement_141
GCA_016295605.1	bacteria	rplM_bact	2	1	1	1	0.7609	0.7609	True	JAEDKX010000049.1;JAEDKX010000231.1	disagreement_141
GCA_016704105.1	bacteria	TIGR00152	2	1	1	1	0.3978	0.3978	True	JADJAT010000001.1;JADJAT010000002.1	agree_clean
GCA_018380175.1	bacteria	TIGR00006	2	1	1	1	0.3287	0.3287	True	JAGZUE010000010.1;JAGZUE010000045.1	agree_clean
GCA_018381015.1	bacteria	dnaG	2	1	1	1	0.3806	0.3806	True	JAGZSS010000004.1;JAGZSS010000017.1	agree_clean
GCA_021732365.1	bacteria	rpsD_bact	2	1	1	1	0.4184	0.4184	True	JAKFVD010000006.1;JAKFVD010000016.1	agree_clean
GCA_021325555.1	bacteria	TIGR00152	2	1	1	0	0.4703	0.4703	True	JAJPGY010000039.1	agree_clean
GCA_022646625.1	bacteria	TIGR00043	2	1	0	0			False	JALCJM010000012.1;JALCJM010000143.1	agree_clean
GCA_022646625.1	bacteria	hisS	2	1	1	1	0.3325	0.3325	True	JALCJM010000003.1;JALCJM010000007.1	agree_clean
GCA_022783155.1	bacteria	TIGR00006	2	1	1	1	0.3741	0.3741	True	JALFON010000090.1;JALFON010000144.1	disagreement_141
GCA_022783155.1	bacteria	lepA	2	1	1	1	0.8816	0.8816	True	JALFON010000036.1;JALFON010000127.1	disagreement_141
GCA_022783155.1	bacteria	pheT_bact	2	1	1	1	0.4512	0.4512	True	JALFON010000023.1;JALFON010000040.1	disagreement_141
GCA_023139045.1	bacteria	TIGR00006	2	1	1	1	0.368	0.368	True	JAGLOJ010000066.1;JAGLOJ010000081.1	disagreement_141
GCA_023395465.1	bacteria	T6A_TsaD_YgjD	2	1	1	1	0.836	0.836	True	JAEWZE010000055.1;JAEWZE010000080.1	agree_clean
GCA_023395465.1	bacteria	ruvB	2	1	1	1	0.9571	0.9571	True	JAEWZE010000111.1;JAEWZE010000119.1	agree_clean
GCA_023383015.1	bacteria	dnaG	2	1	1	1	0.5012	0.5012	True	JAHDXW010000019.1;JAHDXW010000029.1	agree_clean
GCA_023709145.1	bacteria	S6	2	1	1	1	0.4	0.4	True	BRFF01000001.1;BRFF01000036.1	agree_clean
GCA_023429945.1	bacteria	TIGR00006	2	1	1	1	0.3945	0.3945	True	JAEZCP010000115.1;JAEZCP010000180.1	agree_clean
GCA_023436885.1	bacteria	leuS_bact	2	1	1	1	0.4267	0.4267	True	JAEZHI010000025.1;JAEZHI010000038.1	agree_clean
GCA_023436885.1	bacteria	rplT_bact	2	1	1	1	0.7788	0.7788	True	JAEZHI010000007.1;JAEZHI010000050.1	agree_clean
GCA_026339155.1	bacteria	dnaG	2	1	1	1	0.354	0.354	True	JAPKWD010000006.1;JAPKWD010000015.1	agree_clean
GCA_027421505.1	bacteria	rplV_bact	2	1	1	1	0.5122	0.5122	True	DAIBGZ010000006.1;DAIBGZ010000089.1	agree_clean
GCA_027421505.1	bacteria	rpsS_bact	2	1	1	1	0.6703	0.6703	True	DAIBGZ010000006.1;DAIBGZ010000089.1	agree_clean
GCA_029007115.1	bacteria	lepA	2	1	1	1	0.7703	0.7703	True	JAQXHG010000011.1;JAQXHG010000028.1	disagreement_141
GCA_027404155.1	bacteria	rpoA	2	1	1	1	0.7483	0.7483	True	DAHZCI010000010.1;DAHZCI010000030.1	agree_clean
GCA_028724105.1	bacteria	TIGR00006	2	1	1	1	0.3414	0.3414	True	JAQYDP010000017.1;JAQYDP010000047.1	disagreement_141
GCA_030148245.1	bacteria	PGK	2	1	1	1	0.7025	0.7025	True	JASBTV010000025.1;JASBTV010000028.1	agree_clean
GCA_027457585.1	bacteria	TIGR00006	2	1	1	1	0.3841	0.3841	True	DAIEDC010000005.1;DAIEDC010000033.1	agree_clean
GCA_030065935.1	bacteria	IF-2	2	1	1	1	0.7189	0.7189	True	JASJCP010000128.1;JASJCP010000139.1	agree_clean
GCA_030451785.1	bacteria	S6	2	1	1	1	1.0	1.0	True	JAKDGA010000013.1;JAKDGA010000195.1	agree_clean
GCA_031263035.1	bacteria	L3_bact	2	1	1	1	0.42	0.42	True	JAISGP010000073.1;JAISGP010000080.1	disagreement_141
GCA_031263035.1	bacteria	Ribosomal_L23	2	1	1	1	0.4211	0.4211	True	JAISGP010000073.1;JAISGP010000080.1	disagreement_141
GCA_031263035.1	bacteria	rplD_bact	2	1	1	1	0.3503	0.3503	True	JAISGP010000073.1;JAISGP010000080.1	disagreement_141
GCA_031263035.1	bacteria	rpoB	2	1	1	1	0.5148	0.5148	True	JAISGP010000088.1;JAISGP010000142.1	disagreement_141
GCA_031263035.1	bacteria	rpsG_bact	2	1	1	1	0.4286	0.4286	True	JAISGP010000034.1;JAISGP010000080.1	disagreement_141
GCA_031263035.1	bacteria	rpsJ_bact	2	1	1	1	0.5816	0.5816	True	JAISGP010000073.1;JAISGP010000080.1	disagreement_141
GCA_031263035.1	bacteria	rpsL_bact	2	1	1	1	0.6992	0.6992	True	JAISGP010000034.1;JAISGP010000080.1	disagreement_141
GCA_030655455.1	bacteria	L12	2	1	1	1	0.6829	0.6829	True	JAURVO010000017.1;JAURVO010000025.1	agree_clean
GCA_030655455.1	bacteria	Ribosomal_L10	2	1	1	1	0.4512	0.4512	True	JAURVO010000017.1;JAURVO010000025.1	agree_clean
GCA_030655455.1	bacteria	Ribosomal_S9	2	1	1	1	0.719	0.719	True	JAURVO010000009.1;JAURVO010000018.1	agree_clean
GCA_030655455.1	bacteria	rplM_bact	2	1	1	1	0.6343	0.6343	True	JAURVO010000009.1;JAURVO010000018.1	agree_clean
GCA_030655455.1	bacteria	rpoB	2	1	1	1	0.7469	0.7469	True	JAURVO010000017.1;JAURVO010000025.1	agree_clean
GCA_035529375.1	bacteria	S20	2	1	1	1	0.4933	0.4933	True	DATKWU010000008.1;DATKWU010000009.1	agree_clean
GCA_035529375.1	bacteria	infC	2	1	0	0			False	DATKWU010000002.1;DATKWU010000003.1	agree_clean
GCA_031969975.1	bacteria	IF-2	2	1	1	1	0.7853	0.7853	True	DALYJI010000019.1;DALYJI010000020.1	disagreement_141
GCA_031969975.1	bacteria	infC	3	3	3	3	0.5175	0.3985	True	DALYJI010000094.1;DALYJI010000279.1;DALYJI010000485.1	disagreement_141
GCA_035509275.1	bacteria	rpoA	2	1	1	1	0.9	0.9	True	DATJLU010000010.1;DATJLU010000090.1	agree_clean
GCA_035509275.1	bacteria	secG	2	1	1	1	0.6522	0.6522	True	DATJLU010000075.1;DATJLU010000140.1	agree_clean
GCA_035509275.1	bacteria	uS11_bact	2	1	1	1	0.8718	0.8718	True	DATJLU010000090.1;DATJLU010000228.1	agree_clean
GCA_035509275.1	bacteria	uS13_bact	2	1	1	1	0.7946	0.7946	True	DATJLU010000090.1;DATJLU010000228.1	agree_clean
GCA_035556475.1	bacteria	rpmH_bact	2	1	1	1	0.7209	0.7209	True	DATMFA010000017.1;DATMFA010000110.1	agree_clean
GCA_036481315.1	bacteria	ruvB	2	1	1	1	0.6007	0.6007	True	JAZGHS010000046.1;JAZGHS010000080.1	agree_clean
GCA_035568395.1	bacteria	Ribosomal_S9	2	1	1	1	0.9587	0.9587	True	DATMOF010000003.1;DATMOF010000012.1	agree_clean
GCA_035568395.1	bacteria	rpsB_bact	2	1	1	1	0.9481	0.9481	True	DATMOF010000003.1;DATMOF010000012.1	agree_clean
GCA_035568395.1	bacteria	rpsG_bact	2	1	1	1	0.9739	0.9739	True	DATMOF010000003.1;DATMOF010000011.1	agree_clean
GCA_035568395.1	bacteria	rpsL_bact	2	1	1	1	1.0	1.0	True	DATMOF010000003.1;DATMOF010000011.1	agree_clean
GCA_036387965.1	bacteria	RNAse_H_YqgF	2	1	1	1	0.4225	0.4225	True	DASVST010000181.1;DASVST010000268.1	disagreement_141
GCA_036387965.1	bacteria	uS11_bact	2	1	1	1	0.9722	0.9722	True	DASVST010000107.1;DASVST010000216.1	disagreement_141
GCA_036638955.1	bacteria	hisS	2	1	1	1	0.5088	0.5088	True	JAVWJO010000015.1;JAVWJO010000033.1	disagreement_141
GCA_036501045.1	bacteria	S16	2	1	1	1	0.5753	0.5753	True	DASYAX010000046.1;DASYAX010000214.1	agree_clean
GCA_036501045.1	bacteria	rpsD_bact	2	1	1	1	0.9835	0.9835	True	DASYAX010000116.1;DASYAX010000129.1	agree_clean
GCA_036501045.1	bacteria	uS11_bact	2	1	1	1	0.9915	0.9915	True	DASYAX010000116.1;DASYAX010000129.1	agree_clean
GCA_036501045.1	bacteria	uS13_bact	2	1	1	1	0.9646	0.9646	True	DASYAX010000116.1;DASYAX010000129.1	agree_clean
GCA_037143955.1	bacteria	L17	2	1	1	1	0.5596	0.5596	True	JBAWXR010000050.1;JBAWXR010000153.1	disagreement_141
GCA_037143955.1	bacteria	PGK	2	1	0	0			False	JBAWXR010000030.1;JBAWXR010000213.1	disagreement_141
GCA_037143955.1	bacteria	TIGR00152	2	1	1	1	0.4551	0.4551	True	JBAWXR010000030.1;JBAWXR010000303.1	disagreement_141
GCA_037143955.1	bacteria	nusG	2	1	1	1	0.6893	0.6893	True	JBAWXR010000016.1;JBAWXR010000275.1	disagreement_141
GCA_037143955.1	bacteria	rpoA	2	1	1	1	0.5298	0.5298	True	JBAWXR010000050.1;JBAWXR010000153.1	disagreement_141
GCA_037143955.1	bacteria	rpsD_bact	2	1	1	1	0.5735	0.5735	True	JBAWXR010000050.1;JBAWXR010000153.1	disagreement_141
GCA_037143955.1	bacteria	rpsG_bact	2	1	1	1	0.7987	0.7987	True	JBAWXR010000037.1;JBAWXR010000290.1	disagreement_141
GCA_037143955.1	bacteria	rpsL_bact	2	1	1	1	0.8537	0.8537	True	JBAWXR010000037.1;JBAWXR010000290.1	disagreement_141
GCA_037143955.1	bacteria	secE_bact	2	1	1	1	0.6364	0.6364	True	JBAWXR010000016.1;JBAWXR010000275.1	disagreement_141
GCA_037143955.1	bacteria	uS11_bact	2	1	1	1	0.6581	0.6581	True	JBAWXR010000050.1;JBAWXR010000153.1	disagreement_141
GCA_037143955.1	bacteria	uS13_bact	2	1	1	1	0.5841	0.5841	True	JBAWXR010000050.1;JBAWXR010000153.1	disagreement_141
GCA_036504555.1	bacteria	L3_bact	2	1	1	1	0.675	0.675	True	DASXUZ010000162.1;DASXUZ010000243.1	agree_clean
GCA_036504555.1	bacteria	rplD_bact	2	1	1	1	0.693	0.693	True	DASXUZ010000162.1;DASXUZ010000243.1	agree_clean
GCA_036504555.1	bacteria	rpsJ_bact	2	1	1	1	0.9697	0.9697	True	DASXUZ010000162.1;DASXUZ010000243.1	agree_clean
GCA_038108155.1	bacteria	S20	3	3	3	3	0.5316	0.321	True	JAYNHP010000002.1;JAYNHP010000089.1;JAYNHP010000139.1	agree_clean
GCA_038108155.1	bacteria	smpB	3	3	3	3	0.605	0.45	True	JAYNHP010000021.1;JAYNHP010000089.1;JAYNHP010000123.1	agree_clean
GCA_037444405.1	bacteria	S16	2	1	1	1	1.0	1.0	True	JBBIML010000003.1;JBBIML010000009.1	agree_clean
GCA_038115005.1	bacteria	rpsJ_bact	2	1	1	1	0.96	0.96	True	JAYNRZ010000029.1;JAYNRZ010000085.1	agree_clean
GCA_038246785.1	bacteria	S6	2	1	1	1	0.6883	0.6883	True	JBBRVP010000049.1;JBBRVP010000072.1	disagreement_141
GCA_041241435.1	bacteria	infC	2	1	1	1	0.9455	0.9455	True	JBERZM010000037.1;JBERZM010000149.1	agree_clean
GCA_041241435.1	bacteria	rplT_bact	2	1	1	1	0.9469	0.9469	True	JBERZM010000037.1;JBERZM010000149.1	agree_clean
GCA_041241435.1	bacteria	rpmI_bact	2	1	1	1	0.9138	0.9138	True	JBERZM010000037.1;JBERZM010000149.1	agree_clean
GCA_041241815.1	bacteria	L9	2	1	1	1	0.2828	0.2828	True	JBESAC010000018.1;JBESAC010000037.1	disagreement_141
GCA_041241815.1	bacteria	S6	2	1	1	1	0.3	0.3	True	JBESAC010000018.1;JBESAC010000037.1	disagreement_141
GCA_041655595.1	bacteria	L11_bact	2	1	1	1	0.9854	0.9854	True	JBBAFB010000049.1;JBBAFB010000152.1	disagreement_141
GCA_041655595.1	bacteria	L12	2	1	1	1	0.9839	0.9839	True	JBBAFB010000049.1;JBBAFB010000152.1	disagreement_141
GCA_041655595.1	bacteria	Ribosomal_L10	2	1	1	1	0.9072	0.9072	True	JBBAFB010000049.1;JBBAFB010000152.1	disagreement_141
GCA_041655595.1	bacteria	rplA_bact	2	1	1	1	0.9511	0.9511	True	JBBAFB010000049.1;JBBAFB010000152.1	disagreement_141
GCA_041686735.1	bacteria	ileS	2	1	1	1	0.3502	0.3502	True	JAWLDF010000001.1;JAWLDF010000005.1	agree_clean
GCA_043425335.1	bacteria	L9	2	1	1	1	0.6939	0.6939	True	JBHWQB010000182.1;JBHWQB010000206.1	agree_clean
GCA_043425335.1	bacteria	Ribosomal_L10	3	3	3	3	0.6999	0.6452	True	JBHWQB010000088.1;JBHWQB010000135.1;JBHWQB010000160.1	agree_clean
GCA_043425335.1	bacteria	S6	2	1	1	1	0.5957	0.5957	True	JBHWQB010000206.1;JBHWQB010000220.1	agree_clean
GCA_043425335.1	bacteria	TIGR00043	2	1	1	1	0.5065	0.5065	True	JBHWQB010000002.1;JBHWQB010000176.1	agree_clean
GCA_043425335.1	bacteria	frr	2	1	1	1	0.7069	0.7069	True	JBHWQB010000057.1;JBHWQB010000107.1	agree_clean
GCA_043425335.1	bacteria	pyrH_bact	2	1	1	1	0.7149	0.7149	True	JBHWQB010000057.1;JBHWQB010000107.1	agree_clean
GCA_041855225.1	bacteria	3a0501s007	2	1	1	1	0.7264	0.7264	True	JBHADV010000002.1;JBHADV010000084.1	agree_clean
GCA_041855225.1	bacteria	rplO_bact	2	1	1	1	0.6783	0.6783	True	JBHADV010000002.1;JBHADV010000084.1	agree_clean
GCA_043813215.1	bacteria	serS	2	1	1	1	0.6053	0.6053	True	JBDRLH010000038.1;JBDRLH010000040.1	disagreement_141
GCA_043747205.1	bacteria	infC	2	1	1	1	0.8824	0.8824	True	JAYTPO010000062.1;JAYTPO010000237.1	disagreement_141
GCA_043747205.1	bacteria	pheT_bact	2	1	1	1	0.9746	0.9746	True	JAYTPO010000108.1;JAYTPO010000109.1	disagreement_141
GCA_043747205.1	bacteria	rplT_bact	3	3	3	3	0.9415	0.9123	True	JAYTPO010000055.1;JAYTPO010000062.1;JAYTPO010000237.1	disagreement_141
GCA_043747205.1	bacteria	rpmI_bact	3	3	3	3	0.9665	0.9492	True	JAYTPO010000055.1;JAYTPO010000062.1;JAYTPO010000237.1	disagreement_141
GCA_043747205.1	bacteria	rpsG_bact	2	1	1	1	0.9551	0.9551	True	JAYTPO010000156.1;JAYTPO010000275.1	disagreement_141
GCA_043747205.1	bacteria	rpsL_bact	2	1	1	1	1.0	1.0	True	JAYTPO010000156.1;JAYTPO010000275.1	disagreement_141
GCA_045540655.1	bacteria	guanyl_kin	2	1	1	1	0.3636	0.3636	True	JAZQHP010000030.1;JAZQHP010000076.1	agree_clean
GCA_045540655.1	bacteria	rpoB	2	1	1	1	0.8663	0.8663	True	JAZQHP010000081.1;JAZQHP010000083.1	agree_clean
GCA_044344765.1	bacteria	fmt	2	1	1	1	0.6928	0.6928	True	JBIJCJ010000044.1;JBIJCJ010000133.1	disagreement_141
GCA_046093905.1	bacteria	secE_bact	2	1	1	1	0.5192	0.5192	True	JBJTGN010000077.1;JBJTGN010000099.1	agree_clean
GCA_046305415.1	bacteria	PGK	2	1	0	0			False	JBKCCK010000016.1;JBKCCK010000545.1	agree_clean
GCA_046302235.1	bacteria	L21	2	1	1	1	0.7869	0.7869	True	JBKCIO010000233.1;JBKCIO010000469.1	disagreement_141
GCA_046302235.1	bacteria	L27	2	1	1	1	0.8929	0.8929	True	JBKCIO010000233.1;JBKCIO010000469.1	disagreement_141
GCA_046302235.1	bacteria	TIGR00043	2	1	1	1	0.918	0.918	True	JBKCIO010000184.1;JBKCIO010000293.1	disagreement_141
GCA_046952625.1	bacteria	TIGR00006	2	1	1	1	0.3621	0.3621	True	JBKUJO010000001.1;JBKUJO010000007.1	agree_clean
GCA_046994035.1	bacteria	TIGR00006	2	1	1	1	0.3507	0.3507	True	JBKXCZ010000014.1;JBKXCZ010000015.1	agree_clean
GCA_046994035.1	bacteria	ruvB	2	1	1	1	0.4899	0.4899	True	JBKXCZ010000008.1;JBKXCZ010000015.1	agree_clean
GCA_046757765.1	bacteria	PGK	2	1	1	1	0.5491	0.5491	True	JBHHYX010000030.1;JBHHYX010000452.1	disagreement_141
GCA_046757765.1	bacteria	TIGR00006	2	1	1	1	0.6073	0.6073	True	JBHHYX010000025.1;JBHHYX010000528.1	disagreement_141
GCA_046757765.1	bacteria	secG	2	1	1	1	0.6571	0.6571	True	JBHHYX010000030.1;JBHHYX010000452.1	disagreement_141
GCA_046160275.1	bacteria	NusA	2	1	1	1	0.5503	0.5503	True	JBJXHA010000174.1;JBJXHA010000761.1	disagreement_141
GCA_048319185.1	bacteria	TIGR00006	2	1	1	1	0.3772	0.3772	True	DBFEAJ010000002.1;DBFEAJ010000016.1	agree_clean
GCA_048428545.1	bacteria	RNAse_H_YqgF	2	1	1	1	0.8538	0.8538	True	DBFOQF010000001.1;DBFOQF010000101.1	disagreement_141
GCA_048428545.1	bacteria	alaS	2	1	1	1	0.9121	0.9121	True	DBFOQF010000001.1;DBFOQF010000101.1	disagreement_141
GCA_049510975.1	bacteria	PGK	2	1	1	1	0.4081	0.4081	True	JBEKYM010000007.1;JBEKYM010000011.1	agree_clean
GCA_049510975.1	bacteria	ileS	2	1	1	1	0.4405	0.4405	True	JBEKYM010000001.1;JBEKYM010000006.1	agree_clean
GCA_049510975.1	bacteria	secE_bact	2	1	1	0	0.8571	0.8571	True	JBEKYM010000003.1	agree_clean
GCA_049840515.1	bacteria	RNAse_H_YqgF	2	1	0	0			False	JASGKW010000019.1	disagreement_141
GCA_049840515.1	bacteria	TIGR00006	2	1	1	1	0.3793	0.3793	True	JASGKW010000002.1;JASGKW010000011.1	disagreement_141
GCA_049581465.1	bacteria	PGK	2	1	0	0			False	JBAUSA010000455.1;JBAUSA010000758.1	agree_clean
GCA_051656445.1	bacteria	Ribosomal_S9	2	1	0	0			False	JBOGBX010000326.1;JBOGBX010000344.1	disagreement_141
GCA_049324695.1	bacteria	PGK	2	1	1	1	0.3777	0.3777	True	JBMOMJ010000016.1;JBMOMJ010000039.1	disagreement_141
GCA_052271025.1	bacteria	TIGR00006	2	1	1	1	0.3621	0.3621	True	DAVZMT010000015.1;DAVZMT010000051.1	agree_clean
GCA_054040315.1	bacteria	hisS	2	1	1	1	0.3316	0.3316	True	JBPKZF010000012.1;JBPKZF010000029.1	disagreement_141
GCA_051270635.1	bacteria	TIGR00006	2	1	1	1	0.3825	0.3825	True	JBNMNB010000018.1;JBNMNB010000142.1	disagreement_141
GCA_053492575.1	bacteria	hisS	2	1	1	1	0.3358	0.3358	True	JBRCBR010000089.1;JBRCBR010000134.1	agree_clean
GCA_900540455.1	bacteria	Ribosomal_S9	2	1	0	0			False	UQGD01000017.1;UQGD01000058.1	agree_clean
GCA_900540455.1	bacteria	alaS	2	1	1	1	0.5631	0.5631	True	UQGD01000010.1;UQGD01000012.1	agree_clean
GCA_900768675.1	bacteria	3a0501s007	2	1	1	1	0.723	0.723	True	CAAGDT010000017.1;CAAGDT010000177.1	agree_clean
GCA_900768675.1	bacteria	L18_bact	2	1	1	1	0.7857	0.7857	True	CAAGDT010000017.1;CAAGDT010000177.1	agree_clean
GCA_900768675.1	bacteria	L29	2	1	1	1	0.8214	0.8214	True	CAAGDT010000017.1;CAAGDT010000177.1	agree_clean
GCA_900768675.1	bacteria	L6_bact	2	1	1	1	0.8	0.8	True	CAAGDT010000017.1;CAAGDT010000177.1	agree_clean
GCA_900768675.1	bacteria	Ribosomal_L5	2	1	1	1	0.8246	0.8246	True	CAAGDT010000017.1;CAAGDT010000177.1	agree_clean
GCA_900768675.1	bacteria	Ribosomal_S8	2	1	1	1	0.8672	0.8672	True	CAAGDT010000017.1;CAAGDT010000177.1	agree_clean
GCA_900768675.1	bacteria	ksgA	2	1	1	1	0.9781	0.9781	True	CAAGDT010000112.1;CAAGDT010000250.1	agree_clean
GCA_900768675.1	bacteria	rplN_bact	2	1	1	1	0.9344	0.9344	True	CAAGDT010000017.1;CAAGDT010000177.1	agree_clean
GCA_900768675.1	bacteria	rplO_bact	2	1	1	1	0.7832	0.7832	True	CAAGDT010000017.1;CAAGDT010000177.1	agree_clean
GCA_900768675.1	bacteria	rplP_bact	2	1	1	1	0.9127	0.9127	True	CAAGDT010000017.1;CAAGDT010000177.1	agree_clean
GCA_900768675.1	bacteria	rplV_bact	2	1	1	1	0.8155	0.8155	True	CAAGDT010000017.1;CAAGDT010000177.1	agree_clean
GCA_900768675.1	bacteria	rplX_bact	2	1	1	1	0.76	0.76	True	CAAGDT010000017.1;CAAGDT010000177.1	agree_clean
GCA_900768675.1	bacteria	rpsC_bact	2	1	1	1	0.8286	0.8286	True	CAAGDT010000017.1;CAAGDT010000177.1	agree_clean
GCA_900768675.1	bacteria	rpsE_bact	2	1	1	1	0.9286	0.9286	True	CAAGDT010000017.1;CAAGDT010000177.1	agree_clean
GCA_900768675.1	bacteria	uS17_bact	2	1	1	1	0.9167	0.9167	True	CAAGDT010000017.1;CAAGDT010000177.1	agree_clean
GCA_902483105.1	bacteria	dnaG	2	1	1	1	0.3341	0.3341	True	CABTBY010000007.1;CABTBY010000018.1	agree_clean
GCA_903852135.1	bacteria	RNAse_H_YqgF	2	1	1	1	0.9694	0.9694	True	CAINQE010000163.1;CAINQE010000211.1	disagreement_141
GCA_903878475.1	bacteria	PGK	2	1	1	1	0.7676	0.7676	True	CAIRHQ010000213.1;CAIRHQ010000243.1	agree_clean
GCA_903898695.1	bacteria	TIGR00006	2	1	1	1	0.3542	0.3542	True	CAIUGK010000013.1;CAIUGK010000043.1	disagreement_141
GCA_903908245.1	bacteria	TIGR00006	2	1	1	1	0.3737	0.3737	True	CAIVRE010000011.1;CAIVRE010000018.1	agree_clean
GCA_905198135.1	bacteria	dnaG	2	1	1	1	0.3359	0.3359	True	CAJKBM010000008.1;CAJKBM010000011.1	agree_clean
GCA_903887525.1	bacteria	rpsJ_bact	2	1	1	1	0.6531	0.6531	True	CAISQC010000113.1;CAISQC010000166.1	agree_clean
GCA_910577175.1	bacteria	rpoA	2	1	1	1	0.8243	0.8243	True	CAJTLU010000016.1;CAJTLU010000025.1	agree_clean
GCA_910577175.1	bacteria	rpsD_bact	2	1	1	1	0.733	0.733	True	CAJTLU010000016.1;CAJTLU010000025.1	agree_clean
GCA_910577175.1	bacteria	uS11_bact	2	1	1	1	0.9231	0.9231	True	CAJTLU010000016.1;CAJTLU010000025.1	agree_clean
GCA_910577175.1	bacteria	uS13_bact	2	1	1	1	0.8142	0.8142	True	CAJTLU010000016.1;CAJTLU010000025.1	agree_clean
GCA_910577855.1	bacteria	TIGR00006	2	1	1	1	0.3741	0.3741	True	CAJTNQ010000007.1;CAJTNQ010000057.1	agree_clean
GCA_903948385.1	bacteria	PGK	2	1	0	0			False	CAJAYP010000002.1;CAJAYP010000320.1	agree_clean
GCA_903948385.1	bacteria	rpoB	2	1	0	0			False	CAJAYP010000150.1;CAJAYP010000535.1	agree_clean
GCA_934294665.1	bacteria	leuS_bact	2	1	1	1	0.4699	0.4699	True	CAKRAD010000007.1;CAKRAD010000013.1	agree_clean
GCA_934876215.1	bacteria	TIGR00006	2	1	1	1	0.4231	0.4231	True	CAKXKJ010000002.1;CAKXKJ010000021.1	agree_clean
GCA_937897955.1	bacteria	L21	2	1	1	1	0.9394	0.9394	True	CALCOT010000083.1;CALCOT010000143.1	disagreement_141
GCA_938038695.1	bacteria	guanyl_kin	2	1	1	1	0.4663	0.4663	True	CALHTG010000015.1;CALHTG010000087.1	disagreement_141
GCA_944324785.1	bacteria	guanyl_kin	2	1	1	1	0.4078	0.4078	True	CALUXQ010000007.1;CALUXQ010000033.1	agree_clean
GCA_945881845.1	bacteria	PGK	2	1	1	1	0.9521	0.9521	True	CAMCVN010000004.1;CAMCVN010000019.1	disagreement_141
GCA_946415095.1	bacteria	TIGR00006	2	1	1	1	0.3414	0.3414	True	CAMKRC010000001.1;CAMKRC010000019.1	agree_clean
GCA_947061575.1	bacteria	rpsB_bact	2	1	0	0			False	CAMSNW010000015.1;CAMSNW010000029.1	agree_clean
GCA_947085045.1	bacteria	S15_bact	2	1	1	1	0.869	0.869	True	CAMTUU010000002.1;CAMTUU010000013.1	disagreement_141
GCA_947378535.1	bacteria	TIGR00006	2	1	1	1	0.9617	0.9617	True	CANCKI010000114.1;CANCKI010000171.1	agree_clean
GCA_947473205.1	bacteria	TIGR00006	2	1	1	1	0.3428	0.3428	True	CANJBP010000007.1;CANJBP010000021.1	agree_clean
GCA_947626165.1	bacteria	L21	2	1	1	1	0.9344	0.9344	True	CANQRG010000002.1;CANQRG010000003.1	disagreement_141
GCA_948531775.1	bacteria	S20	2	1	0	0			False	CAOTNR010000009.1;CAOTNR010000044.1	agree_clean
GCA_948532585.1	bacteria	L27	2	1	1	1	0.8765	0.8765	True	CAOTQE010000017.1;CAOTQE010000046.1	agree_clean
GCA_948532585.1	bacteria	PGK	3	3	0	0			False	CAOTQE010000007.1;CAOTQE010000082.1	agree_clean
GCA_948532585.1	bacteria	prfB	2	1	1	1	0.9169	0.9169	True	CAOTQE010000002.1;CAOTQE010000042.1	agree_clean
GCA_948532585.1	bacteria	rpsJ_bact	2	1	1	1	0.9293	0.9293	True	CAOTQE010000010.1;CAOTQE010000047.1	agree_clean
GCA_948565335.1	bacteria	dnaG	2	1	1	0	0.351	0.351	True	CAOYMU010000001.1	agree_clean
GCA_948592635.1	bacteria	dnaG	3	3	3	3	0.3712	0.3127	True	CAPCNW010000016.1;CAPCNW010000022.1;CAPCNW010000048.1	agree_clean
GCA_948614825.1	bacteria	PGK	2	1	0	0			False	CAPFVV010000001.1;CAPFVV010000003.1	agree_clean
GCA_948614825.1	bacteria	dnaG	2	1	1	0	0.351	0.351	True	CAPFVV010000003.1	agree_clean
GCA_948675425.1	bacteria	lysidine_TilS_N	2	1	1	1	0.2472	0.2472	True	CAPOUO010000027.1;CAPOUO010000054.1	agree_clean
GCA_948675425.1	bacteria	rplN_bact	2	1	1	1	1.0	1.0	True	CAPOUO010000024.1;CAPOUO010000060.1	agree_clean
GCA_948669905.1	bacteria	Ribosomal_S9	2	1	1	1	0.7107	0.7107	True	CAPNZA010000001.1;CAPNZA010000006.1	agree_clean
GCA_948669905.1	bacteria	rplM_bact	2	1	1	1	0.5725	0.5725	True	CAPNZA010000001.1;CAPNZA010000006.1	agree_clean
GCA_948669905.1	bacteria	rpsB_bact	2	1	1	1	0.7752	0.7752	True	CAPNZA010000001.1;CAPNZA010000006.1	agree_clean
GCA_948669905.1	bacteria	tsf	2	1	1	1	0.5283	0.5283	True	CAPNZA010000001.1;CAPNZA010000006.1	agree_clean
GCA_948704125.1	bacteria	guanyl_kin	2	1	1	1	0.486	0.486	True	CAPTAV010000113.1;CAPTAV010000220.1	agree_clean
GCA_948866415.1	bacteria	TIGR00006	2	1	1	1	0.3715	0.3715	True	CAQQWI010000036.1;CAQQWI010000142.1	agree_clean
GCA_948784995.1	bacteria	L3_bact	2	1	1	1	0.8607	0.8607	True	CAQEZV010000004.1;CAQEZV010000057.1	agree_clean
GCA_948784995.1	bacteria	Ribosomal_L23	2	1	1	1	0.7045	0.7045	True	CAQEZV010000004.1;CAQEZV010000057.1	agree_clean
GCA_948784995.1	bacteria	rplB_bact	2	1	1	1	0.9084	0.9084	True	CAQEZV010000004.1;CAQEZV010000057.1	agree_clean
GCA_948784995.1	bacteria	rplD_bact	2	1	1	1	0.7903	0.7903	True	CAQEZV010000004.1;CAQEZV010000057.1	agree_clean
GCA_948784995.1	bacteria	rpsS_bact	2	1	1	1	0.9101	0.9101	True	CAQEZV010000004.1;CAQEZV010000057.1	agree_clean
GCA_948945125.1	bacteria	dnaG	2	1	1	1	0.3308	0.3308	True	CARBHG010000006.1;CARBHG010000039.1	agree_clean
GCA_948994475.1	bacteria	guanyl_kin	2	1	1	1	0.4358	0.4358	True	CARIJO010000002.1;CARIJO010000023.1	agree_clean
GCA_949052265.1	bacteria	guanyl_kin	2	1	1	1	0.4358	0.4358	True	CARQXJ010000003.1;CARQXJ010000022.1	agree_clean
GCA_949347405.1	bacteria	L11_bact	2	1	1	1	0.9565	0.9565	True	CASHAK010000002.1;CASHAK010000008.1	agree_clean
GCA_949347405.1	bacteria	L12	2	1	1	1	0.9268	0.9268	True	CASHAK010000002.1;CASHAK010000008.1	agree_clean
GCA_949347405.1	bacteria	Ribosomal_L10	2	1	1	1	0.701	0.701	True	CASHAK010000002.1;CASHAK010000008.1	agree_clean
GCA_949347405.1	bacteria	nusG	2	1	1	1	0.7314	0.7314	True	CASHAK010000002.1;CASHAK010000008.1	agree_clean
GCA_949347405.1	bacteria	rplA_bact	2	1	1	1	0.8805	0.8805	True	CASHAK010000002.1;CASHAK010000008.1	agree_clean
GCA_949347405.1	bacteria	rpoB	2	1	1	1	0.8961	0.8961	True	CASHAK010000002.1;CASHAK010000008.1	agree_clean
GCA_949477195.1	bacteria	RNAse_H_YqgF	2	1	1	1	0.272	0.272	True	CASXMH010000033.1;CASXMH010000075.1	agree_clean
GCA_949477195.1	bacteria	hisS	2	1	1	1	0.273	0.273	True	CASXMH010000043.1;CASXMH010000075.1	agree_clean
GCA_950097065.1	bacteria	PGK	2	1	1	1	0.3919	0.3919	True	CATNCR010000001.1;CATNCR010000022.1	agree_clean
GCA_949740115.1	bacteria	Ribosomal_S9	2	1	0	0			False	CATJGZ010000036.1;CATJGZ010000050.1	agree_clean
GCA_949740115.1	bacteria	dnaG	2	1	1	1	0.4194	0.4194	True	CATJGZ010000082.1;CATJGZ010000121.1	agree_clean
GCA_963599035.1	bacteria	TIGR00006	2	1	1	1	0.3706	0.3706	True	CAVBVL010000004.1;CAVBVL010000051.1	agree_clean
GCA_963610445.1	bacteria	guanyl_kin	2	1	1	1	0.4078	0.4078	True	CAVDNY010000004.1;CAVDNY010000066.1	agree_clean
GCA_963706305.1	bacteria	PGK	2	1	1	0	0.5242	0.5242	True	OY970152.1	agree_clean
GCA_963741015.1	bacteria	PGK	2	1	0	0			False	CAVUGP010000006.1	agree_clean
GCA_963705225.1	bacteria	PGK	2	1	0	0			False	OY970060.1	disagreement_141
GCA_963745205.1	bacteria	L27	2	1	1	1	0.8429	0.8429	True	CAVUWX010000003.1;CAVUWX010000005.1	agree_clean
GCA_964348975.1	bacteria	L17	2	1	1	1	0.5505	0.5505	True	CAYGEO010000020.1;CAYGEO010000113.1	agree_clean
GCA_964348975.1	bacteria	Ribosomal_S9	2	1	1	1	0.575	0.575	True	CAYGEO010000020.1;CAYGEO010000113.1	agree_clean
GCA_964348975.1	bacteria	rplM_bact	2	1	1	1	0.4091	0.4091	True	CAYGEO010000020.1;CAYGEO010000113.1	agree_clean
GCA_963849745.1	bacteria	rpoB	2	1	1	1	0.9657	0.9657	True	CAWKIM010000003.1;CAWKIM010000010.1	disagreement_141
GCA_964216155.1	bacteria	S6	2	1	1	1	0.7945	0.7945	True	CAXPED010000004.1;CAXPED010000019.1	agree_clean
GCA_963822955.1	bacteria	PGK	2	1	1	1	0.5726	0.5726	True	CAWGJS010000001.1;CAWGJS010000002.1	agree_clean
GCA_963822955.1	bacteria	ileS	2	1	1	0	0.4115	0.4115	True	CAWGJS010000001.1	agree_clean
GCA_963822955.1	bacteria	leuS_bact	2	1	1	1	0.5096	0.5096	True	CAWGJS010000001.1;CAWGJS010000002.1	agree_clean
GCA_963822955.1	bacteria	pyrH_bact	2	1	1	1	0.4493	0.4493	True	CAWGJS010000003.1;CAWGJS010000007.1	agree_clean
GCA_963822955.1	bacteria	smpB	3	3	3	3	0.7258	0.5887	True	CAWGJS010000001.1;CAWGJS010000004.1;CAWGJS010000007.1	agree_clean
GCA_964370005.1	bacteria	rplT_bact	2	1	0	0			False	CAYJGR010000011.1;CAYJGR010000080.1	disagreement_141
GCA_964436235.1	bacteria	PGK	2	1	1	1	0.4781	0.4781	True	CAYTCW010000026.1;CAYTCW010000153.1	disagreement_141
GCA_964499935.1	bacteria	PGK	2	1	1	0	0.3952	0.3952	True	CAZCMS010000001.1	disagreement_141
GCA_964500765.1	bacteria	S16	2	1	0	0			False	CAZCPV010000053.1;CAZCPV010000197.1	agree_clean
GCA_964628655.1	bacteria	TIGR00006	2	1	1	1	0.7197	0.7197	True	CAZVOB010000023.1;CAZVOB010000072.1	agree_clean
GCA_964628655.1	bacteria	rpsL_bact	2	1	1	1	0.89	0.89	True	CAZVOB010000079.1;CAZVOB010000084.1	agree_clean
GCA_964564625.1	bacteria	PGK	3	3	3	3	0.3543	0.3256	True	CAZMBE010000006.1;CAZMBE010000019.1;CAZMBE010000027.1	disagreement_141
GCA_965201135.1	bacteria	ruvB	2	1	1	0	0.457	0.457	True	OZ241751.1	disagreement_141
GCA_964640795.1	bacteria	infC	2	1	0	0			False	CAZXIN010000046.1;CAZXIN010000061.1	agree_clean
GCA_965328565.1	bacteria	PGK	3	3	0	0			False	CBDPAQ010000056.1;CBDPAQ010000083.1	agree_clean
GCA_976998035.1	bacteria	PGK	2	1	0	0			False	CDRLRH010000139.1;CDRLRH010000176.1	agree_clean
GCA_966168655.1	bacteria	L6_bact	2	1	1	1	0.8114	0.8114	True	CBIDWS010000044.1;CBIDWS010000061.1	agree_clean
GCA_966168655.1	bacteria	Ribosomal_L5	2	1	1	1	0.7544	0.7544	True	CBIDWS010000044.1;CBIDWS010000061.1	agree_clean
GCA_966168655.1	bacteria	Ribosomal_S8	2	1	1	1	0.8372	0.8372	True	CBIDWS010000044.1;CBIDWS010000061.1	agree_clean
GCA_966168655.1	bacteria	TIGR00006	2	1	1	1	0.3646	0.3646	True	CBIDWS010000022.1;CBIDWS010000033.1	agree_clean
GCA_966168655.1	bacteria	rplX_bact	2	1	1	1	0.7051	0.7051	True	CBIDWS010000044.1;CBIDWS010000061.1	agree_clean
GCA_977974145.1	bacteria	TIGR00006	2	1	1	1	0.3586	0.3586	True	CDWXFN010000001.1;CDWXFN010000006.1	agree_clean
GCA_977925875.1	bacteria	TIGR00006	2	1	1	0	0.3728	0.3728	True	OZ375594.1	agree_clean
GCA_977925875.1	bacteria	secG	3	3	3	0	0.8513	0.7714	True	OZ375594.1	agree_clean
GCA_980315005.1	bacteria	TIGR00043	2	1	1	1	0.4159	0.4159	True	CEKDRG010000261.1;CEKDRG010000390.1	disagreement_141
GCA_982264465.1	bacteria	rpmH_bact	2	1	1	1	0.6744	0.6744	True	CEVFDK010000001.1;CEVFDK010000257.1	agree_clean
