set	set_label	tool	tool_label	criterion	threshold	n	n_clusters	n_true_pass	n_true_fail	n_false_pass	n_false_fail	false_pass_rate	false_pass_rate_ci_lo	false_pass_rate_ci_hi	false_fail_rate	false_fail_rate_ci_lo	false_fail_rate_ci_hi	sensitivity	sensitivity_ci_lo	sensitivity_ci_hi	specificity	specificity_ci_lo	specificity_ci_hi	balanced_accuracy	balanced_accuracy_ci_lo	balanced_accuracy_ci_hi
set_A_v2	Set A (completeness gradient, 0% contamination)	magicc_v5	MAGICC v5 (released, v0.3.0)	completeness	50.0	1000	798	1000	0	0	0				0.0	0.0	0.0				1.0	1.0	1.0	1.0	1.0	1.0
set_A_v2	Set A (completeness gradient, 0% contamination)	checkm2	CheckM2 1.0.1	completeness	50.0	1000	798	1000	0	0	22				0.022	0.0132248219735503	0.0310636835920837				0.978	0.9689363164079162	0.9867751780264497	0.978	0.9689363164079162	0.9867751780264497
set_A_v2	Set A (completeness gradient, 0% contamination)	cocopye	CoCoPyE 0.5.0	completeness	50.0	1000	798	1000	0	0	52				0.052	0.039038063063063	0.0654773905529953				0.948	0.9345226094470046	0.9609619369369368	0.948	0.9345226094470046	0.9609619369369368
set_A_v2	Set A (completeness gradient, 0% contamination)	deepcheck	DeepCheck	completeness	50.0	1000	798	1000	0	0	27				0.027	0.0177501701837985	0.0373657178361554				0.973	0.9626342821638444	0.9822498298162016	0.973	0.9626342821638444	0.9822498298162016
set_A_v2	Set A (completeness gradient, 0% contamination)	magicc_v5	MAGICC v5 (released, v0.3.0)	completeness	90.0	1000	798	276	724	17	20	0.0234806629834254	0.0136607362512021	0.035063728746832	0.072463768115942	0.0431647623078008	0.1060686653771759	0.9765193370165746	0.964936271253168	0.986339263748798	0.927536231884058	0.893931334622824	0.9568352376921992	0.9520277844503162	0.9344091729056048	0.9680932240834704
set_A_v2	Set A (completeness gradient, 0% contamination)	checkm2	CheckM2 1.0.1	completeness	90.0	1000	798	276	724	29	6	0.0400552486187845	0.0269867249871233	0.0546247938427707	0.0217391304347826	0.0069686411149825	0.0405417871746284	0.9599447513812156	0.9453752061572293	0.9730132750128766	0.9782608695652174	0.9594582128253716	0.9930313588850174	0.9691028104732164	0.9566469740004088	0.9795933870402528
set_A_v2	Set A (completeness gradient, 0% contamination)	cocopye	CoCoPyE 0.5.0	completeness	90.0	1000	798	276	724	26	14	0.0359116022099447	0.0228494623655914	0.0497926707359979	0.0507246376811594	0.0227251286449399	0.0817155240455848	0.9640883977900552	0.950207329264002	0.9771505376344086	0.9492753623188406	0.9182844759544152	0.97727487135506	0.956681880054448	0.9402770624164556	0.9720410109088864
set_A_v2	Set A (completeness gradient, 0% contamination)	deepcheck	DeepCheck	completeness	90.0	1000	798	276	724	31	6	0.042817679558011	0.0293693820172486	0.0579101402688486	0.0217391304347826	0.0070404132109731	0.0398586956521738	0.9571823204419888	0.9420898597311512	0.9706306179827512	0.9782608695652174	0.9601413043478262	0.9929595867890268	0.9677215950036032	0.9564064564850928	0.9780741262115916
set_A_v2	Set A (completeness gradient, 0% contamination)	magicc_v5	MAGICC v5 (released, v0.3.0)	contamination	5.0	1000	798	1000	0	0	21				0.021	0.0110998990918264	0.0319385253516989				0.979	0.9680614746483012	0.9889001009081736	0.979	0.9680614746483012	0.9889001009081736
set_A_v2	Set A (completeness gradient, 0% contamination)	checkm2	CheckM2 1.0.1	contamination	5.0	1000	798	1000	0	0	0				0.0	0.0	0.0				1.0	1.0	1.0	1.0	1.0	1.0
set_A_v2	Set A (completeness gradient, 0% contamination)	cocopye	CoCoPyE 0.5.0	contamination	5.0	1000	798	1000	0	0	32				0.032	0.0207698238629731	0.0448350853871135				0.968	0.9551649146128864	0.9792301761370268	0.968	0.9551649146128864	0.9792301761370268
set_A_v2	Set A (completeness gradient, 0% contamination)	deepcheck	DeepCheck	contamination	5.0	1000	798	1000	0	0	0				0.0	0.0	0.0				1.0	1.0	1.0	1.0	1.0	1.0
set_A_v2	Set A (completeness gradient, 0% contamination)	magicc_v5	MAGICC v5 (released, v0.3.0)	contamination	10.0	1000	798	1000	0	0	11				0.011	0.004044285322197	0.0196666521353735				0.989	0.9803333478646264	0.995955714677803	0.989	0.9803333478646264	0.995955714677803
set_A_v2	Set A (completeness gradient, 0% contamination)	checkm2	CheckM2 1.0.1	contamination	10.0	1000	798	1000	0	0	0				0.0	0.0	0.0				1.0	1.0	1.0	1.0	1.0	1.0
set_A_v2	Set A (completeness gradient, 0% contamination)	cocopye	CoCoPyE 0.5.0	contamination	10.0	1000	798	1000	0	0	19				0.019	0.0109780439121756	0.0288859034918211				0.981	0.9711140965081788	0.9890219560878244	0.981	0.9711140965081788	0.9890219560878244
set_A_v2	Set A (completeness gradient, 0% contamination)	deepcheck	DeepCheck	contamination	10.0	1000	798	1000	0	0	0				0.0	0.0	0.0				1.0	1.0	1.0	1.0	1.0	1.0
set_B_v2	Set B (contamination gradient, 100% completeness)	magicc_v5	MAGICC v5 (released, v0.3.0)	completeness	50.0	1000	803	1000	0	0	0				0.0	0.0	0.0				1.0	1.0	1.0	1.0	1.0	1.0
set_B_v2	Set B (contamination gradient, 100% completeness)	checkm2	CheckM2 1.0.1	completeness	50.0	1000	803	1000	0	0	0				0.0	0.0	0.0				1.0	1.0	1.0	1.0	1.0	1.0
set_B_v2	Set B (contamination gradient, 100% completeness)	cocopye	CoCoPyE 0.5.0	completeness	50.0	1000	803	1000	0	0	0				0.0	0.0	0.0				1.0	1.0	1.0	1.0	1.0	1.0
set_B_v2	Set B (contamination gradient, 100% completeness)	deepcheck	DeepCheck	completeness	50.0	1000	803	1000	0	0	0				0.0	0.0	0.0				1.0	1.0	1.0	1.0	1.0	1.0
set_B_v2	Set B (contamination gradient, 100% completeness)	magicc_v5	MAGICC v5 (released, v0.3.0)	completeness	90.0	1000	803	1000	0	0	104				0.104	0.0843928744033868	0.1243630238433162				0.896	0.8756369761566838	0.9156071255966132	0.896	0.8756369761566838	0.9156071255966132
set_B_v2	Set B (contamination gradient, 100% completeness)	checkm2	CheckM2 1.0.1	completeness	90.0	1000	803	1000	0	0	10				0.01	0.0040363269424823	0.0162605761357715				0.99	0.9837394238642284	0.9959636730575177	0.99	0.9837394238642284	0.9959636730575177
set_B_v2	Set B (contamination gradient, 100% completeness)	cocopye	CoCoPyE 0.5.0	completeness	90.0	1000	803	1000	0	0	14				0.014	0.0069860279441117	0.0213593220673784				0.986	0.9786406779326215	0.9930139720558884	0.986	0.9786406779326215	0.9930139720558884
set_B_v2	Set B (contamination gradient, 100% completeness)	deepcheck	DeepCheck	completeness	90.0	1000	803	1000	0	0	14				0.014	0.0077218215598157	0.0218687872763419				0.986	0.978131212723658	0.9922781784401844	0.986	0.978131212723658	0.9922781784401844
set_B_v2	Set B (contamination gradient, 100% completeness)	magicc_v5	MAGICC v5 (released, v0.3.0)	contamination	5.0	1000	803	200	800	0	6	0.0	0.0	0.0	0.03	0.0099490172897886	0.0563398338750451	1.0	1.0	1.0	0.97	0.9436601661249548	0.9900509827102112	0.985	0.9718300830624774	0.9950254913551057
set_B_v2	Set B (contamination gradient, 100% completeness)	checkm2	CheckM2 1.0.1	contamination	5.0	1000	803	200	800	59	0	0.07375	0.0563199792274002	0.0934393088185222	0.0	0.0	0.0	0.92625	0.9065606911814778	0.9436800207725996	1.0	1.0	1.0	0.963125	0.9532803455907388	0.9718400103863
set_B_v2	Set B (contamination gradient, 100% completeness)	cocopye	CoCoPyE 0.5.0	contamination	5.0	1000	803	200	800	1	3	0.00125	0.0	0.0038363171355498	0.015	0.0	0.0341463414634146	0.99875	0.99616368286445	1.0	0.985	0.9658536585365852	1.0	0.991875	0.9820133367279638	0.9993858431358432
set_B_v2	Set B (contamination gradient, 100% completeness)	deepcheck	DeepCheck	contamination	5.0	1000	803	200	800	132	0	0.165	0.1400777025265762	0.1908399441201417	0.0	0.0	0.0	0.835	0.8091600558798583	0.8599222974734239	1.0	1.0	1.0	0.9175	0.9045800279399292	0.929961148736712
set_B_v2	Set B (contamination gradient, 100% completeness)	magicc_v5	MAGICC v5 (released, v0.3.0)	contamination	10.0	1000	803	202	798	1	4	0.0012531328320802	0.0	0.0039115985377201	0.0198019801980198	0.0046290962621607	0.0421108326371484	0.9987468671679198	0.9960884014622798	1.0	0.9801980198019802	0.9578891673628516	0.9953709037378392	0.98947244348495	0.9781581441300196	0.9975009236453204
set_B_v2	Set B (contamination gradient, 100% completeness)	checkm2	CheckM2 1.0.1	contamination	10.0	1000	803	202	798	147	0	0.1842105263157894	0.1564396677024257	0.2109384527439024	0.0	0.0	0.0	0.8157894736842105	0.7890615472560976	0.8435603322975743	1.0	1.0	1.0	0.9078947368421052	0.8945307736280488	0.9217801661487872
set_B_v2	Set B (contamination gradient, 100% completeness)	cocopye	CoCoPyE 0.5.0	contamination	10.0	1000	803	202	798	12	0	0.0150375939849624	0.0073257839721254	0.0236922537406483	0.0	0.0	0.0	0.9849624060150376	0.9763077462593516	0.9926742160278744	1.0	1.0	1.0	0.9924812030075189	0.9881538731296758	0.9963371080139372
set_B_v2	Set B (contamination gradient, 100% completeness)	deepcheck	DeepCheck	contamination	10.0	1000	803	202	798	326	0	0.4085213032581453	0.3751499077490775	0.4421885690548333	0.0	0.0	0.0	0.5914786967418546	0.5578114309451666	0.6248500922509225	1.0	1.0	1.0	0.7957393483709273	0.7789057154725832	0.8124250461254612
set_C_clean	Set C-clean (Patescibacteriota, held-out test split)	magicc_v5	MAGICC v5 (released, v0.3.0)	completeness	50.0	1000	100	1000	0	0	0				0.0	0.0	0.0				1.0	1.0	1.0	1.0	1.0	1.0
set_C_clean	Set C-clean (Patescibacteriota, held-out test split)	checkm2	CheckM2 1.0.1	completeness	50.0	1000	100	1000	0	0	45				0.045	0.033	0.059				0.955	0.941	0.967	0.955	0.941	0.967
set_C_clean	Set C-clean (Patescibacteriota, held-out test split)	cocopye	CoCoPyE 0.5.0	completeness	50.0	1000	100	1000	0	0	112				0.112	0.092	0.134				0.888	0.866	0.908	0.888	0.866	0.908
set_C_clean	Set C-clean (Patescibacteriota, held-out test split)	deepcheck	DeepCheck	completeness	50.0	1000	100	1000	0	0	139				0.139	0.115975	0.1620249999999998				0.861	0.837975	0.8840249999999998	0.861	0.837975	0.8840249999999998
set_C_clean	Set C-clean (Patescibacteriota, held-out test split)	magicc_v5	MAGICC v5 (released, v0.3.0)	completeness	90.0	1000	100	445	555	63	118	0.1135135135135135	0.0764749941359187	0.1566484517304189	0.2651685393258427	0.1883368821815113	0.3410425631478824	0.8864864864864865	0.843351548269581	0.9235250058640811	0.7348314606741573	0.6589574368521176	0.8116631178184887	0.8106589735803219	0.7712095941339048	0.8508658638348675
set_C_clean	Set C-clean (Patescibacteriota, held-out test split)	checkm2	CheckM2 1.0.1	completeness	90.0	1000	100	445	555	21	158	0.0378378378378378	0.0204434188141894	0.0576593401550956	0.3550561797752809	0.3063401509400258	0.4045534995977473	0.9621621621621622	0.9423406598449044	0.9795565811858106	0.6449438202247191	0.5954465004022527	0.693659849059974	0.8035529911934407	0.7762621643473894	0.8290435919933101
set_C_clean	Set C-clean (Patescibacteriota, held-out test split)	cocopye	CoCoPyE 0.5.0	completeness	90.0	1000	100	445	555	0	439	0.0	0.0	0.0	0.9865168539325844	0.9748283752860412	0.9954957485575464	1.0	1.0	1.0	0.0134831460674157	0.0045042514424536	0.0251716247139588	0.5067415730337078	0.5022521257212268	0.5125858123569794
set_C_clean	Set C-clean (Patescibacteriota, held-out test split)	deepcheck	DeepCheck	completeness	90.0	1000	100	445	555	1	394	0.0018018018018018	0.0	0.005607476635514	0.8853932584269663	0.8474927565527929	0.9198137494063297	0.9981981981981982	0.994392523364486	1.0	0.1146067415730337	0.0801862505936703	0.152507243447207	0.5564024698856159	0.5399048275158196	0.5748962737166788
set_C_clean	Set C-clean (Patescibacteriota, held-out test split)	magicc_v5	MAGICC v5 (released, v0.3.0)	contamination	5.0	1000	100	52	948	19	23	0.020042194092827	0.0126050420168067	0.0283919143284077	0.4423076923076923	0.2726887519260401	0.6166666666666667	0.979957805907173	0.9716080856715922	0.9873949579831932	0.5576923076923077	0.3833333333333333	0.7273112480739597	0.7688250567997403	0.6824309238848413	0.8535913849743637
set_C_clean	Set C-clean (Patescibacteriota, held-out test split)	checkm2	CheckM2 1.0.1	contamination	5.0	1000	100	52	948	493	0	0.520042194092827	0.4852000618124485	0.5569620253164557	0.0	0.0	0.0	0.479957805907173	0.4430379746835443	0.5147999381875514	1.0	1.0	1.0	0.7399789029535865	0.7215189873417721	0.7573999690937757
set_C_clean	Set C-clean (Patescibacteriota, held-out test split)	cocopye	CoCoPyE 0.5.0	contamination	5.0	1000	100	52	948	122	35	0.1286919831223628	0.1057578893771515	0.1520867468287526	0.6730769230769231	0.5365635888501743	0.7931034482758621	0.8713080168776371	0.8479132531712473	0.8942421106228485	0.3269230769230769	0.2068965517241379	0.4634364111498257	0.5991155469003571	0.5369215121273131	0.6680302742011021
set_C_clean	Set C-clean (Patescibacteriota, held-out test split)	deepcheck	DeepCheck	contamination	5.0	1000	100	52	948	663	0	0.6993670886075949	0.663856468475774	0.7350808079687638	0.0	0.0	0.0	0.300632911392405	0.2649191920312361	0.336143531524226	1.0	1.0	1.0	0.6503164556962026	0.6324595960156181	0.668071765762113
set_C_clean	Set C-clean (Patescibacteriota, held-out test split)	magicc_v5	MAGICC v5 (released, v0.3.0)	contamination	10.0	1000	100	100	900	21	35	0.0233333333333333	0.013362286562732	0.0349745928572711	0.35	0.2471433114267543	0.4500403225806449	0.9766666666666668	0.9650254071427288	0.986637713437268	0.65	0.5499596774193549	0.7528566885732454	0.8133333333333334	0.7638058308768736	0.8644156802052884
set_C_clean	Set C-clean (Patescibacteriota, held-out test split)	checkm2	CheckM2 1.0.1	contamination	10.0	1000	100	100	900	739	0	0.8211111111111111	0.7913417445397971	0.849667370091917	0.0	0.0	0.0	0.1788888888888888	0.150332629908083	0.2086582554602029	1.0	1.0	1.0	0.5894444444444444	0.5751663149540415	0.6043291277301015
set_C_clean	Set C-clean (Patescibacteriota, held-out test split)	cocopye	CoCoPyE 0.5.0	contamination	10.0	1000	100	100	900	247	22	0.2744444444444444	0.2491554278542071	0.3021446803389787	0.22	0.1401822429906542	0.3050892060660125	0.7255555555555555	0.6978553196610212	0.7508445721457928	0.78	0.6949107939339876	0.8598177570093457	0.7527777777777778	0.710114975618475	0.7924333604139675
set_C_clean	Set C-clean (Patescibacteriota, held-out test split)	deepcheck	DeepCheck	contamination	10.0	1000	100	100	900	840	0	0.9333333333333332	0.9116675998233712	0.9530765450224584	0.0	0.0	0.0	0.0666666666666666	0.0469234549775416	0.0883324001766288	1.0	1.0	1.0	0.5333333333333333	0.5234617274887708	0.5441662000883144
set_D_clean	Set D-clean (Archaea, held-out test split)	magicc_v5	MAGICC v5 (released, v0.3.0)	completeness	50.0	1000	100	1000	0	0	0				0.0	0.0	0.0				1.0	1.0	1.0	1.0	1.0	1.0
set_D_clean	Set D-clean (Archaea, held-out test split)	checkm2	CheckM2 1.0.1	completeness	50.0	1000	100	1000	0	0	6				0.006	0.001	0.014				0.994	0.986	0.999	0.994	0.986	0.999
set_D_clean	Set D-clean (Archaea, held-out test split)	cocopye	CoCoPyE 0.5.0	completeness	50.0	1000	100	1000	0	0	30				0.03	0.015	0.0500249999999998				0.97	0.949975	0.985	0.97	0.949975	0.985
set_D_clean	Set D-clean (Archaea, held-out test split)	deepcheck	DeepCheck	completeness	50.0	1000	100	1000	0	0	12				0.012	0.002	0.026				0.988	0.974	0.998	0.988	0.974	0.998
set_D_clean	Set D-clean (Archaea, held-out test split)	magicc_v5	MAGICC v5 (released, v0.3.0)	completeness	90.0	1000	100	224	776	53	62	0.0682989690721649	0.0491559487543296	0.0881996711728169	0.2767857142857143	0.205020920502092	0.3574478363655052	0.9317010309278352	0.9118003288271832	0.9508440512456704	0.7232142857142857	0.6425521636344949	0.7949790794979079	0.8274576583210604	0.7898725159317386	0.8630729608167096
set_D_clean	Set D-clean (Archaea, held-out test split)	checkm2	CheckM2 1.0.1	completeness	90.0	1000	100	224	776	207	7	0.2667525773195876	0.2269779507133592	0.3074053178963893	0.03125	0.0121926632572777	0.0544554455445544	0.7332474226804123	0.6925946821036106	0.7730220492866408	0.96875	0.9455445544554456	0.9878073367427224	0.8509987113402062	0.8289603441216745	0.8727418187912122
set_D_clean	Set D-clean (Archaea, held-out test split)	cocopye	CoCoPyE 0.5.0	completeness	90.0	1000	100	224	776	68	40	0.0876288659793814	0.0652173913043478	0.1114029632339491	0.1785714285714285	0.0995163629678052	0.2701695531464833	0.9123711340206184	0.8885970367660508	0.9347826086956522	0.8214285714285714	0.7298304468535167	0.9004836370321947	0.866899852724595	0.8210972640422289	0.905709999193103
set_D_clean	Set D-clean (Archaea, held-out test split)	deepcheck	DeepCheck	completeness	90.0	1000	100	224	776	139	33	0.1791237113402062	0.1443383240197284	0.2146403551645487	0.1473214285714285	0.0833333333333333	0.2160865552251051	0.8208762886597938	0.7853596448354513	0.8556616759802715	0.8526785714285714	0.7839134447748949	0.9166666666666666	0.8367774300441826	0.7992807582788747	0.8715836890754326
set_D_clean	Set D-clean (Archaea, held-out test split)	magicc_v5	MAGICC v5 (released, v0.3.0)	contamination	5.0	1000	100	62	938	11	9	0.0117270788912579	0.005364663115429	0.0189473684210526	0.1451612903225806	0.0588235294117647	0.2542372881355932	0.988272921108742	0.9810526315789474	0.994635336884571	0.8548387096774194	0.7457627118644068	0.9411764705882352	0.9215558153930808	0.867143336646509	0.964980206225843
set_D_clean	Set D-clean (Archaea, held-out test split)	checkm2	CheckM2 1.0.1	contamination	5.0	1000	100	62	938	296	0	0.3155650319829424	0.273210027426814	0.3579210992907801	0.0	0.0	0.0	0.6844349680170576	0.6420789007092199	0.726789972573186	1.0	1.0	1.0	0.8422174840085288	0.8210394503546099	0.8633949862865931
set_D_clean	Set D-clean (Archaea, held-out test split)	cocopye	CoCoPyE 0.5.0	contamination	5.0	1000	100	62	938	60	9	0.0639658848614072	0.0441620874461517	0.088865096359743	0.1451612903225806	0.0625	0.2419354838709677	0.9360341151385928	0.911134903640257	0.9558379125538484	0.8548387096774194	0.7580645161290323	0.9375	0.8954364124080061	0.8461877055123473	0.9373992806123382
set_D_clean	Set D-clean (Archaea, held-out test split)	deepcheck	DeepCheck	contamination	5.0	1000	100	62	938	508	1	0.5415778251599147	0.5	0.5805763073639274	0.0161290322580645	0.0	0.0508474576271186	0.4584221748400853	0.4194236926360726	0.5	0.9838709677419356	0.9491525423728814	1.0	0.7211465712910103	0.6957869404628956	0.7447313171615972
set_D_clean	Set D-clean (Archaea, held-out test split)	magicc_v5	MAGICC v5 (released, v0.3.0)	contamination	10.0	1000	100	113	887	21	12	0.0236753100338218	0.0147886942002766	0.0328425821064552	0.1061946902654867	0.0472941101478837	0.1746070272769301	0.9763246899661782	0.9671574178935448	0.9852113057997234	0.8938053097345132	0.8253929727230698	0.9527058898521162	0.9350649998503456	0.9008688239539602	0.9652326482099284
set_D_clean	Set D-clean (Archaea, held-out test split)	checkm2	CheckM2 1.0.1	contamination	10.0	1000	100	113	887	507	0	0.5715896279594137	0.525836941017492	0.6142888976923837	0.0	0.0	0.0	0.4284103720405862	0.3857111023076161	0.4741630589825079	1.0	1.0	1.0	0.7142051860202931	0.6928555511538081	0.737081529491254
set_D_clean	Set D-clean (Archaea, held-out test split)	cocopye	CoCoPyE 0.5.0	contamination	10.0	1000	100	113	887	85	9	0.0958286358511837	0.0699760486843061	0.125149245097472	0.079646017699115	0.0336134453781512	0.1339285714285714	0.9041713641488164	0.8748507549025278	0.930023951315694	0.9203539823008848	0.8660714285714286	0.9663865546218487	0.9122626732248508	0.8838306424944873	0.938633976084093
set_D_clean	Set D-clean (Archaea, held-out test split)	deepcheck	DeepCheck	contamination	10.0	1000	100	113	887	752	0	0.8478015783540023	0.8126418719211823	0.8784109595115029	0.0	0.0	0.0	0.1521984216459977	0.121589040488497	0.1873581280788177	1.0	1.0	1.0	0.5760992108229989	0.5607945202442485	0.593679064039409
set_E	Set E (realistic mixture)	magicc_v5	MAGICC v5 (released, v0.3.0)	completeness	50.0	1000	785	1000	0	0	0				0.0	0.0	0.0				1.0	1.0	1.0	1.0	1.0	1.0
set_E	Set E (realistic mixture)	checkm2	CheckM2 1.0.1	completeness	50.0	1000	785	1000	0	0	5				0.005	0.001002004008016	0.0100608692477445				0.995	0.9899391307522556	0.998997995991984	0.995	0.9899391307522556	0.998997995991984
set_E	Set E (realistic mixture)	cocopye	CoCoPyE 0.5.0	completeness	50.0	1000	785	1000	0	0	11				0.011	0.0050251256281407	0.0178407749735481				0.989	0.9821592250264518	0.9949748743718592	0.989	0.9821592250264518	0.9949748743718592
set_E	Set E (realistic mixture)	deepcheck	DeepCheck	completeness	50.0	1000	785	1000	0	0	6				0.006	0.0019588638589618	0.0118811881188118				0.994	0.988118811881188	0.9980411361410382	0.994	0.988118811881188	0.9980411361410382
set_E	Set E (realistic mixture)	magicc_v5	MAGICC v5 (released, v0.3.0)	completeness	90.0	1000	785	352	648	49	62	0.0756172839506172	0.0547494236670924	0.0971179211152468	0.1761363636363636	0.1306788676827623	0.219375	0.9243827160493828	0.9028820788847532	0.9452505763329074	0.8238636363636364	0.780625	0.8693211323172376	0.8741231762065096	0.8496627376331104	0.8994106672066234
set_E	Set E (realistic mixture)	checkm2	CheckM2 1.0.1	completeness	90.0	1000	785	352	648	243	11	0.375	0.3373295679111843	0.4127750920641441	0.03125	0.0144081867567657	0.0480268531754135	0.625	0.5872249079358559	0.6626704320888157	0.96875	0.9519731468245866	0.9855918132432344	0.796875	0.7767081030682972	0.8170675143977858
set_E	Set E (realistic mixture)	cocopye	CoCoPyE 0.5.0	completeness	90.0	1000	785	352	648	93	20	0.1435185185185185	0.1163522012578616	0.1706199416697047	0.0568181818181818	0.034881193124368	0.0828406593406593	0.8564814814814815	0.8293800583302953	0.8836477987421384	0.9431818181818182	0.9171593406593408	0.965118806875632	0.8998316498316499	0.880894337649613	0.9178554083132344
set_E	Set E (realistic mixture)	deepcheck	DeepCheck	completeness	90.0	1000	785	352	648	231	17	0.3564814814814814	0.3186102376179216	0.393764928666391	0.0482954545454545	0.0268616856370964	0.0710231153750621	0.6435185185185185	0.6062350713336089	0.6813897623820784	0.9517045454545454	0.928976884624938	0.9731383143629035	0.797611531986532	0.7760512777381432	0.819229276415148
set_E	Set E (realistic mixture)	magicc_v5	MAGICC v5 (released, v0.3.0)	contamination	5.0	1000	785	252	748	14	9	0.0187165775401069	0.0101920351473923	0.0283793384047105	0.0357142857142857	0.0150929209816995	0.0614803748104282	0.9812834224598932	0.9716206615952896	0.9898079648526076	0.9642857142857144	0.9385196251895718	0.9849070790183004	0.9727845683728036	0.9596879295455502	0.9843826769596123
set_E	Set E (realistic mixture)	checkm2	CheckM2 1.0.1	contamination	5.0	1000	785	252	748	57	5	0.0762032085561497	0.057406057610769	0.0969066938052055	0.0198412698412698	0.0040160642570281	0.0396832559738696	0.9237967914438504	0.9030933061947944	0.9425939423892308	0.98015873015873	0.9603167440261304	0.9959839357429718	0.9519777608012904	0.938495456969266	0.9647039984693044
set_E	Set E (realistic mixture)	cocopye	CoCoPyE 0.5.0	contamination	5.0	1000	785	252	748	11	15	0.0147058823529411	0.0066664447403462	0.0241935483870967	0.0595238095238095	0.0327853949329359	0.0916038137526231	0.9852941176470588	0.9758064516129032	0.9933335552596536	0.9404761904761904	0.9083961862473768	0.967214605067064	0.9628851540616248	0.946264761193607	0.97694150631226
set_E	Set E (realistic mixture)	deepcheck	DeepCheck	contamination	5.0	1000	785	252	748	104	1	0.1390374331550802	0.1140939597315436	0.1642001729163138	0.0039682539682539	0.0	0.0128755364806866	0.8609625668449198	0.8357998270836862	0.8859060402684564	0.996031746031746	0.9871244635193132	1.0	0.9284971564383327	0.915181559820905	0.9416152347000448
set_E	Set E (realistic mixture)	magicc_v5	MAGICC v5 (released, v0.3.0)	contamination	10.0	1000	785	281	719	19	9	0.0264255910987482	0.015736017796553	0.0384628610729023	0.0320284697508896	0.0137919184737528	0.0551521461905795	0.9735744089012516	0.9615371389270976	0.984263982203447	0.9679715302491104	0.9448478538094204	0.9862080815262472	0.970772969575181	0.9584029107058902	0.9817422046478484
set_E	Set E (realistic mixture)	checkm2	CheckM2 1.0.1	contamination	10.0	1000	785	281	719	110	1	0.1529902642559109	0.1260387811634349	0.1813065493239584	0.0035587188612099	0.0	0.0115830115830115	0.847009735744089	0.8186934506760416	0.8739612188365651	0.99644128113879	0.9884169884169884	1.0	0.9217255084414396	0.9067502537987264	0.9356000879884544
set_E	Set E (realistic mixture)	cocopye	CoCoPyE 0.5.0	contamination	10.0	1000	785	281	719	22	14	0.0305980528511821	0.0187136130300735	0.0437871691941718	0.0498220640569395	0.0242214532871972	0.0772268446622689	0.9694019471488178	0.9562128308058282	0.9812863869699264	0.9501779359430604	0.9227731553377312	0.9757785467128028	0.9597899415459392	0.9441746148861296	0.973535852455444
set_E	Set E (realistic mixture)	deepcheck	DeepCheck	contamination	10.0	1000	785	281	719	230	0	0.3198887343532684	0.286107014395104	0.3547619184464828	0.0	0.0	0.0	0.6801112656467315	0.645238081553517	0.7138929856048959	1.0	1.0	1.0	0.8400556328233657	0.8226190407767585	0.856946492802448
