ref_index	arm	pair_id	gtdb_accession	accession	download_status	path	n_contigs_fasta	bp_fasta	gtdb_genome_size	bp_rel_deviation	gtdb_contig_count	n_ambiguous_bases	sha256	bytes	accepted	reason
0	H_fail	pair_0000	GB_GCA_000272795.2	GCA_000272795.2	ok	/path/to/magicc/data/benchmarks/set_H_ncbi/references/GCA_000272795.2.fna	1	4726694	4726694	0.0	1	0	6199ab2a93a746accbbf0a21e91e7fb574b1d4c24656185af2645de4a86219e1	4785874	True	
1	H_pass	pair_0000	RS_GCF_004847745.1	GCF_004847745.1	ok	/path/to/magicc/data/benchmarks/set_H_ncbi/references/GCF_004847745.1.fna	1	4726558	4726558	0.0	1	0	f06645217fd260fcd383454b9542b4e5cc94e85488b25c7f1c56add304df3971	4785753	True	
2	H_fail	pair_0001	GB_GCA_000389905.1	GCA_000389905.1	ok	/path/to/magicc/data/benchmarks/set_H_ncbi/references/GCA_000389905.1.fna	1	4404786	4404786	0.0	1	35770	7a7bc6d1548a0e9597ef3eb6f936a16d244c63b909a7dca60c887e3a229842d4	4459923	True	
3	H_pass	pair_0001	RS_GCF_014900835.1	GCF_014900835.1	ok	/path/to/magicc/data/benchmarks/set_H_ncbi/references/GCF_014900835.1.fna	1	4404858	4404858	0.0	1	0	25fa9dd7c32d4be6b3e1ef59e521ffef1ecc9d36509d6711942ec6933e424490	4460007	True	
4	H_fail	pair_0002	GB_GCA_000389925.1	GCA_000389925.1	ok	/path/to/magicc/data/benchmarks/set_H_ncbi/references/GCA_000389925.1.fna	1	4392876	4392876	0.0	1	0	e01d11ddd85512c78200ac2a687935ce72168e6aa110d4f4f3f02fd1aa7a748c	4447855	True	
5	H_pass	pair_0002	RS_GCF_000350205.1	GCF_000350205.1	ok	/path/to/magicc/data/benchmarks/set_H_ncbi/references/GCF_000350205.1.fna	1	4392353	4392353	0.0	1	0	1e4fb7a98917e33d55baf01454abfd5c979d822d3d896c60c46659709dace43e	4447355	True	
6	H_fail	pair_0003	GB_GCA_000774075.2	GCA_000774075.2	ok	/path/to/magicc/data/benchmarks/set_H_ncbi/references/GCA_000774075.2.fna	2	5701837	5701837	0.0	2	0	22c12268096ece487b18afd84b41de4afb472ffbe29195bc142492a5291ed0d7	5773247	True	
7	H_pass	pair_0003	RS_GCF_016027575.1	GCF_016027575.1	ok	/path/to/magicc/data/benchmarks/set_H_ncbi/references/GCF_016027575.1.fna	4	5716977	5716977	0.0	4	0	7abb91a9f1e412cc890f79f3da073e915e167458cb740af0be029b2a3d524f9b	5788790	True	
8	H_fail	pair_0004	GB_GCA_001554095.1	GCA_001554095.1	ok	/path/to/magicc/data/benchmarks/set_H_ncbi/references/GCA_001554095.1.fna	1	1149615	1149615	0.0	1	0	10d3d0e6764961630d322e235da5e969b72b452e8cd13ce2647133e8cae1ec41	1164065	True	
9	H_pass	pair_0004	RS_GCF_001554055.1	GCF_001554055.1	ok	/path/to/magicc/data/benchmarks/set_H_ncbi/references/GCF_001554055.1.fna	1	1145921	1145921	0.0	1	0	d9bfa277fb4cefb18f2827abcc348b4a77feb504f44c279a757f9d71eeef41f5	1160337	True	
10	H_fail	pair_0005	GB_GCA_001816225.4	GCA_001816225.4	ok	/path/to/magicc/data/benchmarks/set_H_ncbi/references/GCA_001816225.4.fna	4	5433862	5433862	0.0	4	0	5cb67b66e48bb45d9dfb6145626c793cfea40b50d2ae7171c59d898884077b09	5502130	True	
11	H_pass	pair_0005	RS_GCF_000025985.1	GCF_000025985.1	ok	/path/to/magicc/data/benchmarks/set_H_ncbi/references/GCF_000025985.1.fna	2	5241700	5241700	0.0	2	0	afbab1ce7457b46b310fdb8ac442ca1564ed444365ba1bf59a79a69c8c52240b	5307364	True	
12	H_fail	pair_0006	GB_GCA_001886995.1	GCA_001886995.1	ok	/path/to/magicc/data/benchmarks/set_H_ncbi/references/GCA_001886995.1.fna	3	4912568	4912568	0.0	3	0	380f148771b10f1e0f333b2ab5e474ad4fbdf7418583b240d8aa10060b1dc6c1	4974311	True	
13	H_pass	pair_0006	RS_GCF_024266185.1	GCF_024266185.1	ok	/path/to/magicc/data/benchmarks/set_H_ncbi/references/GCF_024266185.1.fna	3	4911276	4911276	0.0	3	0	3040da0a7963703d88357a57d14cf43e31abc71f6b77f6630dbc322726c6c3e9	4973035	True	
14	H_fail	pair_0007	GB_GCA_002163795.1	GCA_002163795.1	ok	/path/to/magicc/data/benchmarks/set_H_ncbi/references/GCA_002163795.1.fna	1	3097087	3097087	0.0	1	2	5432605abc49a28c4150c2115cb7a1176cec246c6fab0e4530d3854c09ba589b	3135865	True	
15	H_pass	pair_0007	RS_GCF_003595585.1	GCF_003595585.1	ok	/path/to/magicc/data/benchmarks/set_H_ncbi/references/GCF_003595585.1.fna	2	4015925	4015925	0.0	2	0	2a5e4223bb2671ee3cd1da12e90493fff6e0f706a1fcfc5e0e2a381e022921b2	4066281	True	
16	H_fail	pair_0008	GB_GCA_003019195.1	GCA_003019195.1	ok	/path/to/magicc/data/benchmarks/set_H_ncbi/references/GCA_003019195.1.fna	2	5455986	5455986	0.0	2	0	4b5e6c05fade1d2dbba6db542825439beea921a3abb16f870e06194ecc343375	5524343	True	
17	H_pass	pair_0008	RS_GCF_001677515.1	GCF_001677515.1	ok	/path/to/magicc/data/benchmarks/set_H_ncbi/references/GCF_001677515.1.fna	2	5456185	5456185	0.0	2	0	91b17b45899ea1d14bc0cacf9a7a594895614f28319b8f4a3c37700de589c1c0	5524553	True	
18	H_fail	pair_0009	GB_GCA_003359255.2	GCA_003359255.2	ok	/path/to/magicc/data/benchmarks/set_H_ncbi/references/GCA_003359255.2.fna	4	4110068	4110068	0.0	4	0	696e7edf8e45d57ff2feb0404183916ce0807095f9edf493a9839f575309fc2b	4161819	True	
19	H_pass	pair_0009	RS_GCF_029714165.1	GCF_029714165.1	ok	/path/to/magicc/data/benchmarks/set_H_ncbi/references/GCF_029714165.1.fna	3	4109113	4109113	0.0	3	0	6040a3113ca3e18d9d46742569dbdcb4e9b1e083b458567249fb6b80eb222891	4160731	True	
20	H_fail	pair_0010	GB_GCA_003970805.2	GCA_003970805.2	ok	/path/to/magicc/data/benchmarks/set_H_ncbi/references/GCA_003970805.2.fna	1	4186344	4186344	0.0	1	0	082ee03d7e3f63ff229f0e623259e4a89ab2475618068fa16764f7c18e12c7e7	4238751	True	
21	H_pass	pair_0010	RS_GCF_031326225.1	GCF_031326225.1	ok	/path/to/magicc/data/benchmarks/set_H_ncbi/references/GCF_031326225.1.fna	1	4538647	4538647	0.0	1	0	6e09c77ac2f984815990c1f72d9a5653e80126b1fda5634a32bc62e15d7c5c45	4595476	True	
22	H_fail	pair_0011	GB_GCA_003999465.1	GCA_003999465.1	ok	/path/to/magicc/data/benchmarks/set_H_ncbi/references/GCA_003999465.1.fna	2	4304746	4304746	0.0	2	0	2b83c0f74c9de40034dd88ac0240730a4fff005daf54d30a1a91dd5413c81315	4358713	True	
23	H_pass	pair_0011	RS_GCF_020405385.1	GCF_020405385.1	ok	/path/to/magicc/data/benchmarks/set_H_ncbi/references/GCF_020405385.1.fna	1	4695915	4695915	0.0	1	0	4028ec31c399ce2398c11e84b066167deb47a39328b4156633b81405548fce54	4754691	True	
24	H_fail	pair_0012	GB_GCA_007998065.1	GCA_007998065.1	ok	/path/to/magicc/data/benchmarks/set_H_ncbi/references/GCA_007998065.1.fna	12	5938889	5938889	0.0	12	0	5a22e91a6cb6be41118e269a3dac2d194bff965d2d2b35f17f0c7c8bddd3a329	6014181	True	
25	H_pass	pair_0012	RS_GCF_014058445.2	GCF_014058445.2	ok	/path/to/magicc/data/benchmarks/set_H_ncbi/references/GCF_014058445.2.fna	7	5936184	5936184	0.0	7	0	c1d5ab0faf552cdb3a365347093abc42a4e65718348e17eaad1584d650ae7aa6	6010948	True	
26	H_fail	pair_0013	GB_GCA_007998105.1	GCA_007998105.1	ok	/path/to/magicc/data/benchmarks/set_H_ncbi/references/GCA_007998105.1.fna	7	5340928	5340928	0.0	7	0	c71060c25d0d81f8adaa446565ba984d46ae4ce2bcc1f585c2684c84d2d670e3	5408306	True	
27	H_pass	pair_0013	RS_GCF_041320175.1	GCF_041320175.1	ok	/path/to/magicc/data/benchmarks/set_H_ncbi/references/GCF_041320175.1.fna	6	5340857	5340857	0.0	6	0	6798cb2d079911da9ed8854a8dfda16f993da4efd83466ab829576449be5acf7	5408100	True	
28	H_fail	pair_0014	GB_GCA_009664105.1	GCA_009664105.1	ok	/path/to/magicc/data/benchmarks/set_H_ncbi/references/GCA_009664105.1.fna	1	5024861	5024861	0.0	1	0	f85847dbcbb944e9fd1ed91a44aa4a2637747b64cceb6fbeb415d9ad4b64f8a0	5087754	True	
29	H_pass	pair_0014	RS_GCF_001518895.1	GCF_001518895.1	ok	/path/to/magicc/data/benchmarks/set_H_ncbi/references/GCF_001518895.1.fna	1	5025428	5025428	0.0	1	0	f39267be55af5d4c0591035438f5d9fcd0f8aff4d63b5192706ea1a10ae60771	5088332	True	
30	H_fail	pair_0015	GB_GCA_010694505.1	GCA_010694505.1	ok	/path/to/magicc/data/benchmarks/set_H_ncbi/references/GCA_010694505.1.fna	1	6367369	6367369	0.0	1	0	290a6eac5e1ef6b0ed2230a9db5a08bc98a445ae3049c64e2bc383fe1ce00efc	6447040	True	
31	H_pass	pair_0015	RS_GCF_001077475.1	GCF_001077475.1	ok	/path/to/magicc/data/benchmarks/set_H_ncbi/references/GCF_001077475.1.fna	1	6368008	6368008	0.0	1	0	f11583ff1c923ab5c1d2f4ff8d88cee0184258a4f6bffe4e77e8aac2e4147e69	6447688	True	
32	H_fail	pair_0016	GB_GCA_011765405.1	GCA_011765405.1	ok	/path/to/magicc/data/benchmarks/set_H_ncbi/references/GCA_011765405.1.fna	5	6048138	6048138	0.0	5	0	56f7b4e39d096c80b5de4fd99df87de8a159f714368205491407f6045a343c66	6124143	True	
33	H_pass	pair_0016	RS_GCF_030271855.1	GCF_030271855.1	ok	/path/to/magicc/data/benchmarks/set_H_ncbi/references/GCF_030271855.1.fna	3	6048400	6048400	0.0	3	0	a41a7db9c98ae582e139a2c22a4b556abe1d0c7861b5ae18884204c0d61b76a5	6124259	True	
34	H_fail	pair_0017	GB_GCA_012971805.2	GCA_012971805.2	ok	/path/to/magicc/data/benchmarks/set_H_ncbi/references/GCA_012971805.2.fna	4	10275967	10275967	0.0	4	0	61073171938a3bd62a9c2056ecf7a01215d87dcae804a5fd67c6623e9b9ddb34	10404713	True	
35	H_pass	pair_0017	GB_GCA_000599545.1	GCA_000599545.1	ok	/path/to/magicc/data/benchmarks/set_H_ncbi/references/GCA_000599545.1.fna	10	9169032	9169032	0.0	10	0	109435c9ca1d212383c162d8dd76096850378adec9cf21ccac3f36f83d5ac3c3	9284297	True	
36	H_fail	pair_0018	GB_GCA_013127575.1	GCA_013127575.1	ok	/path/to/magicc/data/benchmarks/set_H_ncbi/references/GCA_013127575.1.fna	1	5277406	5277406	0.0	1	0	f5f5566a5d0e206f3e28f2de6a1b89002597ce3f32a7808fccc906f72cadd530	5343445	True	
37	H_pass	pair_0018	RS_GCF_001580455.1	GCF_001580455.1	ok	/path/to/magicc/data/benchmarks/set_H_ncbi/references/GCF_001580455.1.fna	1	4916630	4916630	0.0	1	0	fd7b2652f0df646c5ff8f9c114be2d6109b1dab05d151aa3e8d934b0e7313ca0	4978169	True	
38	H_fail	pair_0019	GB_GCA_013315855.1	GCA_013315855.1	ok	/path/to/magicc/data/benchmarks/set_H_ncbi/references/GCA_013315855.1.fna	2	5303425	5303425	0.0	2	0	b15273f138719283436ee92837866d1f4e536cb28636b4dce8fc90046b21a247	5369873	True	
39	H_pass	pair_0019	GB_GCA_024300745.1	GCA_024300745.1	ok	/path/to/magicc/data/benchmarks/set_H_ncbi/references/GCA_024300745.1.fna	3	5303321	5303321	0.0	3	0	1f4b7c0871a9135dc570b42b4a433c5c47c55a6620bf0df6f6432ca1319bc0d1	5369846	True	
40	H_fail	pair_0020	GB_GCA_014251975.1	GCA_014251975.1	ok	/path/to/magicc/data/benchmarks/set_H_ncbi/references/GCA_014251975.1.fna	1	511065	511065	0.0	1	0	e056a15fd35c2269ee9b250496f13384295a6d01ebcbb45dd1272170ccb03e65	517533	True	
41	H_pass	pair_0020	RS_GCF_038260915.1	GCF_038260915.1	ok	/path/to/magicc/data/benchmarks/set_H_ncbi/references/GCF_038260915.1.fna	1	623810	623810	0.0	1	0	88926cca0a6746395c968a04df9cce836fcaff3a97d4b1c1b7b550c493da1c66	631686	True	
42	H_fail	pair_0021	GB_GCA_015172915.1	GCA_015172915.1	ok	/path/to/magicc/data/benchmarks/set_H_ncbi/references/GCA_015172915.1.fna	3	5068431	5068431	0.0	3	0	70eea0d12d284c472b23628921f3d32a0971f19f28c0c42cb52ae2988f4dcae1	5132034	True	
43	H_pass	pair_0021	GB_GCA_030994885.1	GCA_030994885.1	ok	/path/to/magicc/data/benchmarks/set_H_ncbi/references/GCA_030994885.1.fna	2	5072836	5072836	0.0	2	0	10b743cf9205efdc1e8986acc1933d66529d63dc91d12b3c0b319777c9ef2557	5136409	True	
44	H_fail	pair_0022	GB_GCA_015356075.1	GCA_015356075.1	ok	/path/to/magicc/data/benchmarks/set_H_ncbi/references/GCA_015356075.1.fna	3	3943569	3943569	0.0	3	0	4480b44d0c6159125172088a0648ca777a799ce8f8bf104ce268e9829ade39c0	3993085	True	
45	H_pass	pair_0022	RS_GCF_024800505.1	GCF_024800505.1	ok	/path/to/magicc/data/benchmarks/set_H_ncbi/references/GCF_024800505.1.fna	3	3943705	3943705	0.0	3	0	4f0b42e4f725a5f24b7bae9ab6f3b4e8a93633b1851159dbd8bdd1f8bc4c1aaf	3993263	True	
46	H_fail	pair_0023	GB_GCA_015832325.1	GCA_015832325.1	ok	/path/to/magicc/data/benchmarks/set_H_ncbi/references/GCA_015832325.1.fna	1	5016132	5016132	0.0	1	0	07ab3a5234e43a7b549eb04c89f4963cb173b6d4905357e0df8ff65cd6930877	5078910	True	
47	H_pass	pair_0023	RS_GCF_001623645.2	GCF_001623645.2	ok	/path/to/magicc/data/benchmarks/set_H_ncbi/references/GCF_001623645.2.fna	5	5016195	5016195	0.0	5	0	d02acc4ab3298de94a8acc7eab4778eb2304fdb6e6f029d9e1a24e321fccb767	5079705	True	
48	H_fail	pair_0024	GB_GCA_017068215.1	GCA_017068215.1	ok	/path/to/magicc/data/benchmarks/set_H_ncbi/references/GCA_017068215.1.fna	5	3457424	3457424	0.0	5	2	fdb9ab484267c14c4761ed55308d328a742e1fce6d094c6c54d81d712d12f714	3501086	True	
49	H_pass	pair_0024	RS_GCF_002576835.1	GCF_002576835.1	ok	/path/to/magicc/data/benchmarks/set_H_ncbi/references/GCF_002576835.1.fna	3	3452904	3452904	0.0	3	0	a686eafd7ced829f9ffc187217f52aa9ff6ae248e8d608ce169ea1f78e420c4b	3496329	True	
50	H_fail	pair_0025	GB_GCA_017088185.1	GCA_017088185.1	ok	/path/to/magicc/data/benchmarks/set_H_ncbi/references/GCA_017088185.1.fna	2	2820417	2820417	0.0	2	0	bd3c418a379ef8205592505e6c30b006a3be237c0c6e3e83515471ae7986e727	2855834	True	
51	H_pass	pair_0025	RS_GCF_000011525.1	GCF_000011525.1	ok	/path/to/magicc/data/benchmarks/set_H_ncbi/references/GCF_000011525.1.fna	2	2820454	2820454	0.0	2	0	3ad245d91848d526f7e58a38481dae7a34032ff5d14f8b9edee141c072d14074	2855876	True	
52	H_fail	pair_0026	GB_GCA_018388625.1	GCA_018388625.1	ok	/path/to/magicc/data/benchmarks/set_H_ncbi/references/GCA_018388625.1.fna	2	6104387	6104387	0.0	2	0	138261d3bf1250c571ad1a4a742aed61e056a9ab4e31d301b7415c50d8a31653	6180851	True	
53	H_pass	pair_0026	RS_GCF_000294515.1	GCF_000294515.1	ok	/path/to/magicc/data/benchmarks/set_H_ncbi/references/GCF_000294515.1.fna	1	5848211	5848211	0.0	1	0	3127c0e951466cef010200d3d0184cbf251379f3b241214dee6bdf399052f898	5921378	True	
54	H_fail	pair_0027	GB_GCA_023158875.1	GCA_023158875.1	ok	/path/to/magicc/data/benchmarks/set_H_ncbi/references/GCA_023158875.1.fna	2	3921067	3921067	0.0	2	0	dff1399a454e283214a5991ad0c3f4edc4c8d2f28a5f61cd0a286c1024257c35	3970246	True	
55	H_pass	pair_0027	RS_GCF_024722295.1	GCF_024722295.1	ok	/path/to/magicc/data/benchmarks/set_H_ncbi/references/GCF_024722295.1.fna	2	3939236	3939236	0.0	2	0	489ede60b44681bc86543d5d564d1dbcba267f2b1a43c095017c021542ab7c6b	3988645	True	
56	H_fail	pair_0028	GB_GCA_023612635.1	GCA_023612635.1	ok	/path/to/magicc/data/benchmarks/set_H_ncbi/references/GCA_023612635.1.fna	4	4443838	4443838	0.0	4	0	4d9256f546b7bccd04622849a9443ce63bbaaab2536937dc6a561f6b3b8c03a2	4499712	True	
57	H_pass	pair_0028	RS_GCF_000786425.1	GCF_000786425.1	ok	/path/to/magicc/data/benchmarks/set_H_ncbi/references/GCF_000786425.1.fna	3	4373835	4373835	0.0	3	0	d2070ad8e50eddc0c817ef0740756535ef2bd0715f7b1c444f8efb7050bc9303	4428750	True	
58	H_fail	pair_0029	GB_GCA_024138735.1	GCA_024138735.1	ok	/path/to/magicc/data/benchmarks/set_H_ncbi/references/GCA_024138735.1.fna	4	3281648	3281648	0.0	4	0	bbae11f16644893d658d72bd51c996e9fcc51ff12c73bf5620e46b0c1dd6007f	3323008	True	
59	H_pass	pair_0029	RS_GCF_020546685.1	GCF_020546685.1	ok	/path/to/magicc/data/benchmarks/set_H_ncbi/references/GCF_020546685.1.fna	4	3279598	3279598	0.0	4	0	33f4c55b8c57b3a0862ec814ac862859b71a428a855486263e9ab573ebca1b7c	3321064	True	
60	H_fail	pair_0030	GB_GCA_024759545.1	GCA_024759545.1	ok	/path/to/magicc/data/benchmarks/set_H_ncbi/references/GCA_024759545.1.fna	4	6811742	6811742	0.0	4	0	841b87ccbb6f2014fc6d02ebcc1e12106db05d63ecdf748747e31753d4e83e9f	6897210	True	
61	H_pass	pair_0030	GB_GCA_025757525.1	GCA_025757525.1	ok	/path/to/magicc/data/benchmarks/set_H_ncbi/references/GCA_025757525.1.fna	1	6770402	6770402	0.0	1	0	301c0b09ee569f801130e48ba4f310a538ba1bb20e9f5446db0f539aa170bd56	6855120	True	
62	H_fail	pair_0031	GB_GCA_025792475.2	GCA_025792475.2	ok	/path/to/magicc/data/benchmarks/set_H_ncbi/references/GCA_025792475.2.fna	2	3902320	3902320	0.0	2	0	d582c6063efcb0d58b53f02388f91f6659d84ef3952a34f972dd9b8e90b0237e	3951272	True	
63	H_pass	pair_0031	RS_GCF_003429525.1	GCF_003429525.1	ok	/path/to/magicc/data/benchmarks/set_H_ncbi/references/GCF_003429525.1.fna	3	4247041	4247041	0.0	3	0	77b6ce48b3f7a5e473d7ecf56f9c409573dbed9c2d9366d7150a9a3f2644cc86	4300399	True	
64	H_fail	pair_0032	GB_GCA_025792575.1	GCA_025792575.1	ok	/path/to/magicc/data/benchmarks/set_H_ncbi/references/GCA_025792575.1.fna	1	6335889	6335889	0.0	1	0	2404c28423232911a71ba692a7cef24cedfe5eecf1fb6cf70cde90863f8d6a2c	6415165	True	
65	H_pass	pair_0032	RS_GCF_009905195.1	GCF_009905195.1	ok	/path/to/magicc/data/benchmarks/set_H_ncbi/references/GCF_009905195.1.fna	1	6335031	6335031	0.0	1	0	85901c120d303904c09fa6c3183e4a6e937cb032a985026622cf6f37019568d7	6414299	True	
66	H_fail	pair_0033	GB_GCA_026073395.1	GCA_026073395.1	ok	/path/to/magicc/data/benchmarks/set_H_ncbi/references/GCA_026073395.1.fna	8	3281073	3281073	0.0	8	0	ac04e0a97636e2109f5b541f5d01a37efebcbf54b698d60108a04c97b475f118	3322707	True	
67	H_pass	pair_0033	RS_GCF_008728455.1	GCF_008728455.1	ok	/path/to/magicc/data/benchmarks/set_H_ncbi/references/GCF_008728455.1.fna	10	3274751	3274751	0.0	10	0	713646684969596d6f70918e6b1ef55272503858dece97c950a9cf66414b3823	3316568	True	
68	H_fail	pair_0034	GB_GCA_026073495.1	GCA_026073495.1	ok	/path/to/magicc/data/benchmarks/set_H_ncbi/references/GCA_026073495.1.fna	4	3283513	3283513	0.0	4	1	87db1fbd1f0c3b524ba2a7ddb95807790750da22093c31fe90ca401dac8e3528	3324857	True	
69	H_pass	pair_0034	GB_GCA_026073375.1	GCA_026073375.1	ok	/path/to/magicc/data/benchmarks/set_H_ncbi/references/GCA_026073375.1.fna	7	3291965	3291965	0.0	7	0	727f80005a3c7ef8c57bf31ff8a969854ace11e2a93f425ca3063742befed978	3333654	True	
70	H_fail	pair_0035	GB_GCA_026073535.1	GCA_026073535.1	ok	/path/to/magicc/data/benchmarks/set_H_ncbi/references/GCA_026073535.1.fna	9	3294204	3294204	0.0	9	0	0c8cebd474ce807568e329b67f2b1cd5ead01209674b213a6311fd69310e27f8	3336080	True	
71	H_pass	pair_0035	RS_GCF_020736585.1	GCF_020736585.1	ok	/path/to/magicc/data/benchmarks/set_H_ncbi/references/GCF_020736585.1.fna	12	3294408	3294408	0.0	12	0	48940e3203839e0ad118d04a7d2bf63f9d64c12dc5d001035e8fc05a7f932134	3336563	True	
72	H_fail	pair_0036	GB_GCA_027625415.1	GCA_027625415.1	ok	/path/to/magicc/data/benchmarks/set_H_ncbi/references/GCA_027625415.1.fna	1	1436486	1436486	0.0	1	0	1d28e62e4f48bc212ea01c9ad09a8740fcb73eddb3d1edee9add12ae432e2c8d	1454517	True	
73	H_pass	pair_0036	GB_GCA_039513915.1	GCA_039513915.1	ok	/path/to/magicc/data/benchmarks/set_H_ncbi/references/GCA_039513915.1.fna	1	1607670	1607670	0.0	1	0	0ca79a1eece17b25f885d7f9c659259b9acb63581f9f3e59ced131ec1322c750	1627849	True	
74	H_fail	pair_0037	GB_GCA_027941715.1	GCA_027941715.1	ok	/path/to/magicc/data/benchmarks/set_H_ncbi/references/GCA_027941715.1.fna	1	3512170	3512170	0.0	1	0	6550c296280b0a4cb3a66babd08b1a4d6c63770ecd47372e7a73cf1a9404f74d	3556152	True	
75	H_pass	pair_0037	RS_GCF_003939355.2	GCF_003939355.2	ok	/path/to/magicc/data/benchmarks/set_H_ncbi/references/GCF_003939355.2.fna	3	3483561	3483561	0.0	3	0	e35c9b378cf1f7cabd5a01f8936b112a76bab6755dfde5c0a940e51148845849	3527356	True	
76	H_fail	pair_0038	GB_GCA_028201695.1	GCA_028201695.1	ok	/path/to/magicc/data/benchmarks/set_H_ncbi/references/GCA_028201695.1.fna	2	4069795	4069795	0.0	2	0	592aebd89d05438a0fdfa2f882d8d62e3bd89077514c8dd00c778a9713bece4f	4120846	True	
77	H_pass	pair_0038	RS_GCF_016903135.1	GCF_016903135.1	ok	/path/to/magicc/data/benchmarks/set_H_ncbi/references/GCF_016903135.1.fna	3	4070121	4070121	0.0	3	0	aca40217660be4de23121dab798a5d6aae8720235b134ed90f394eb008981014	4121278	True	
78	H_fail	pair_0039	GB_GCA_028219255.1	GCA_028219255.1	ok	/path/to/magicc/data/benchmarks/set_H_ncbi/references/GCA_028219255.1.fna	3	3782284	3782284	0.0	3	0	8ec37502e893f394adf6bd2e68c8ea330787fd53e11382b728d9cd3ea5dad96a	3829816	True	
79	H_pass	pair_0039	RS_GCF_003074755.2	GCF_003074755.2	ok	/path/to/magicc/data/benchmarks/set_H_ncbi/references/GCF_003074755.2.fna	1	3783833	3783833	0.0	1	0	a23aefa36539543742585e20b02b5a25ff228dd0fbc3542bcc7390d059c7bd34	3831212	True	
80	H_fail	pair_0040	GB_GCA_028621915.1	GCA_028621915.1	ok	/path/to/magicc/data/benchmarks/set_H_ncbi/references/GCA_028621915.1.fna	1	2530311	2530311	0.0	1	3917	8037f533336e454b666391cb5d5c3407aa36c09af2831368e9cada00da09c221	2562032	True	
81	H_pass	pair_0040	RS_GCF_012974105.1	GCF_012974105.1	ok	/path/to/magicc/data/benchmarks/set_H_ncbi/references/GCF_012974105.1.fna	1	2526544	2526544	0.0	1	0	e3a846479dacd90b433ff5d22718ca0dab5a7d953e9cc9e998aec0ab4279cc51	2558221	True	
82	H_fail	pair_0041	GB_GCA_029011745.1	GCA_029011745.1	ok	/path/to/magicc/data/benchmarks/set_H_ncbi/references/GCA_029011745.1.fna	2	3041350	3041350	0.0	2	0	c86957154c6f043f2314e19e27d24eb2713a6d1fc3cdd4287ad9e8507018d4e1	3079525	True	
83	H_pass	pair_0041	RS_GCF_030295805.1	GCF_030295805.1	ok	/path/to/magicc/data/benchmarks/set_H_ncbi/references/GCF_030295805.1.fna	2	3041860	3041860	0.0	2	0	9db4d307abb4b9c7524019d8fb54e8db1e45bbe33686bda0dd8da73f66422352	3080042	True	
84	H_fail	pair_0042	GB_GCA_029168395.1	GCA_029168395.1	ok	/path/to/magicc/data/benchmarks/set_H_ncbi/references/GCA_029168395.1.fna	2	3533436	3533436	0.0	2	0	da70b2b276722f0042d90e07e069c8ecee50b35db0be2f00dce579c03aa25cd5	3577767	True	
85	H_pass	pair_0042	RS_GCF_034555395.1	GCF_034555395.1	ok	/path/to/magicc/data/benchmarks/set_H_ncbi/references/GCF_034555395.1.fna	7	3530360	3530360	0.0	7	0	aac4ffa04039f1ba933dc380d029699d6f0435bfc3a5693a10781bb57559f690	3575191	True	
86	H_fail	pair_0043	GB_GCA_029632985.2	GCA_029632985.2	ok	/path/to/magicc/data/benchmarks/set_H_ncbi/references/GCA_029632985.2.fna	2	2500564	2500564	0.0	2	503	b8cb9e18a05ca7682e3574815d722bd8280caa079297d8d49e60b882985eafeb	2531979	True	
87	H_pass	pair_0043	GB_GCA_029633425.2	GCA_029633425.2	ok	/path/to/magicc/data/benchmarks/set_H_ncbi/references/GCA_029633425.2.fna	2	2510852	2510852	0.0	2	0	29eb8acda1f7b8751f35ed23c7d76e98b00565ebe7921e6e4faecd7faabdeef4	2542396	True	
88	H_fail	pair_0044	GB_GCA_029690025.2	GCA_029690025.2	ok	/path/to/magicc/data/benchmarks/set_H_ncbi/references/GCA_029690025.2.fna	4	2491562	2491562	0.0	4	0	1c528140dcf26b7d4cb93eb2dfa43e28b067685734d823dde57bd085bea3f8cf	2522984	True	
89	H_pass	pair_0044	RS_GCF_000807375.1	GCF_000807375.1	ok	/path/to/magicc/data/benchmarks/set_H_ncbi/references/GCF_000807375.1.fna	1	2488699	2488699	0.0	1	0	718200e30861892ec85dcb6e046eb2273ba4fca8332a15ae4e8ec544e319e7b7	2519917	True	
90	H_fail	pair_0045	GB_GCA_030014105.1	GCA_030014105.1	ok	/path/to/magicc/data/benchmarks/set_H_ncbi/references/GCA_030014105.1.fna	1	2526290	2526290	0.0	1	0	336c63fd16f1b7d5a475dc7fa5865d10b9c62de329ebaa4615cfde2c80bb4ec4	2557948	True	
91	H_pass	pair_0045	RS_GCF_009873455.1	GCF_009873455.1	ok	/path/to/magicc/data/benchmarks/set_H_ncbi/references/GCF_009873455.1.fna	2	2526403	2526403	0.0	2	0	dfd3a905a70cb6bec0dbed11eac448225caf89c1fcb05d470fd61b75b61497e1	2558167	True	
92	H_fail	pair_0046	GB_GCA_030573405.1	GCA_030573405.1	ok	/path/to/magicc/data/benchmarks/set_H_ncbi/references/GCA_030573405.1.fna	1	4354357	4354357	0.0	1	0	52b1786ee402a7bc93817e8c018d0024ad46dbaed5b857acabaffc53e7910bc9	4408878	True	
93	H_pass	pair_0046	RS_GCF_038096075.2	GCF_038096075.2	ok	/path/to/magicc/data/benchmarks/set_H_ncbi/references/GCF_038096075.2.fna	1	4353699	4353699	0.0	1	0	5f7e110659110e9ffffbc482ef0478170a8fea16737f76179e2b179033a025b1	4408202	True	
94	H_fail	pair_0047	GB_GCA_030576775.1	GCA_030576775.1	ok	/path/to/magicc/data/benchmarks/set_H_ncbi/references/GCA_030576775.1.fna	1	4339165	4339165	0.0	1	0	8cfcb560227e4fe1b5a03e3d647fe657852b39eecad73c1f0279bad47f310ffb	4393495	True	
95	H_pass	pair_0047	GB_GCA_030569355.1	GCA_030569355.1	ok	/path/to/magicc/data/benchmarks/set_H_ncbi/references/GCA_030569355.1.fna	1	4340326	4340326	0.0	1	0	8f73d20d38a6794e3ecb59f92a6b7a9c98003b4d55bcb1e9e7cadfaf77e2c71a	4394672	True	
96	H_fail	pair_0048	GB_GCA_030719765.1	GCA_030719765.1	ok	/path/to/magicc/data/benchmarks/set_H_ncbi/references/GCA_030719765.1.fna	1	1670931	1670931	0.0	1	0	1d5d37ec43cb15687b04244d50e013392ad96c7b1fed389691b6d82470f79ec2	1691897	True	
97	H_pass	pair_0048	GB_GCA_030720005.1	GCA_030720005.1	ok	/path/to/magicc/data/benchmarks/set_H_ncbi/references/GCA_030720005.1.fna	1	1670865	1670865	0.0	1	0	db6871fcc8e8661f055fe02fd7eae380bac1e725123f09a3ba24340fc27e9cc1	1691830	True	
98	H_fail	pair_0049	GB_GCA_030719905.1	GCA_030719905.1	ok	/path/to/magicc/data/benchmarks/set_H_ncbi/references/GCA_030719905.1.fna	1	1670869	1670869	0.0	1	0	ac7de14e6507964a675d7c8c6a4286a24bc59ba87549371d0a2698210eb3d9f3	1691834	True	
99	H_pass	pair_0049	GB_GCA_030720205.1	GCA_030720205.1	ok	/path/to/magicc/data/benchmarks/set_H_ncbi/references/GCA_030720205.1.fna	1	1670827	1670827	0.0	1	0	92f67f25cacae81614b62ab5c240021e1cfd465fcb18b191475d56e740e879e8	1691792	True	
100	H_fail	pair_0050	GB_GCA_030720305.1	GCA_030720305.1	ok	/path/to/magicc/data/benchmarks/set_H_ncbi/references/GCA_030720305.1.fna	1	1670867	1670867	0.0	1	0	c780eb267cb59e9af6f673a9acb525c4f4ef449b491f8d958d4376646a44e856	1691831	True	
101	H_pass	pair_0050	RS_GCF_000835305.1	GCF_000835305.1	ok	/path/to/magicc/data/benchmarks/set_H_ncbi/references/GCF_000835305.1.fna	1	1670781	1670781	0.0	1	0	ca378e3dde2b23268e764ff63f5e7f06e1548bbe2274df2be025919ca5346406	1691759	True	
102	H_fail	pair_0051	GB_GCA_030863565.1	GCA_030863565.1	ok	/path/to/magicc/data/benchmarks/set_H_ncbi/references/GCA_030863565.1.fna	2	4739764	4739764	0.0	2	0	61221b9895598544167022a6d2981cba484ef2765873d9ef311e49dc60a7c95d	4799237	True	
103	H_pass	pair_0051	RS_GCF_002760995.1	GCF_002760995.1	ok	/path/to/magicc/data/benchmarks/set_H_ncbi/references/GCF_002760995.1.fna	2	4739705	4739705	0.0	2	0	02c96581990c1cb1468d4ec435ac1fe346cbbffd5dd514b33b2fb117f10e1322	4799190	True	
104	H_fail	pair_0052	GB_GCA_033170915.1	GCA_033170915.1	ok	/path/to/magicc/data/benchmarks/set_H_ncbi/references/GCA_033170915.1.fna	2	3127511	3127511	0.0	2	0	d8f7b6234058f68b7b8693da6a30b8a34dbde23bc5ca277251a45e82bb660c0e	3166758	True	
105	H_pass	pair_0052	RS_GCF_003030165.1	GCF_003030165.1	ok	/path/to/magicc/data/benchmarks/set_H_ncbi/references/GCF_003030165.1.fna	2	3124949	3124949	0.0	2	0	4ed8d1788b843883eb653b90db5a5795635ea1689f6584e52e5b1841d5da85e6	3164192	True	
106	H_fail	pair_0053	GB_GCA_033181785.1	GCA_033181785.1	ok	/path/to/magicc/data/benchmarks/set_H_ncbi/references/GCA_033181785.1.fna	2	3041455	3041455	0.0	2	0	ca1b8e333b229d0ccab6800a30ddde2121dde4a4e2334953e1699b1c67478253	3079627	True	
107	H_pass	pair_0053	RS_GCF_041764945.1	GCF_041764945.1	ok	/path/to/magicc/data/benchmarks/set_H_ncbi/references/GCF_041764945.1.fna	1	3041404	3041404	0.0	1	0	0cc5ecd303e41237e4acdfd1abe1d3b96186a3dd1d21d29c8d9d908aeaf6776d	3079504	True	
108	H_fail	pair_0054	GB_GCA_033798825.1	GCA_033798825.1	ok	/path/to/magicc/data/benchmarks/set_H_ncbi/references/GCA_033798825.1.fna	1	2162219	2162219	0.0	1	0	81e870b34fc9899b66a05155b296a36343678f572d2da32cb48a84f0272b0ae3	2189328	True	
109	H_pass	pair_0054	RS_GCF_949793775.1	GCF_949793775.1	ok	/path/to/magicc/data/benchmarks/set_H_ncbi/references/GCF_949793775.1.fna	1	2160706	2160706	0.0	1	0	cf42df6f2dc02c92b3e6d5fb266a7798b858a1b827be985788222d1200dfd12c	2187799	True	
110	H_fail	pair_0055	GB_GCA_033977085.1	GCA_033977085.1	ok	/path/to/magicc/data/benchmarks/set_H_ncbi/references/GCA_033977085.1.fna	4	4619030	4619030	0.0	4	0	1b036e7a8c9403c65e8d5cba6a6a6534ce686a23d67d10484664ae719695003a	4677106	True	
111	H_pass	pair_0055	RS_GCF_040437135.1	GCF_040437135.1	ok	/path/to/magicc/data/benchmarks/set_H_ncbi/references/GCF_040437135.1.fna	1	4619015	4619015	0.0	1	0	0b5f5970751c5f86f280c2402008d10d3d23b7d4bbeb76ad18028f23caa169b7	4676836	True	
112	H_fail	pair_0056	GB_GCA_034480345.1	GCA_034480345.1	ok	/path/to/magicc/data/benchmarks/set_H_ncbi/references/GCA_034480345.1.fna	2	5208039	5208039	0.0	2	0	f72f348e689e80d63096a2ace5905e7e9ea67ebff1d47c343ffd492f772ac258	5273288	True	
113	H_pass	pair_0056	RS_GCF_037746055.1	GCF_037746055.1	ok	/path/to/magicc/data/benchmarks/set_H_ncbi/references/GCF_037746055.1.fna	2	5181449	5181449	0.0	2	0	5fc6b69cc7a86f8917dd6cac6603a4dd2164355fc5168e357b88b6a3bc597289	5246388	True	
114	H_fail	pair_0057	GB_GCA_034480465.1	GCA_034480465.1	ok	/path/to/magicc/data/benchmarks/set_H_ncbi/references/GCA_034480465.1.fna	2	5201331	5201331	0.0	2	0	3396302d7153cb7d3a7ffce160162e5eb4d2b4862d07b01367c84768e7c8bc77	5266511	True	
115	H_pass	pair_0057	GB_GCA_003047085.1	GCA_003047085.1	ok	/path/to/magicc/data/benchmarks/set_H_ncbi/references/GCA_003047085.1.fna	2	5203326	5203326	0.0	2	0	5a46ee815f8eb8461ed2cf1e081801cc554b346523acdeaa925efcd3700f7dac	5268532	True	
116	H_fail	pair_0058	GB_GCA_035444265.1	GCA_035444265.1	ok	/path/to/magicc/data/benchmarks/set_H_ncbi/references/GCA_035444265.1.fna	2	3003206	3003206	0.0	2	0	b6d3c147db633ef6dc07283bbed61c7e75f3cb50cc542d0202a5ad216c1def37	3040907	True	
117	H_pass	pair_0058	GB_GCA_006088835.1	GCA_006088835.1	ok	/path/to/magicc/data/benchmarks/set_H_ncbi/references/GCA_006088835.1.fna	2	3003628	3003628	0.0	2	0	cc51b028c178a4166e021effb51d7b02aeddc32ddb5f77440fb6e71141077c37	3041338	True	
118	H_fail	pair_0059	GB_GCA_035461165.1	GCA_035461165.1	ok	/path/to/magicc/data/benchmarks/set_H_ncbi/references/GCA_035461165.1.fna	2	2917828	2917828	0.0	2	0	915c6e9bfddd713dafed48c4f98acc67f2b24ea832d5503446aa688c70fe6936	2954462	True	
119	H_pass	pair_0059	GB_GCA_019551375.1	GCA_019551375.1	ok	/path/to/magicc/data/benchmarks/set_H_ncbi/references/GCA_019551375.1.fna	2	2917929	2917929	0.0	2	0	b6b12b7843040bb685370bb372016329007d4cf3f5f7b78e32f23f69b7d60877	2954566	True	
120	H_fail	pair_0060	GB_GCA_035469665.1	GCA_035469665.1	ok	/path/to/magicc/data/benchmarks/set_H_ncbi/references/GCA_035469665.1.fna	2	2810250	2810250	0.0	2	0	c0a4fd5511bd875c030d55bd1df4a3dbca1ddea3ecc68dce7e21cf5bfc880ca5	2845539	True	
121	H_pass	pair_0060	RS_GCF_000626615.2	GCF_000626615.2	ok	/path/to/magicc/data/benchmarks/set_H_ncbi/references/GCF_000626615.2.fna	1	2810186	2810186	0.0	1	0	41090d0d97a9c8aaefafa8f8400ba3f69e333a47a8574bad0198bf04d6e05d82	2845397	True	
122	H_fail	pair_0061	GB_GCA_035481575.1	GCA_035481575.1	ok	/path/to/magicc/data/benchmarks/set_H_ncbi/references/GCA_035481575.1.fna	2	2907398	2907398	0.0	2	0	e5c75606271239d10984a1413eceed2a5c9c03c48b880fac693a1843881d2e32	2943901	True	
123	H_pass	pair_0061	RS_GCF_030064045.1	GCF_030064045.1	ok	/path/to/magicc/data/benchmarks/set_H_ncbi/references/GCF_030064045.1.fna	1	2907971	2907971	0.0	1	0	61eaf7f4268aacefca40e9537fa6ed696ab9be9b64ce68d31d4001de8e67d6dd	2944399	True	
124	H_fail	pair_0062	GB_GCA_035491695.1	GCA_035491695.1	ok	/path/to/magicc/data/benchmarks/set_H_ncbi/references/GCA_035491695.1.fna	2	2875342	2875342	0.0	2	0	dc28c7d9a7b64d954b88e4191b6ee2d2e0e92c88d6c88b61d02fa1d059b6ac02	2911445	True	
125	H_pass	pair_0062	RS_GCF_003193685.1	GCF_003193685.1	ok	/path/to/magicc/data/benchmarks/set_H_ncbi/references/GCF_003193685.1.fna	2	2875335	2875335	0.0	2	0	62a29a3157088bde9e4907a717de147ee82602cba2a4b4eff239bf8b0545fc80	2911446	True	
126	H_fail	pair_0063	GB_GCA_035493755.1	GCA_035493755.1	ok	/path/to/magicc/data/benchmarks/set_H_ncbi/references/GCA_035493755.1.fna	3	2986258	2986258	0.0	3	0	aae4d141ef509b7bdb9a57d58c4e2bff05f3903dfed726f5df01a7936460b59e	3023832	True	
127	H_pass	pair_0063	RS_GCF_040931755.1	GCF_040931755.1	ok	/path/to/magicc/data/benchmarks/set_H_ncbi/references/GCF_040931755.1.fna	3	2986322	2986322	0.0	3	0	78bae831be162d3c5118ab856dbb607f8b1e82d5c7643735d16ef9bf62e9580b	3023911	True	
128	H_fail	pair_0064	GB_GCA_035495755.1	GCA_035495755.1	ok	/path/to/magicc/data/benchmarks/set_H_ncbi/references/GCA_035495755.1.fna	2	2884176	2884176	0.0	2	0	e586bfc8404c20b62fd8b6d0a03c812a8f993f2ac9d5aeedfb594f00f868aea7	2920389	True	
129	H_pass	pair_0064	RS_GCF_003194005.1	GCF_003194005.1	ok	/path/to/magicc/data/benchmarks/set_H_ncbi/references/GCF_003194005.1.fna	2	2884520	2884520	0.0	2	0	b654a38ec614b7e4a836ec41ad5ca46469ac530f6d155478f9d3be904203ac20	2920745	True	
130	H_fail	pair_0065	GB_GCA_035508035.1	GCA_035508035.1	ok	/path/to/magicc/data/benchmarks/set_H_ncbi/references/GCA_035508035.1.fna	1	2927295	2927295	0.0	1	0	534c427549480d7c607700f711a64f25ffe2f581ddc1cdcf67e23af98571bcf2	2963962	True	
131	H_pass	pair_0065	RS_GCF_001975005.1	GCF_001975005.1	ok	/path/to/magicc/data/benchmarks/set_H_ncbi/references/GCF_001975005.1.fna	2	2927237	2927237	0.0	2	0	cb07da055ede130df5b801f83a3ab7517f3b847d97720502c54e9d4930ff26f0	2963990	True	
132	H_fail	pair_0066	GB_GCA_035521615.1	GCA_035521615.1	ok	/path/to/magicc/data/benchmarks/set_H_ncbi/references/GCA_035521615.1.fna	1	2893487	2893487	0.0	1	0	ad91a64fc75b15371a05c444a527282941f9c4fcd8b746c1806c9e15d73651f3	2929731	True	
133	H_pass	pair_0066	RS_GCF_008329885.1	GCF_008329885.1	ok	/path/to/magicc/data/benchmarks/set_H_ncbi/references/GCF_008329885.1.fna	2	2893422	2893422	0.0	2	0	3cfd0af02adc7b6110622c733ac85b8ab353f50cf6bebc4d5f28bf4043e0eaac	2929767	True	
134	H_fail	pair_0067	GB_GCA_035532875.1	GCA_035532875.1	ok	/path/to/magicc/data/benchmarks/set_H_ncbi/references/GCA_035532875.1.fna	2	2815574	2815574	0.0	2	0	701b5752c6850a92eb02ce9d47222f7a311954d7fca245c0b625381a3918b1a0	2850909	True	
135	H_pass	pair_0067	RS_GCF_004026165.1	GCF_004026165.1	ok	/path/to/magicc/data/benchmarks/set_H_ncbi/references/GCF_004026165.1.fna	2	2815599	2815599	0.0	2	0	dacaf289c463dad8fa87e502a09231d7787882cfffa80bfd5f186e9070779602	2850962	True	
136	H_fail	pair_0068	GB_GCA_035536755.1	GCA_035536755.1	ok	/path/to/magicc/data/benchmarks/set_H_ncbi/references/GCA_035536755.1.fna	1	2798910	2798910	0.0	1	0	94fe28f6b8076c70aaa128fc9ed9026654a5a5da60e6bb024aaef7822074ee5c	2833972	True	
137	H_pass	pair_0068	RS_GCF_020388235.1	GCF_020388235.1	ok	/path/to/magicc/data/benchmarks/set_H_ncbi/references/GCF_020388235.1.fna	2	2798879	2798879	0.0	2	0	e6ccbc9c720b9858eddfc27fd5b65b8a4d83ade4f223796888b47fbca58f12b4	2834006	True	
138	H_fail	pair_0069	GB_GCA_035540595.1	GCA_035540595.1	ok	/path/to/magicc/data/benchmarks/set_H_ncbi/references/GCA_035540595.1.fna	1	2925858	2925858	0.0	1	0	17fa79f98c8f3f254573360e9fe0f41512f73b9ba85edbbc6dca489f28cea970	2962507	True	
139	H_pass	pair_0069	RS_GCF_038048995.1	GCF_038048995.1	ok	/path/to/magicc/data/benchmarks/set_H_ncbi/references/GCF_038048995.1.fna	3	2926117	2926117	0.0	3	0	91e3e93b6a48d38f8e8021347223a465f5d8392f30116349832f9b0317bcc25d	2962946	True	
140	H_fail	pair_0070	GB_GCA_035542055.1	GCA_035542055.1	ok	/path/to/magicc/data/benchmarks/set_H_ncbi/references/GCA_035542055.1.fna	1	2841843	2841843	0.0	1	0	a0fe3c81a5ef3806428909ef63a9cc4ca190cbdf9b6dd30ebaa0d9987f50a92c	2877442	True	
141	H_pass	pair_0070	RS_GCF_027942255.1	GCF_027942255.1	ok	/path/to/magicc/data/benchmarks/set_H_ncbi/references/GCF_027942255.1.fna	2	2841821	2841821	0.0	2	0	b0c8610641f6b9c3f1d89d224884bd949d89e109a1d7e5caa8ef24dfa7384b82	2877511	True	
142	H_fail	pair_0071	GB_GCA_035547075.1	GCA_035547075.1	ok	/path/to/magicc/data/benchmarks/set_H_ncbi/references/GCA_035547075.1.fna	2	2895991	2895991	0.0	2	0	2560490a8f9465aeac0537a359835be0d593310d4c3753d1db19c596533ff2f4	2932350	True	
143	H_pass	pair_0071	RS_GCF_009912715.1	GCF_009912715.1	ok	/path/to/magicc/data/benchmarks/set_H_ncbi/references/GCF_009912715.1.fna	1	2896381	2896381	0.0	1	0	1571453e9d9b07fa03eb2f50ca47264c32069561f94e7efe2f62d52e383dc1ce	2932665	True	
144	H_fail	pair_0072	GB_GCA_036351975.1	GCA_036351975.1	ok	/path/to/magicc/data/benchmarks/set_H_ncbi/references/GCA_036351975.1.fna	1	4385503	4385503	0.0	1	0	3d79286534db0c0bb688d347355619b2181a60e30ad20e7847bcceacac3cefa6	4440414	True	
145	H_pass	pair_0072	RS_GCF_009497895.1	GCF_009497895.1	ok	/path/to/magicc/data/benchmarks/set_H_ncbi/references/GCF_009497895.1.fna	1	4550643	4550643	0.0	1	0	1b28a0c008fbf1fbe173b8193131b5b68a492704c402f92040623a59a086e99a	4607610	True	
146	H_fail	pair_0073	GB_GCA_036872555.1	GCA_036872555.1	ok	/path/to/magicc/data/benchmarks/set_H_ncbi/references/GCA_036872555.1.fna	1	2072023	2072023	0.0	1	0	429e23faeca7360401239bba12b6a84cfa632573618938773dcade6243b4a83f	2098003	True	
147	H_pass	pair_0073	RS_GCF_028884855.1	GCF_028884855.1	ok	/path/to/magicc/data/benchmarks/set_H_ncbi/references/GCF_028884855.1.fna	2	2069888	2069888	0.0	2	0	93a861749b941d38244f2ad667908ef97dfbef1513244314dce9334e3f52e707	2095933	True	
148	H_fail	pair_0074	GB_GCA_037055285.1	GCA_037055285.1	ok	/path/to/magicc/data/benchmarks/set_H_ncbi/references/GCA_037055285.1.fna	1	3216547	3216547	0.0	1	0	2e04be2524460964c633dd9a77b3f6ec2c1328fcce771f08b5e794e5aa5d9674	3256828	True	
149	H_pass	pair_0074	RS_GCF_037043395.1	GCF_037043395.1	ok	/path/to/magicc/data/benchmarks/set_H_ncbi/references/GCF_037043395.1.fna	1	3162028	3162028	0.0	1	0	2cf10db1260f3a6991ec021f76f0ce0deeda28b4e6bffb6f5a25c33b26d3c716	3201628	True	
150	H_fail	pair_0075	GB_GCA_037100235.1	GCA_037100235.1	ok	/path/to/magicc/data/benchmarks/set_H_ncbi/references/GCA_037100235.1.fna	5	5857841	5857841	0.0	5	2	232cc6933871433cf50a056531c4359bf4a133f3be5939df2ab69df1b4d278e3	5931510	True	
151	H_pass	pair_0075	RS_GCF_017815775.1	GCF_017815775.1	ok	/path/to/magicc/data/benchmarks/set_H_ncbi/references/GCF_017815775.1.fna	1	5845628	5845628	0.0	1	0	e0b93b2acf378f4967475c0a6fa24e257df434433cfb8c0ae04f697c76518168	5918779	True	
152	H_fail	pair_0076	GB_GCA_037236975.1	GCA_037236975.1	ok	/path/to/magicc/data/benchmarks/set_H_ncbi/references/GCA_037236975.1.fna	1	3711498	3711498	0.0	1	0	a246b139d6d75417864a3aab3a13b71cc782b0582ef11d3d6c5309c193662343	3757998	True	
153	H_pass	pair_0076	RS_GCF_024925305.1	GCF_024925305.1	ok	/path/to/magicc/data/benchmarks/set_H_ncbi/references/GCF_024925305.1.fna	1	3734688	3734688	0.0	1	0	2f556397252fb44c664c90e9ed783341f1676b24f54d3ecadcf41d3b286d4a38	3781462	True	
154	H_fail	pair_0077	GB_GCA_037246145.1	GCA_037246145.1	ok	/path/to/magicc/data/benchmarks/set_H_ncbi/references/GCA_037246145.1.fna	1	2207556	2207556	0.0	1	0	23f96a02358006b92fc4510f994c01e0481fca2e062aa145c89653fb723422c7	2235239	True	
155	H_pass	pair_0077	RS_GCF_002197305.1	GCF_002197305.1	ok	/path/to/magicc/data/benchmarks/set_H_ncbi/references/GCF_002197305.1.fna	1	2208337	2208337	0.0	1	0	b4824d00ed42d4d6ba2022073a860f881a9e152f2311e245705d6d982daa173c	2236024	True	
156	H_fail	pair_0078	GB_GCA_037791055.1	GCA_037791055.1	ok	/path/to/magicc/data/benchmarks/set_H_ncbi/references/GCA_037791055.1.fna	4	5056645	5056645	0.0	4	0	f1f6094963d3c50c4374ce066f8b58f732debc709928b8d36e91748469fa0683	5120352	True	
157	H_pass	pair_0078	RS_GCF_037780985.1	GCF_037780985.1	ok	/path/to/magicc/data/benchmarks/set_H_ncbi/references/GCF_037780985.1.fna	4	5056444	5056444	0.0	4	0	177d5c8ee95627dda5ec7961f401ac85466c98747255d1166aa172b25ffdd51c	5120161	True	
158	H_fail	pair_0079	GB_GCA_037794445.1	GCA_037794445.1	ok	/path/to/magicc/data/benchmarks/set_H_ncbi/references/GCA_037794445.1.fna	2	5045222	5045222	0.0	2	0	f620b7eed6e492db1853575dc43f21038646a276450579730f5fdcfc6fb12dfc	5108529	True	
159	H_pass	pair_0079	RS_GCF_004136115.1	GCF_004136115.1	ok	/path/to/magicc/data/benchmarks/set_H_ncbi/references/GCF_004136115.1.fna	3	5045178	5045178	0.0	3	0	055ede99405b84a7b93b1ee521bb2b3fdfbc4abd74acbfab5184b9c67e949208	5108708	True	
160	H_fail	pair_0080	GB_GCA_037888935.1	GCA_037888935.1	ok	/path/to/magicc/data/benchmarks/set_H_ncbi/references/GCA_037888935.1.fna	2	3317076	3317076	0.0	2	0	24d99b481084d5978c365aec6c994ba1b0c63453f5882e855c1bcd978000e341	3358711	True	
161	H_pass	pair_0080	RS_GCF_021922985.1	GCF_021922985.1	ok	/path/to/magicc/data/benchmarks/set_H_ncbi/references/GCF_021922985.1.fna	4	3366694	3366694	0.0	4	0	df3733f9ce82f189019650e10dc9151f21de46b7fbceb5c481667b8c4872e4df	3409136	True	
162	H_fail	pair_0081	GB_GCA_039519115.1	GCA_039519115.1	ok	/path/to/magicc/data/benchmarks/set_H_ncbi/references/GCA_039519115.1.fna	1	1617996	1617996	0.0	1	0	eded0b4cfe8f52c46c1b5fcf80ec5773b9b0af086a6bad89280b645194d688df	1638302	True	
163	H_pass	pair_0081	RS_GCF_001639125.1	GCF_001639125.1	ok	/path/to/magicc/data/benchmarks/set_H_ncbi/references/GCF_001639125.1.fna	1	1668523	1668523	0.0	1	0	dc8615ac03507ce1940a806bfbf138f99f0be2540132fe282d2623becd4ccfb4	1689455	True	
164	H_fail	pair_0082	GB_GCA_039955015.1	GCA_039955015.1	ok	/path/to/magicc/data/benchmarks/set_H_ncbi/references/GCA_039955015.1.fna	2	2612923	2612923	0.0	2	0	226abf6bfb267a7b3a38247ed00a351e04ea666ad114d33316bb66e21bbf99c7	2645733	True	
165	H_pass	pair_0082	RS_GCF_039954945.1	GCF_039954945.1	ok	/path/to/magicc/data/benchmarks/set_H_ncbi/references/GCF_039954945.1.fna	2	2676815	2676815	0.0	2	0	fbb9cca7fc305f7b3d13ede293f8002fd8e0d623e70ce2388542aee67bdb8d04	2710433	True	
166	H_fail	pair_0083	GB_GCA_040084615.1	GCA_040084615.1	ok	/path/to/magicc/data/benchmarks/set_H_ncbi/references/GCA_040084615.1.fna	1	2561368	2561368	0.0	1	0	4779394dac6abf85b92533e723f44480998ba4d990a2ce84ff5bc5cd53a4c7e9	2593462	True	
167	H_pass	pair_0083	RS_GCF_007923785.2	GCF_007923785.2	ok	/path/to/magicc/data/benchmarks/set_H_ncbi/references/GCF_007923785.2.fna	2	2557066	2557066	0.0	2	0	5fdaa4c29f40351f341914bce98a47d4daa44ecc7a2396d9a45951897e7b7c6a	2589190	True	
168	H_fail	pair_0084	GB_GCA_040084665.1	GCA_040084665.1	ok	/path/to/magicc/data/benchmarks/set_H_ncbi/references/GCA_040084665.1.fna	1	4396716	4396716	0.0	1	0	9eff319d33c0a227562bb42d3a328c27824199ec595f14c8a216f90f95640bc6	4451753	True	
169	H_pass	pair_0084	GB_GCA_021401425.1	GCA_021401425.1	ok	/path/to/magicc/data/benchmarks/set_H_ncbi/references/GCA_021401425.1.fna	1	4321565	4321565	0.0	1	0	56d148101a9e9e90ebb42aaf2355475b6e0ecb16409c0ab70e7145af1e5e3935	4375665	True	
170	H_fail	pair_0085	GB_GCA_040215705.1	GCA_040215705.1	ok	/path/to/magicc/data/benchmarks/set_H_ncbi/references/GCA_040215705.1.fna	1	2289034	2289034	0.0	1	0	f72c3fd491c5f59a2a5c32b144a656720567efb3bd32a23ceb055babd9721cb5	2317723	True	
171	H_pass	pair_0085	RS_GCF_038420605.1	GCF_038420605.1	ok	/path/to/magicc/data/benchmarks/set_H_ncbi/references/GCF_038420605.1.fna	4	2287581	2287581	0.0	4	0	057f9411bc33de4e36c8ee23e48975c6c76d3dd0b063c9300f0ec367bccbaa1e	2316556	True	
172	H_fail	pair_0086	GB_GCA_040268345.1	GCA_040268345.1	ok	/path/to/magicc/data/benchmarks/set_H_ncbi/references/GCA_040268345.1.fna	1	906733	906733	0.0	1	0	76e266424a47f476d4136d986227eab9ba1982948d5d729b9b3a424340fcd768	918146	True	
173	H_pass	pair_0086	RS_GCF_000956315.1	GCF_000956315.1	ok	/path/to/magicc/data/benchmarks/set_H_ncbi/references/GCF_000956315.1.fna	1	922280	922280	0.0	1	0	196355e11803349fc7d7b2a448e8471e97214264ecd2ccf82898b5cb7c335265	933873	True	
174	H_fail	pair_0087	GB_GCA_040556325.1	GCA_040556325.1	ok	/path/to/magicc/data/benchmarks/set_H_ncbi/references/GCA_040556325.1.fna	1	8179066	8179066	0.0	1	0	3a06574a57dc70685eee4eb3489afc55c81b505927df10f28f5a3518aea253dc	8281360	True	
175	H_pass	pair_0087	GB_GCA_001767375.1	GCA_001767375.1	ok	/path/to/magicc/data/benchmarks/set_H_ncbi/references/GCA_001767375.1.fna	1	8180260	8180260	0.0	1	0	4906c7a06a5bb9c038a136ce21176ac05767d70107345232705aab451a687113	8282595	True	
176	H_fail	pair_0088	GB_GCA_040782855.1	GCA_040782855.1	ok	/path/to/magicc/data/benchmarks/set_H_ncbi/references/GCA_040782855.1.fna	2	2367992	2367992	0.0	2	0	04d15f9c46c84d9cb9650a68cc66907244072980521f2b1fa9316afcae779504	2397757	True	
177	H_pass	pair_0088	GB_GCA_030020405.1	GCA_030020405.1	ok	/path/to/magicc/data/benchmarks/set_H_ncbi/references/GCA_030020405.1.fna	2	2415859	2415859	0.0	2	0	6513b5231eba337d01695ece274ac446eb484c9aa21deef36283a8e237e1fc8b	2446222	True	
178	H_fail	pair_0089	GB_GCA_040782895.1	GCA_040782895.1	ok	/path/to/magicc/data/benchmarks/set_H_ncbi/references/GCA_040782895.1.fna	1	1838643	1838643	0.0	1	0	a0a0939a18b518c869273fac8b03e881bd43e421269c11777ec5810f3e00c625	1861707	True	
179	H_pass	pair_0089	GB_GCA_000599965.1	GCA_000599965.1	ok	/path/to/magicc/data/benchmarks/set_H_ncbi/references/GCA_000599965.1.fna	1	1838701	1838701	0.0	1	7	1ed7168c2bebe51219163a4a2593292f26c1ec658fafc7d601bb69f43597160b	1861744	True	
180	H_fail	pair_0090	GB_GCA_041026445.1	GCA_041026445.1	ok	/path/to/magicc/data/benchmarks/set_H_ncbi/references/GCA_041026445.1.fna	1	2702648	2702648	0.0	1	0	2077be871cf1d8547cb45f97ec98d66e9a28c37bd96c760f98ebf24ad1211c8e	2736508	True	
181	H_pass	pair_0090	RS_GCF_000422095.1	GCF_000422095.1	ok	/path/to/magicc/data/benchmarks/set_H_ncbi/references/GCF_000422095.1.fna	1	2702201	2702201	0.0	1	4	bf29d43961e4b34b7b0c0bf8c525b71b879ab947dc9a458244a35370bc8b72cf	2736039	True	
182	H_fail	pair_0091	GB_GCA_900478345.1	GCA_900478345.1	ok	/path/to/magicc/data/benchmarks/set_H_ncbi/references/GCA_900478345.1.fna	1	4748541	4748541	0.0	1	0	0e593dde896dfd12415534d12f4c57767b05766025ea141ae98a7ad4e0486308	4807993	True	
183	H_pass	pair_0091	RS_GCF_015241115.1	GCF_015241115.1	ok	/path/to/magicc/data/benchmarks/set_H_ncbi/references/GCF_015241115.1.fna	3	4748456	4748456	0.0	3	0	effa5aa9a170a63f6db38dd607e81b6e193cf1760903ed4afa1b6b96e745993c	4808160	True	
184	H_fail	pair_0092	GB_GCA_900635565.1	GCA_900635565.1	ok	/path/to/magicc/data/benchmarks/set_H_ncbi/references/GCA_900635565.1.fna	1	4759612	4759612	0.0	1	0	1a19b12246b6db5f165cb20e463bc718ea08da4e86b6930e01ff3e9a98d73c75	4819203	True	
185	H_pass	pair_0092	RS_GCF_034491365.1	GCF_034491365.1	ok	/path/to/magicc/data/benchmarks/set_H_ncbi/references/GCF_034491365.1.fna	1	4759743	4759743	0.0	1	0	4d08668c49f434c420e459ed0a2266fc6c663c12d687f2e4ea5367c754362173	4819353	True	
186	H_fail	pair_0093	GB_GCA_900635675.1	GCA_900635675.1	ok	/path/to/magicc/data/benchmarks/set_H_ncbi/references/GCA_900635675.1.fna	1	4930903	4930903	0.0	1	0	8f23c2c117aba0523b92d1554eb46caa4cae308960f2d06a20002f8e65be243f	4992636	True	
187	H_pass	pair_0093	GB_GCA_019222725.1	GCA_019222725.1	ok	/path/to/magicc/data/benchmarks/set_H_ncbi/references/GCA_019222725.1.fna	1	4898223	4898223	0.0	1	0	979df8ed60c6851c8537347334fae852da49538d0b070888a4aa4819adb1265a	4959545	True	
188	H_fail	pair_0094	GB_GCA_947044355.1	GCA_947044355.1	ok	/path/to/magicc/data/benchmarks/set_H_ncbi/references/GCA_947044355.1.fna	126	4103834	4103834	0.0	126	0	cd92370aa1fe9a2566d84531b1656ce8d16d32620b9e50decb2de88dc4b64aa9	4167123	True	
189	H_pass	pair_0094	RS_GCF_002507865.2	GCF_002507865.2	ok	/path/to/magicc/data/benchmarks/set_H_ncbi/references/GCF_002507865.2.fna	1	4484627	4484627	0.0	1	0	2dfae861991f0b86514d6e02b928df6909383a91411b20131a8b2923377a7866	4540767	True	
190	H_fail	pair_0095	GB_GCA_963676115.1	GCA_963676115.1	ok	/path/to/magicc/data/benchmarks/set_H_ncbi/references/GCA_963676115.1.fna	1	3601552	3601552	0.0	1	0	ea48bcfadab4adc798ed9f95c10ea0d960030b690322c413182a92f8e5522db7	3646683	True	
191	H_pass	pair_0095	RS_GCF_001680025.1	GCF_001680025.1	ok	/path/to/magicc/data/benchmarks/set_H_ncbi/references/GCF_001680025.1.fna	2	5168686	5168686	0.0	2	0	a339b68b0b8277f57e34372f6d0ae2c28fcfbb64b4beaff3f65291519630be15	5233530	True	
192	H_fail	pair_0096	RS_GCF_000239475.1	GCF_000239475.1	ok	/path/to/magicc/data/benchmarks/set_H_ncbi/references/GCF_000239475.1.fna	3	993811	993811	0.0	3	4	fe633550ce94e9e0f6c61071f6c9a97bcd797d8e275da024000f22c74b742d47	1006453	True	
193	H_pass	pair_0096	RS_GCF_002741845.3	GCF_002741845.3	ok	/path/to/magicc/data/benchmarks/set_H_ncbi/references/GCF_002741845.3.fna	17	1432067	1432067	0.0	17	0	9dfe6a48beaf641c0079881c5e8e78585ac73b171a646a90bcb0d8df33b444a7	1451424	True	
194	H_fail	pair_0097	RS_GCF_000255195.1	GCF_000255195.1	ok	/path/to/magicc/data/benchmarks/set_H_ncbi/references/GCF_000255195.1.fna	1	2484332	2484332	0.0	1	0	c81fbba7baa00080e16f49de0e2f35d966f419ede52ac37423cc2fb04a71fc27	2515452	True	
195	H_pass	pair_0097	RS_GCF_963556575.1	GCF_963556575.1	ok	/path/to/magicc/data/benchmarks/set_H_ncbi/references/GCF_963556575.1.fna	1	2484293	2484293	0.0	1	0	44043f32111a84c7011810f930a969c2cec48e404d86ee1458bd9d848b85fc4f	2515427	True	
196	H_fail	pair_0098	RS_GCF_000512205.2	GCF_000512205.2	ok	/path/to/magicc/data/benchmarks/set_H_ncbi/references/GCF_000512205.2.fna	2	6580298	6580298	0.0	2	1	e0289d8bc1183d0d5de020ce1bcb585c8b0bdc4c09c00fb61751f94bc05d5048	6662732	True	
197	H_pass	pair_0098	RS_GCF_001717955.1	GCF_001717955.1	ok	/path/to/magicc/data/benchmarks/set_H_ncbi/references/GCF_001717955.1.fna	2	5322941	5322941	0.0	2	0	d7aca65b5c8d915c8a50b8e4917e5fea03ed498c029446cf6d3c1dae557e2cce	5389640	True	
198	H_fail	pair_0099	RS_GCF_000691565.1	GCF_000691565.1	ok	/path/to/magicc/data/benchmarks/set_H_ncbi/references/GCF_000691565.1.fna	1	6484062	6484062	0.0	1	0	d07ef22a5a5617f6bd75ef02288e4a6c2d42e9c5d35476d0d3ded99f08b1dfba	6565189	True	
199	H_pass	pair_0099	RS_GCF_000831585.1	GCF_000831585.1	ok	/path/to/magicc/data/benchmarks/set_H_ncbi/references/GCF_000831585.1.fna	1	6233254	6233254	0.0	1	0	fcfb1a2c3bfa227b407efde2c9b630b7e1d9ae174b261b5c908d5c9b829d31dc	6311254	True	
200	H_fail	pair_0100	RS_GCF_000764615.1	GCF_000764615.1	ok	/path/to/magicc/data/benchmarks/set_H_ncbi/references/GCF_000764615.1.fna	5	5990738	5990738	0.0	5	0	b55fa611f47de95a4f5c816bc0d41215814f3468ee4e9b2500a28c4140569b9d	6066040	True	
201	H_pass	pair_0100	RS_GCF_013736155.1	GCF_013736155.1	ok	/path/to/magicc/data/benchmarks/set_H_ncbi/references/GCF_013736155.1.fna	9	5990576	5990576	0.0	9	0	82f56dec6d417e530a3e22d31d6e214af9eb9e27a1ac10488f00ae3cff042d47	6066346	True	
202	H_fail	pair_0101	RS_GCF_000770495.1	GCF_000770495.1	ok	/path/to/magicc/data/benchmarks/set_H_ncbi/references/GCF_000770495.1.fna	2	7337621	7337621	0.0	2	0	8b2b7f260449262cbedea766d806b0accf34737c7fa080ed6909ccc249d47b90	7429502	True	
203	H_pass	pair_0101	RS_GCF_002111265.1	GCF_002111265.1	ok	/path/to/magicc/data/benchmarks/set_H_ncbi/references/GCF_002111265.1.fna	2	7343602	7343602	0.0	2	0	7c49fa6264da1aadd0511d0bf8253b7ea84485c91ace27edb43c841ed4e3d158	7435580	True	
204	H_fail	pair_0102	RS_GCF_000962775.1	GCF_000962775.1	ok	/path/to/magicc/data/benchmarks/set_H_ncbi/references/GCF_000962775.1.fna	14	1309078	1309078	0.0	14	0	702eabfd41f53a455f447d97e469ea552ce0c3e4ea33bf708dc88adb10173385	1326455	True	
205	H_pass	pair_0102	RS_GCF_002741805.2	GCF_002741805.2	ok	/path/to/magicc/data/benchmarks/set_H_ncbi/references/GCF_002741805.2.fna	18	1464580	1464580	0.0	18	0	b4407910a3042898e0e94d66f8916b34dcb7ea8830da0e6590065a466b91d959	1484489	True	
206	H_fail	pair_0103	RS_GCF_000970225.1	GCF_000970225.1	ok	/path/to/magicc/data/benchmarks/set_H_ncbi/references/GCF_000970225.1.fna	1	4154344	4154344	0.0	1	0	a24bd4827226fa301fa5331eac04ac33d191a8d3ce8ab1d795be10a5ba4c3380	4206342	True	
207	H_pass	pair_0103	RS_GCF_000970025.1	GCF_000970025.1	ok	/path/to/magicc/data/benchmarks/set_H_ncbi/references/GCF_000970025.1.fna	2	4574907	4574907	0.0	2	0	01ec2230c22eaf6b0f5c0d53e37317105fee4c9cc4889d5ccb2d7d1822c37822	4632240	True	
208	H_fail	pair_0104	RS_GCF_001559035.2	GCF_001559035.2	ok	/path/to/magicc/data/benchmarks/set_H_ncbi/references/GCF_001559035.2.fna	1	1443410	1443410	0.0	1	0	c25e9d83f2cf24694f169514e5ceb82b8543b9c3eba29b942bdda88f441bec02	1461542	True	
209	H_pass	pair_0104	RS_GCF_001281405.1	GCF_001281405.1	ok	/path/to/magicc/data/benchmarks/set_H_ncbi/references/GCF_001281405.1.fna	1	1467695	1467695	0.0	1	0	f8997972f30511ec1896c91c6843d6e73d435c469a915e5642ce2df996e1d799	1486121	True	
210	H_fail	pair_0105	RS_GCF_001650295.1	GCF_001650295.1	ok	/path/to/magicc/data/benchmarks/set_H_ncbi/references/GCF_001650295.1.fna	1	5831209	5831209	0.0	1	0	f2d37cffcc8d95f97aa20d3efbb002753efeb3b99a2919318c2d520b85719b44	5904180	True	
211	H_pass	pair_0105	RS_GCF_029674645.1	GCF_029674645.1	ok	/path/to/magicc/data/benchmarks/set_H_ncbi/references/GCF_029674645.1.fna	9	5833592	5833592	0.0	9	0	ef13144ecd22c401460e411357981d05b0ea48961ce019cc9c6bb6253cca6c24	5907231	True	
212	H_fail	pair_0106	RS_GCF_001831455.1	GCF_001831455.1	ok	/path/to/magicc/data/benchmarks/set_H_ncbi/references/GCF_001831455.1.fna	1	4386396	4386396	0.0	1	0	0fbe42ef52cee96d4f4a5323d4cf3258d1291eca424b50e26af59b39c926855c	4441303	True	
213	H_pass	pair_0106	RS_GCF_032278865.1	GCF_032278865.1	ok	/path/to/magicc/data/benchmarks/set_H_ncbi/references/GCF_032278865.1.fna	1	4270955	4270955	0.0	1	0	4a3cbdcc079b06d879df1e1c09566c715c1bc8e2ecbd03e592c316a149cc1b29	4324417	True	
214	H_fail	pair_0107	RS_GCF_002006355.2	GCF_002006355.2	ok	/path/to/magicc/data/benchmarks/set_H_ncbi/references/GCF_002006355.2.fna	3	5242194	5242194	0.0	3	0	8a633b345a3ebc63578543a63a0a5579e159a6c9c79935e696d146d7f3699e18	5307949	True	
215	H_pass	pair_0107	RS_GCF_030585505.1	GCF_030585505.1	ok	/path/to/magicc/data/benchmarks/set_H_ncbi/references/GCF_030585505.1.fna	5	5255814	5255814	0.0	5	0	8be841ec6d35d5e12ed7e6290193f1abbc87f666cc91cf435c3340ac5af6a79b	5321955	True	
216	H_fail	pair_0108	RS_GCF_002007625.1	GCF_002007625.1	ok	/path/to/magicc/data/benchmarks/set_H_ncbi/references/GCF_002007625.1.fna	5	3280732	3280732	0.0	5	0	c1ef65204384c436154879eacd5d7f6b74db22f3c10af987ae2de0e87850667a	3322183	True	
217	H_pass	pair_0108	RS_GCF_900092475.1	GCF_900092475.1	ok	/path/to/magicc/data/benchmarks/set_H_ncbi/references/GCF_900092475.1.fna	6	3272427	3272427	0.0	6	0	18be28162ea017e01e4aa44b86663e761b06749628e4dcae12809ab09eac8f26	3313734	True	
218	H_fail	pair_0109	RS_GCF_002055515.1	GCF_002055515.1	ok	/path/to/magicc/data/benchmarks/set_H_ncbi/references/GCF_002055515.1.fna	2	4115994	4115994	0.0	2	0	a58623c4613548319fbb99dbbf9f37661d5759aafb3a01cc0c124c1ffd1049cf	4167615	True	
219	H_pass	pair_0109	RS_GCF_021165835.1	GCF_021165835.1	ok	/path/to/magicc/data/benchmarks/set_H_ncbi/references/GCF_021165835.1.fna	1	3966524	3966524	0.0	1	0	f27f48fd569bc5750d931ab628d0d764807786c86a10ae21a52588bc5f07b427	4016190	True	
220	H_fail	pair_0110	RS_GCF_002073595.2	GCF_002073595.2	ok	/path/to/magicc/data/benchmarks/set_H_ncbi/references/GCF_002073595.2.fna	1	2273276	2273276	0.0	1	0	597f60dcaec7e6face8b14b88675bc9b5502253e1cfe59c3ee395814d10c865f	2301778	True	
221	H_pass	pair_0110	RS_GCF_003355435.1	GCF_003355435.1	ok	/path/to/magicc/data/benchmarks/set_H_ncbi/references/GCF_003355435.1.fna	1	2280611	2280611	0.0	1	0	26298d907ad69e3cca86319c8403f7bb172f47aa4320bdbef3e18ac50ec72a2e	2309199	True	
222	H_fail	pair_0111	RS_GCF_002095995.1	GCF_002095995.1	ok	/path/to/magicc/data/benchmarks/set_H_ncbi/references/GCF_002095995.1.fna	1	816433	816433	0.0	1	0	30696255d35944f25ad59639e07ffef8e8a17d8cbce88fd68443c37e88d4720d	826724	True	
223	H_pass	pair_0111	RS_GCF_002096015.1	GCF_002096015.1	ok	/path/to/magicc/data/benchmarks/set_H_ncbi/references/GCF_002096015.1.fna	1	816433	816433	0.0	1	0	15eeb978ac6a4c81ba2fc9a2a98c9cfc22ba5db506173bc284ac61bb410881c2	826725	True	
224	H_fail	pair_0112	RS_GCF_002151485.1	GCF_002151485.1	ok	/path/to/magicc/data/benchmarks/set_H_ncbi/references/GCF_002151485.1.fna	11	1301554	1301554	0.0	11	0	3ea05dd9d5ebd4ca1817fe3fd2481943489dcf576b0805e8b7491430a46a1f7c	1318771	True	
225	H_pass	pair_0112	RS_GCF_004353465.2	GCF_004353465.2	ok	/path/to/magicc/data/benchmarks/set_H_ncbi/references/GCF_004353465.2.fna	21	1545852	1545852	0.0	21	0	7463be5b373be5938853a23d4df4fe81c8ffd48737c6686b6f138d670aac7114	1567126	True	
226	H_fail	pair_0113	RS_GCF_002208175.1	GCF_002208175.1	ok	/path/to/magicc/data/benchmarks/set_H_ncbi/references/GCF_002208175.1.fna	5	8854837	8854837	0.0	5	0	a7daed723ea4ce775c7ab609cb636d7f5c9e74892dc740c4ffc2ca4746a8ddcb	8966024	True	
227	H_pass	pair_0113	RS_GCF_000194745.1	GCF_000194745.1	ok	/path/to/magicc/data/benchmarks/set_H_ncbi/references/GCF_000194745.1.fna	6	9052299	9052299	0.0	6	0	d60b5b00d1901cea395bbec100c8b0732211cfcf8e1a84a7c4b2d96ab3915ba8	9165900	True	
228	H_fail	pair_0114	RS_GCF_002214445.1	GCF_002214445.1	ok	/path/to/magicc/data/benchmarks/set_H_ncbi/references/GCF_002214445.1.fna	1	863547	863547	0.0	1	0	19fd8c2541b7f21adf85da23212909fe780e20a43967dc0784f43a4e80660d8a	874423	True	
229	H_pass	pair_0114	RS_GCF_900476125.1	GCF_900476125.1	ok	/path/to/magicc/data/benchmarks/set_H_ncbi/references/GCF_900476125.1.fna	1	821059	821059	0.0	1	0	db429b099e0a5cfb1368828c951e8ba51d6c9e5470497ac35f5213bcb1450c48	831414	True	
230	H_fail	pair_0115	RS_GCF_002234575.2	GCF_002234575.2	ok	/path/to/magicc/data/benchmarks/set_H_ncbi/references/GCF_002234575.2.fna	2	6614036	6614036	0.0	2	0	af25ed71da860649cf5cb1449543febf481e775a7e4e8001cb7f364dc88170aa	6696890	True	
231	H_pass	pair_0115	RS_GCF_013112015.1	GCF_013112015.1	ok	/path/to/magicc/data/benchmarks/set_H_ncbi/references/GCF_013112015.1.fna	1	5498201	5498201	0.0	1	0	e03cd5c94aa9eba9a48674f3f4c5ffbe19e2242e2ea3815b5612de18a5a11219	5567008	True	
232	H_fail	pair_0116	RS_GCF_002257695.2	GCF_002257695.2	ok	/path/to/magicc/data/benchmarks/set_H_ncbi/references/GCF_002257695.2.fna	1	5955502	5955502	0.0	1	0	d268b03a3681fc6b504a9034c0972e4b60c1b1aa8ca6b2d8d22433a16ec0d9df	6030020	True	
233	H_pass	pair_0116	RS_GCF_001941975.2	GCF_001941975.2	ok	/path/to/magicc/data/benchmarks/set_H_ncbi/references/GCF_001941975.2.fna	2	5015343	5015343	0.0	2	0	539305aa2deac34a2bf31eaeff70f05b5f3b00dcae008185bae7e86ba017c729	5078190	True	
234	H_fail	pair_0117	RS_GCF_003073695.1	GCF_003073695.1	ok	/path/to/magicc/data/benchmarks/set_H_ncbi/references/GCF_003073695.1.fna	4	7245771	7245771	0.0	4	0	5ac0180fca8715283312da20c94ffeda4b64030f4073ccbd7a074d044fa8c9da	7336698	True	
235	H_pass	pair_0117	RS_GCF_006971785.1	GCF_006971785.1	ok	/path/to/magicc/data/benchmarks/set_H_ncbi/references/GCF_006971785.1.fna	2	6712466	6712466	0.0	2	0	f867017fb95854860828198fd1e5e439e8eaa66174deee732a897bcebd6e8a07	6796554	True	
236	H_fail	pair_0118	RS_GCF_003957785.1	GCF_003957785.1	ok	/path/to/magicc/data/benchmarks/set_H_ncbi/references/GCF_003957785.1.fna	7	3158418	3158418	0.0	7	0	e547de136f48f2e9d1bc3319e4fd194574ef1fe0f2f4154d02d0e774f9e7b6d7	3198488	True	
237	H_pass	pair_0118	GB_GCA_015356095.1	GCA_015356095.1	ok	/path/to/magicc/data/benchmarks/set_H_ncbi/references/GCA_015356095.1.fna	13	3156539	3156539	0.0	13	0	fbe2928db743e4b90b5bad76a045212a12e6a160a3dbc59d500075bd385ebded	3196986	True	
238	H_fail	pair_0119	RS_GCF_003991565.1	GCF_003991565.1	ok	/path/to/magicc/data/benchmarks/set_H_ncbi/references/GCF_003991565.1.fna	2	4976422	4976422	0.0	2	0	3108b0be3ca70205ceafc6006aad35e86df183df7bffc5d6019b2c4e4a9db939	5038791	True	
239	H_pass	pair_0119	RS_GCF_025148635.1	GCF_025148635.1	ok	/path/to/magicc/data/benchmarks/set_H_ncbi/references/GCF_025148635.1.fna	1	4813254	4813254	0.0	1	0	ffa62e88aaa4553ad1eeee12b842e947ec8daaf5cbba6cd9e96840f4544d8cf9	4873501	True	
240	H_fail	pair_0120	RS_GCF_004117095.1	GCF_004117095.1	ok	/path/to/magicc/data/benchmarks/set_H_ncbi/references/GCF_004117095.1.fna	1	6509090	6509090	0.0	1	0	f3188632684212f6da1eb2093cf2e8943431f4b5f5a28204d4fddb92eb0400ad	6590544	True	
241	H_pass	pair_0120	RS_GCF_036884255.1	GCF_036884255.1	ok	/path/to/magicc/data/benchmarks/set_H_ncbi/references/GCF_036884255.1.fna	1	6534616	6534616	0.0	1	0	150d5773c1877c563a7c481b52e84ced4f5457db8ba18b8a28badcec3df823ed	6616377	True	
242	H_fail	pair_0121	RS_GCF_005221345.1	GCF_005221345.1	ok	/path/to/magicc/data/benchmarks/set_H_ncbi/references/GCF_005221345.1.fna	6	5996243	5996243	0.0	6	0	a41fae68bbe0fe90eea1af2f00ba6b5ff6027c8d4206424639d086330441dc00	6071776	True	
243	H_pass	pair_0121	RS_GCF_013318015.2	GCF_013318015.2	ok	/path/to/magicc/data/benchmarks/set_H_ncbi/references/GCF_013318015.2.fna	6	6002464	6002464	0.0	6	0	74007b25a77c310d902d56b99cc1d74e82fe020c397c788a9e91714b588e7ce7	6078046	True	
244	H_fail	pair_0122	RS_GCF_006337085.1	GCF_006337085.1	ok	/path/to/magicc/data/benchmarks/set_H_ncbi/references/GCF_006337085.1.fna	1	2987884	2987884	0.0	1	0	a0d1e1cbc423be2789742fa3cf23e35f4f087f5fb462328a2830c3a5984c8739	3025313	True	
245	H_pass	pair_0122	RS_GCF_030520125.1	GCF_030520125.1	ok	/path/to/magicc/data/benchmarks/set_H_ncbi/references/GCF_030520125.1.fna	1	3035996	3035996	0.0	1	0	b2a4b349e7e5534a3a9195ac67130930f8dc066a336c19d4c37ba5d1c704d19c	3074027	True	
246	H_fail	pair_0123	RS_GCF_008254045.1	GCF_008254045.1	ok	/path/to/magicc/data/benchmarks/set_H_ncbi/references/GCF_008254045.1.fna	1	9378099	9378099	0.0	1	0	27b7ef5b0596f0049af08f8e5b96672c86a2c0e6f18d83fc5d9db715ec9d22f6	9495400	True	
247	H_pass	pair_0123	RS_GCF_038443385.1	GCF_038443385.1	ok	/path/to/magicc/data/benchmarks/set_H_ncbi/references/GCF_038443385.1.fna	1	9719866	9719866	0.0	1	0	202100c8a0dda8844f9ab675baa34ffa54e984373e5c0908e240f94a9693f3cb	9841438	True	
248	H_fail	pair_0124	RS_GCF_008802915.1	GCF_008802915.1	ok	/path/to/magicc/data/benchmarks/set_H_ncbi/references/GCF_008802915.1.fna	1	2267305	2267305	0.0	1	0	47d3f704a76c4b5348bb1d0df1860d0d982cb00b0bc016bd462165261f15513f	2295732	True	
249	H_pass	pair_0124	RS_GCF_001941785.1	GCF_001941785.1	ok	/path/to/magicc/data/benchmarks/set_H_ncbi/references/GCF_001941785.1.fna	4	2272328	2272328	0.0	4	0	be4cfdd7f93d50e56280af108c04e23ea1f34384f4dedc9dc27841584401b481	2301113	True	
250	H_fail	pair_0125	RS_GCF_009646095.1	GCF_009646095.1	ok	/path/to/magicc/data/benchmarks/set_H_ncbi/references/GCF_009646095.1.fna	1	3649865	3649865	0.0	1	0	39f887ccedc7a08387db6547ecf1b056895d9c9b7ec0dac48a1b58ed65fedb0a	3695568	True	
251	H_pass	pair_0125	RS_GCF_001441165.1	GCF_001441165.1	ok	/path/to/magicc/data/benchmarks/set_H_ncbi/references/GCF_001441165.1.fna	1	3651382	3651382	0.0	1	0	c1430fca4e6d821d86f67ba6dcecae01737f58674cf3e8ab3f68f8637c33b464	3697127	True	
252	H_fail	pair_0126	RS_GCF_009662475.1	GCF_009662475.1	ok	/path/to/magicc/data/benchmarks/set_H_ncbi/references/GCF_009662475.1.fna	1	3415726	3415726	0.0	1	0	4c9541bb026db26624a174ddcd1593789708692600b2e318afc5f8f3bf5f3152	3458507	True	
253	H_pass	pair_0126	RS_GCF_013462805.1	GCF_013462805.1	ok	/path/to/magicc/data/benchmarks/set_H_ncbi/references/GCF_013462805.1.fna	2	3257037	3257037	0.0	2	0	949b13fc44cf49acf88095c92464ae1fe78d1454d6fafd59c8b361f88b184748	3297933	True	
254	H_fail	pair_0127	RS_GCF_009688985.1	GCF_009688985.1	ok	/path/to/magicc/data/benchmarks/set_H_ncbi/references/GCF_009688985.1.fna	3	8413530	8413530	0.0	3	0	9cf833fa180a71dc0d5e6141c3af017d4c43976b321ce2bc1e06b0f7e06abd16	8518998	True	
255	H_pass	pair_0127	RS_GCF_000307105.1	GCF_000307105.1	ok	/path/to/magicc/data/benchmarks/set_H_ncbi/references/GCF_000307105.1.fna	1	5197905	5197905	0.0	1	0	ae4a00e0b451d417b36f90490f3ddca56bbcb092558f39d8e71e5077b64fe8ae	5262940	True	
256	H_fail	pair_0128	RS_GCF_010669305.1	GCF_010669305.1	ok	/path/to/magicc/data/benchmarks/set_H_ncbi/references/GCF_010669305.1.fna	1	3334849	3334849	0.0	1	0	30eea3ee82615ceaaad0c8aa29752797d1740c3a7378553dd13c254cdcefbc6f	3376615	True	
257	H_pass	pair_0128	RS_GCF_004103735.1	GCF_004103735.1	ok	/path/to/magicc/data/benchmarks/set_H_ncbi/references/GCF_004103735.1.fna	1	2750839	2750839	0.0	1	0	3ad3e001ce2badabf51ac8ea7b8830e3daaeb024390b687fbab9ffc83df6978e	2785304	True	
258	H_fail	pair_0129	RS_GCF_011801225.1	GCF_011801225.1	ok	/path/to/magicc/data/benchmarks/set_H_ncbi/references/GCF_011801225.1.fna	2	3245347	3245347	0.0	2	0	abe9bd3b8b52fe9d561eeab6dc460842fb744cb1a155c52c066eef950d333cd7	3286074	True	
259	H_pass	pair_0129	RS_GCF_021952865.1	GCF_021952865.1	ok	/path/to/magicc/data/benchmarks/set_H_ncbi/references/GCF_021952865.1.fna	2	3243492	3243492	0.0	2	0	9c3b2a107c07d619b22d0cd74934f927a0b283eabc4752912adae43a1716d5f0	3284215	True	
260	H_fail	pair_0130	RS_GCF_013001025.1	GCF_013001025.1	ok	/path/to/magicc/data/benchmarks/set_H_ncbi/references/GCF_013001025.1.fna	4	5943960	5943960	0.0	4	0	113bf6d16f42cac661327a50f4a0122d3d34d5aa1e46be0c8a98fdd30bd5b1a0	6018599	True	
261	H_pass	pair_0130	RS_GCF_003697265.1	GCF_003697265.1	ok	/path/to/magicc/data/benchmarks/set_H_ncbi/references/GCF_003697265.1.fna	4	5929589	5929589	0.0	4	0	3dbfb240c225ac0989a6d16616464efeb51dfc8d50faa91acda624af6c549515	6004035	True	
262	H_fail	pair_0131	RS_GCF_013285285.1	GCF_013285285.1	ok	/path/to/magicc/data/benchmarks/set_H_ncbi/references/GCF_013285285.1.fna	4	2570730	2570730	0.0	4	0	8a1539061accc33b253872d007dc2b1d6c950292fe77222ad5b8aa3111a9bb86	2603219	True	
263	H_pass	pair_0131	RS_GCF_013373555.1	GCF_013373555.1	ok	/path/to/magicc/data/benchmarks/set_H_ncbi/references/GCF_013373555.1.fna	1	2479222	2479222	0.0	1	0	88ec35f27219d6fc1e15ee28ceebe6d4b9ad1ea787c8fc4414ab18b2fc6b5cf0	2510292	True	
264	H_fail	pair_0132	RS_GCF_013368775.1	GCF_013368775.1	ok	/path/to/magicc/data/benchmarks/set_H_ncbi/references/GCF_013368775.1.fna	3	4091551	4091551	0.0	3	0	4ad18bd7bc04b1fea65870f510fab28c44eab2087b36295723ec2fb60f16762a	4142914	True	
265	H_pass	pair_0132	RS_GCF_030413615.1	GCF_030413615.1	ok	/path/to/magicc/data/benchmarks/set_H_ncbi/references/GCF_030413615.1.fna	2	4019851	4019851	0.0	2	0	22c31a7519a423a861ebb0806cd4c28484614994850facc107b16e729c4eb60b	4070250	True	
266	H_fail	pair_0133	RS_GCF_013391085.1	GCF_013391085.1	ok	/path/to/magicc/data/benchmarks/set_H_ncbi/references/GCF_013391085.1.fna	1	3211682	3211682	0.0	1	0	36994be783b9c1c3865cb97453918461eaccb7f4eee0549bbc5e7fa0dac88e8c	3251906	True	
267	H_pass	pair_0133	RS_GCF_000023945.1	GCF_000023945.1	ok	/path/to/magicc/data/benchmarks/set_H_ncbi/references/GCF_000023945.1.fna	1	3116795	3116795	0.0	1	0	514040fd0ee3860f507db1b4280075f346427faaf73468e2a392cfcf083c26b8	3155819	True	
268	H_fail	pair_0134	RS_GCF_014679145.1	GCF_014679145.1	ok	/path/to/magicc/data/benchmarks/set_H_ncbi/references/GCF_014679145.1.fna	1	3808577	3808577	0.0	1	0	30ef901f6d4921b8f791abb95f936e1ce667f7659b25c3aa27d862ca94200103	3856272	True	
269	H_pass	pair_0134	GB_GCA_001274575.1	GCA_001274575.1	ok	/path/to/magicc/data/benchmarks/set_H_ncbi/references/GCA_001274575.1.fna	2	3676494	3676494	0.0	2	0	e77e656fef13cffe5987ebf937777db9aa7c6abc53667b51d0cc368ffa953507	3722587	True	
270	H_fail	pair_0135	RS_GCF_015220695.1	GCF_015220695.1	ok	/path/to/magicc/data/benchmarks/set_H_ncbi/references/GCF_015220695.1.fna	2	2853272	2853272	0.0	2	0	18ff40efde60b6d6aec696bc8d89364badfca8b99ab3261aafe3279815c45a00	2889116	True	
271	H_pass	pair_0135	RS_GCF_019669245.1	GCF_019669245.1	ok	/path/to/magicc/data/benchmarks/set_H_ncbi/references/GCF_019669245.1.fna	2	2853441	2853441	0.0	2	0	43ee1335290f8edcceea6cc890777015aafb1338e09d29a6cdb7dc0473314299	2889272	True	
272	H_fail	pair_0136	RS_GCF_015291685.1	GCF_015291685.1	ok	/path/to/magicc/data/benchmarks/set_H_ncbi/references/GCF_015291685.1.fna	2	8436603	8436603	0.0	2	0	8a26539398bc5b97e22cf56d3db679dda6f72981401281c7adc7d46aa1987ffd	8542251	True	
273	H_pass	pair_0136	RS_GCF_009176665.1	GCF_009176665.1	ok	/path/to/magicc/data/benchmarks/set_H_ncbi/references/GCF_009176665.1.fna	1	8442078	8442078	0.0	1	0	38c597013479779693ea95e794d8263204a4f0acae21894814b980395616cf55	8547685	True	
274	H_fail	pair_0137	RS_GCF_015910325.1	GCF_015910325.1	ok	/path/to/magicc/data/benchmarks/set_H_ncbi/references/GCF_015910325.1.fna	7	5652128	5652128	0.0	7	0	5da820ade8f0864feb525af66b8f7c324b38414980d138ec23b3ce3390f219fc	5723398	True	
275	H_pass	pair_0137	RS_GCF_030717405.1	GCF_030717405.1	ok	/path/to/magicc/data/benchmarks/set_H_ncbi/references/GCF_030717405.1.fna	9	5668552	5668552	0.0	9	0	a4dfc2d6298ff8e511dbcf06365edd4379d64b0cc0641375c8341b19dcd41f85	5740283	True	
276	H_fail	pair_0138	RS_GCF_016452265.2	GCF_016452265.2	ok	/path/to/magicc/data/benchmarks/set_H_ncbi/references/GCF_016452265.2.fna	1	970195	970195	0.0	1	0	27bea5fec66f5d0f9e2f8b7530c340dcc000045cc124dad7d9e4715a13891de8	982400	True	
277	H_pass	pair_0138	RS_GCF_003354265.1	GCF_003354265.1	ok	/path/to/magicc/data/benchmarks/set_H_ncbi/references/GCF_003354265.1.fna	1	970516	970516	0.0	1	0	226df71ff60d16df9c70631c1eed97fe0779c76b138ac92e26693f59f19efa27	982723	True	
278	H_fail	pair_0139	RS_GCF_016638705.1	GCF_016638705.1	ok	/path/to/magicc/data/benchmarks/set_H_ncbi/references/GCF_016638705.1.fna	1	5285903	5285903	0.0	1	0	4875f695d2fed5e05ffda1eafcd02f036998761165930ebf624ea50879e30bc5	5352062	True	
279	H_pass	pair_0139	RS_GCF_030123245.1	GCF_030123245.1	ok	/path/to/magicc/data/benchmarks/set_H_ncbi/references/GCF_030123245.1.fna	1	5249694	5249694	0.0	1	0	f68628e434e622af6134fa517f0a559b08691c36b41ff6135447a575bb4a0b9a	5315399	True	
280	H_fail	pair_0140	RS_GCF_016889925.1	GCF_016889925.1	ok	/path/to/magicc/data/benchmarks/set_H_ncbi/references/GCF_016889925.1.fna	2	5248938	5248938	0.0	2	0	ac1c10d2b6aa4bfcbe1dacb57addbc8ac72d5666af33dc100ca4a7c8f0c22448	5314727	True	
281	H_pass	pair_0140	RS_GCF_005706655.1	GCF_005706655.1	ok	/path/to/magicc/data/benchmarks/set_H_ncbi/references/GCF_005706655.1.fna	2	5241693	5241693	0.0	2	0	57bf2d0da124a487ce00366bd0d392e54fa0415699f031b2e60f899b34bc9168	5307384	True	
282	H_fail	pair_0141	RS_GCF_017357825.1	GCF_017357825.1	ok	/path/to/magicc/data/benchmarks/set_H_ncbi/references/GCF_017357825.1.fna	2	2845050	2845050	0.0	2	0	25cdc8481f41def63eaa39d20e4a9d4c231115e54a568523cd2cd330301e11fa	2880777	True	
283	H_pass	pair_0141	RS_GCF_014905115.1	GCF_014905115.1	ok	/path/to/magicc/data/benchmarks/set_H_ncbi/references/GCF_014905115.1.fna	1	2320257	2320257	0.0	1	0	49ac6c742bcec0bfe51a24a534139247341e8bd88e41b7b575ee5ee164c3138a	2349339	True	
284	H_fail	pair_0142	RS_GCF_017607425.1	GCF_017607425.1	ok	/path/to/magicc/data/benchmarks/set_H_ncbi/references/GCF_017607425.1.fna	3	6073182	6073182	0.0	3	0	c0e04304557d646d530c2c3280ca15a6534d940db167c4b59d4797dfdbcb89a8	6149352	True	
285	H_pass	pair_0142	RS_GCF_002355275.1	GCF_002355275.1	ok	/path/to/magicc/data/benchmarks/set_H_ncbi/references/GCF_002355275.1.fna	5	5541299	5541299	0.0	5	0	438af23612ba5e37a080031a782f1dac0272744a856d232dc0a411961cdd982d	5611000	True	
286	H_fail	pair_0143	RS_GCF_017638925.1	GCF_017638925.1	ok	/path/to/magicc/data/benchmarks/set_H_ncbi/references/GCF_017638925.1.fna	5	4563326	4563326	0.0	5	0	2d54119c7f6be78b86f9373cb5b19eba24669bab3c4b36a12eeb94c0df0fc819	4620847	True	
287	H_pass	pair_0143	RS_GCF_003668795.1	GCF_003668795.1	ok	/path/to/magicc/data/benchmarks/set_H_ncbi/references/GCF_003668795.1.fna	3	4557927	4557927	0.0	3	0	1f954f040c2da21e31dc41fdfe8d4ea4aeb989122a5baef4b5d8f197651f97e8	4615185	True	
288	H_fail	pair_0144	RS_GCF_017815695.1	GCF_017815695.1	ok	/path/to/magicc/data/benchmarks/set_H_ncbi/references/GCF_017815695.1.fna	10	3210490	3210490	0.0	10	0	74cee4d24b5caa1fe7e462ebd758e7340bce9945d589afac9b3a8c86bcf3906c	3251476	True	
289	H_pass	pair_0144	RS_GCF_038441155.1	GCF_038441155.1	ok	/path/to/magicc/data/benchmarks/set_H_ncbi/references/GCF_038441155.1.fna	6	3211428	3211428	0.0	6	0	f0bd3ff756a62a5a2123ae421d3b85fdeb6c19dc61f33fd2e483d92c0054a607	3252142	True	
290	H_fail	pair_0145	RS_GCF_018200015.1	GCF_018200015.1	ok	/path/to/magicc/data/benchmarks/set_H_ncbi/references/GCF_018200015.1.fna	7	4537128	4537128	0.0	7	0	82d37e3916f9f09fa79c8f07d1137ebfa16ba7d8b28758fdd931c1a034e9ec81	4594426	True	
291	H_pass	pair_0145	RS_GCF_000223905.1	GCF_000223905.1	ok	/path/to/magicc/data/benchmarks/set_H_ncbi/references/GCF_000223905.1.fna	3	3890005	3890005	0.0	3	0	c2a45b6e372048c7e7343fb62a5be7c4c6521181ddd1a123bdca216160de4b26	3938865	True	
292	H_fail	pair_0146	RS_GCF_018200035.1	GCF_018200035.1	ok	/path/to/magicc/data/benchmarks/set_H_ncbi/references/GCF_018200035.1.fna	5	3860160	3860160	0.0	5	0	45015336e8eb02a788f0a5e5178df294c98d0afcc9e5cb55c1e76fcf0d9c03d2	3908852	True	
293	H_pass	pair_0146	RS_GCF_022788675.1	GCF_022788675.1	ok	/path/to/magicc/data/benchmarks/set_H_ncbi/references/GCF_022788675.1.fna	7	3849963	3849963	0.0	7	0	7080ad918d909a58769e838692de566abc97aa7e17f39e8e5f77fd06c49bd490	3898759	True	
294	H_fail	pair_0147	RS_GCF_018336815.1	GCF_018336815.1	ok	/path/to/magicc/data/benchmarks/set_H_ncbi/references/GCF_018336815.1.fna	1	2711688	2711688	0.0	1	0	a36700664e790e15f4403a547354b6266fb4e1840d3be9aa79e9991c909945c0	2745663	True	
295	H_pass	pair_0147	RS_GCF_024181125.1	GCF_024181125.1	ok	/path/to/magicc/data/benchmarks/set_H_ncbi/references/GCF_024181125.1.fna	1	2717368	2717368	0.0	1	0	bbe49e85b0a35d6203a44223a1954f2da2f7154f5655e3f918a53d0c314e19fe	2751414	True	
296	H_fail	pair_0148	RS_GCF_020215645.1	GCF_020215645.1	ok	/path/to/magicc/data/benchmarks/set_H_ncbi/references/GCF_020215645.1.fna	3	12066052	12066052	0.0	3	0	11f9f0c1b75df958b557f8a4865c2f2e357eeade99fd0b74f3db8bfdded4716c	12217121	True	
297	H_pass	pair_0148	RS_GCF_002057455.1	GCF_002057455.1	ok	/path/to/magicc/data/benchmarks/set_H_ncbi/references/GCF_002057455.1.fna	1	13047416	13047416	0.0	1	0	90fff86c7b39ddf4b33a111e92311404f896d36d358ebfc5e847ef11c8d88d9c	13210610	True	
298	H_fail	pair_0149	RS_GCF_020215665.1	GCF_020215665.1	ok	/path/to/magicc/data/benchmarks/set_H_ncbi/references/GCF_020215665.1.fna	1	6247046	6247046	0.0	1	0	220aab184da63c23132caad6ba166fb0a7730c5df13a8d44117bce11b78dc24e	6325213	True	
299	H_pass	pair_0149	RS_GCF_033096465.1	GCF_033096465.1	ok	/path/to/magicc/data/benchmarks/set_H_ncbi/references/GCF_033096465.1.fna	1	3741599	3741599	0.0	1	0	dcc242ccab599c2e3236ffec414ac294477275aae1b965ecf3a5fb2c368b5264	3788442	True	
300	H_fail	pair_0150	RS_GCF_020524035.2	GCF_020524035.2	ok	/path/to/magicc/data/benchmarks/set_H_ncbi/references/GCF_020524035.2.fna	3	3715404	3715404	0.0	3	0	86368588900586116fdb97890d4ebc22c52e210856fc12b76b64196a2a9a1cbb	3762107	True	
301	H_pass	pair_0150	RS_GCF_021654615.1	GCF_021654615.1	ok	/path/to/magicc/data/benchmarks/set_H_ncbi/references/GCF_021654615.1.fna	1	3715529	3715529	0.0	1	0	7672d40c15a2f5b73e661a2491d2c32c6b2b1c240ca8ac8a10b0c4727bf4815e	3762049	True	
302	H_fail	pair_0151	RS_GCF_020700235.1	GCF_020700235.1	ok	/path/to/magicc/data/benchmarks/set_H_ncbi/references/GCF_020700235.1.fna	7	6270521	6270521	0.0	7	0	402d0d9f46200981759553026e5596c414f0acc39265bf104965d6b8aa4c6088	6349570	True	
303	H_pass	pair_0151	RS_GCF_013415885.1	GCF_013415885.1	ok	/path/to/magicc/data/benchmarks/set_H_ncbi/references/GCF_013415885.1.fna	1	4480147	4480147	0.0	1	0	bd184cd85b256795ef9a3494353d591050e67c468a2e10b984e5b2f94db053f5	4536222	True	
304	H_fail	pair_0152	RS_GCF_020906545.1	GCF_020906545.1	ok	/path/to/magicc/data/benchmarks/set_H_ncbi/references/GCF_020906545.1.fna	2	5562023	5562023	0.0	2	0	a30808fdef661be1168f047fd4f1da32000fe91db187d3f9282a1ac5077a0df5	5631708	True	
305	H_pass	pair_0152	RS_GCF_011068365.1	GCF_011068365.1	ok	/path/to/magicc/data/benchmarks/set_H_ncbi/references/GCF_011068365.1.fna	2	5561850	5561850	0.0	2	0	f3d2fd16048bf05efdf5aca1e8bca581fcfc19d2fdd75ca51edd86d86bb68f6a	5631539	True	
306	H_fail	pair_0153	RS_GCF_021497965.1	GCF_021497965.1	ok	/path/to/magicc/data/benchmarks/set_H_ncbi/references/GCF_021497965.1.fna	1	1707667	1707667	0.0	1	0	7bef137f9bcb79f5a541197a2a06ba03662c777fcf48aa04c861223df75fd4c0	1729089	True	
307	H_pass	pair_0153	RS_GCF_001635935.1	GCF_001635935.1	ok	/path/to/magicc/data/benchmarks/set_H_ncbi/references/GCF_001635935.1.fna	1	1709394	1709394	0.0	1	0	ad7ab19d002be96562fbdaf533408f6d4b7c34875e65188bf3f2c2fad072a883	1730845	True	
308	H_fail	pair_0154	RS_GCF_022870965.1	GCF_022870965.1	ok	/path/to/magicc/data/benchmarks/set_H_ncbi/references/GCF_022870965.1.fna	1	2573625	2573625	0.0	1	0	0c608d2a26722a4590e846254722b247c8f5e81cac76b0543e3dafcb8d0074ef	2605863	True	
309	H_pass	pair_0154	RS_GCF_030758655.1	GCF_030758655.1	ok	/path/to/magicc/data/benchmarks/set_H_ncbi/references/GCF_030758655.1.fna	1	2527983	2527983	0.0	1	0	81c7892c95c5234b78c15c870fd3e8256d047bd4620f3cbf5a9a16ca395cfc1a	2559657	True	
310	H_fail	pair_0155	RS_GCF_022919835.1	GCF_022919835.1	ok	/path/to/magicc/data/benchmarks/set_H_ncbi/references/GCF_022919835.1.fna	1	4887025	4887025	0.0	1	0	e4f8468a2e4261378dc2c9a9f43d3f5d49d11aec0b575aeb6728ba84228e436b	4948202	True	
311	H_pass	pair_0155	RS_GCF_022921115.1	GCF_022921115.1	ok	/path/to/magicc/data/benchmarks/set_H_ncbi/references/GCF_022921115.1.fna	2	4299351	4299351	0.0	2	0	ba78c2c16b5a54fd09b2ef0afee8691a9a09af8d27fbfe73ba197c6371ab115b	4353272	True	
312	H_fail	pair_0156	RS_GCF_023028345.1	GCF_023028345.1	ok	/path/to/magicc/data/benchmarks/set_H_ncbi/references/GCF_023028345.1.fna	4	4754137	4754137	0.0	4	0	8de3f5aac7ab944053a8ef44c4224c12e4e835f379789005f620193d3de8a908	4813898	True	
313	H_pass	pair_0156	GB_GCA_002844335.1	GCA_002844335.1	ok	/path/to/magicc/data/benchmarks/set_H_ncbi/references/GCA_002844335.1.fna	4	3721706	3721706	0.0	4	0	17571920bcab2a5d826791431ad408917c5e3f0fe7fdb94c7f9bdf8043810c08	3768577	True	
314	H_fail	pair_0157	RS_GCF_023376025.1	GCF_023376025.1	ok	/path/to/magicc/data/benchmarks/set_H_ncbi/references/GCF_023376025.1.fna	1	7285716	7285716	0.0	1	0	bf55a93bfc3ef0c3b1221bafd3f6ed63cc10e9225165921b2e7b89f6ad53698f	7376872	True	
315	H_pass	pair_0157	RS_GCF_000739085.1	GCF_000739085.1	ok	/path/to/magicc/data/benchmarks/set_H_ncbi/references/GCF_000739085.1.fna	1	7237391	7237391	0.0	1	0	f75bcde1fcda7781b10d1fa398e4a0c81a0e2b6f14cf0c5725a278b34ddae5e7	7327932	True	
316	H_fail	pair_0158	RS_GCF_023658035.1	GCF_023658035.1	ok	/path/to/magicc/data/benchmarks/set_H_ncbi/references/GCF_023658035.1.fna	5	3087483	3087483	0.0	5	0	a136827f8eea57088bc87f7a3291e4ec690b1d59969d964c6d1dbf39da9481f4	3126483	True	
317	H_pass	pair_0158	RS_GCF_033130085.1	GCF_033130085.1	ok	/path/to/magicc/data/benchmarks/set_H_ncbi/references/GCF_033130085.1.fna	5	3094047	3094047	0.0	5	0	0460d36bebf29c21aa2a135ea34e28308e24807fc64a129e6fb9de5e39cd0a26	3133141	True	
318	H_fail	pair_0159	RS_GCF_023973145.1	GCF_023973145.1	ok	/path/to/magicc/data/benchmarks/set_H_ncbi/references/GCF_023973145.1.fna	1	3836670	3836670	0.0	1	0	976ad8df15a9c79628f22fdfa1a03dd5ac27ff41fd857f5b49c22dbeb4225652	3884705	True	
319	H_pass	pair_0159	RS_GCF_002156705.1	GCF_002156705.1	ok	/path/to/magicc/data/benchmarks/set_H_ncbi/references/GCF_002156705.1.fna	1	3930546	3930546	0.0	1	0	d26551834385625b87b9c52b5ae38eae2ccf6a645a042f0b6693ded033ab2cb6	3979771	True	
320	H_fail	pair_0160	RS_GCF_024227995.1	GCF_024227995.1	ok	/path/to/magicc/data/benchmarks/set_H_ncbi/references/GCF_024227995.1.fna	4	3721977	3721977	0.0	4	0	02fd6318131943fb44d46203a0da31b6e45f84c1fcd83a911e17047cc61b326c	3768879	True	
321	H_pass	pair_0160	RS_GCF_029225785.1	GCF_029225785.1	ok	/path/to/magicc/data/benchmarks/set_H_ncbi/references/GCF_029225785.1.fna	4	3784795	3784795	0.0	4	0	8f1eda8c31ba59d5e4a1361aa9c7d7178b86efd275db88b5dda29fe40bb4ce4d	3832430	True	
322	H_fail	pair_0161	RS_GCF_025558485.1	GCF_025558485.1	ok	/path/to/magicc/data/benchmarks/set_H_ncbi/references/GCF_025558485.1.fna	1	3343978	3343978	0.0	1	0	06820ee79bf3bd29733d2b3a75dd6c6d451f20fe51d7305501872e7e212790b1	3385861	True	
323	H_pass	pair_0161	RS_GCF_002208115.1	GCF_002208115.1	ok	/path/to/magicc/data/benchmarks/set_H_ncbi/references/GCF_002208115.1.fna	1	3769537	3769537	0.0	1	0	d107fd128d22dc29bd2d3779a4af27e84b88ae604cee6d52cf5d465c9d8b3b8a	3816744	True	
324	H_fail	pair_0162	RS_GCF_026062495.1	GCF_026062495.1	ok	/path/to/magicc/data/benchmarks/set_H_ncbi/references/GCF_026062495.1.fna	2	9286873	9286873	0.0	2	0	c55c97635e1976e6e5bdaccbacc7a2935277b7526a6f150812a0bee43acea48a	9403114	True	
325	H_pass	pair_0162	RS_GCF_000010805.1	GCF_000010805.1	ok	/path/to/magicc/data/benchmarks/set_H_ncbi/references/GCF_000010805.1.fna	6	8834939	8834939	0.0	6	0	ef23a644123b7f450b78dc28dde018319c43a5d4bbd487b84190eafef9e58ee7	8945776	True	
326	H_fail	pair_0163	RS_GCF_026639235.1	GCF_026639235.1	ok	/path/to/magicc/data/benchmarks/set_H_ncbi/references/GCF_026639235.1.fna	1	4918844	4918844	0.0	1	0	692e061d47a908947b74654e43015398354c27d249b593af3134ad0668125cc8	4980408	True	
327	H_pass	pair_0163	GB_GCA_028570875.1	GCA_028570875.1	ok	/path/to/magicc/data/benchmarks/set_H_ncbi/references/GCA_028570875.1.fna	1	4682793	4682793	0.0	1	0	91a531d09a7a5be6af48291a3cf6c2c68233026a74466af18d72cf2bb5dab4a6	4741407	True	
328	H_fail	pair_0164	RS_GCF_027285985.1	GCF_027285985.1	ok	/path/to/magicc/data/benchmarks/set_H_ncbi/references/GCF_027285985.1.fna	17	1422053	1422053	0.0	17	0	cfb225f85214bea39ba838c3af91dc838b35eb9a2272ee7b8bedf6ac8a37543e	1441309	True	
329	H_pass	pair_0164	RS_GCF_016117655.1	GCF_016117655.1	ok	/path/to/magicc/data/benchmarks/set_H_ncbi/references/GCF_016117655.1.fna	1	2738066	2738066	0.0	1	0	ef0aef5e2edc5008d623e9c995f4b952d4a5c5517e332a0a2af1342f2605eb50	2772369	True	
330	H_fail	pair_0165	RS_GCF_027286205.1	GCF_027286205.1	ok	/path/to/magicc/data/benchmarks/set_H_ncbi/references/GCF_027286205.1.fna	15	1383961	1383961	0.0	15	0	4866d8cb941213ddd03b56fd638a93aab6ef472f1b148dd167a998eba30c6d7b	1402596	True	
331	H_pass	pair_0165	RS_GCF_025905525.1	GCF_025905525.1	ok	/path/to/magicc/data/benchmarks/set_H_ncbi/references/GCF_025905525.1.fna	1	2778422	2778422	0.0	1	0	14011a5c0d47ff02227530bd87dba652cf7922ab9e8343b5f5f1e7d360238304	2813233	True	
332	H_fail	pair_0166	RS_GCF_027474845.2	GCF_027474845.2	ok	/path/to/magicc/data/benchmarks/set_H_ncbi/references/GCF_027474845.2.fna	1	3864851	3864851	0.0	1	0	f8e7166d64ef82c05f6e3759f37366fb0c20150de3aeba229f8957f6eb2f6a45	3913242	True	
333	H_pass	pair_0166	RS_GCF_963692985.1	GCF_963692985.1	ok	/path/to/magicc/data/benchmarks/set_H_ncbi/references/GCF_963692985.1.fna	1	4490751	4490751	0.0	1	0	4df03336e7b1d27bf728a28158034a780e91c6136e4e2b0b0c8fbffaaa417487	4546970	True	
334	H_fail	pair_0167	RS_GCF_028743755.1	GCF_028743755.1	ok	/path/to/magicc/data/benchmarks/set_H_ncbi/references/GCF_028743755.1.fna	3	5190606	5190606	0.0	3	0	19f50013658314056088cc27097b11dc40ac2a8efaec26744cb4128a9c34f247	5255724	True	
335	H_pass	pair_0167	RS_GCF_030038915.1	GCF_030038915.1	ok	/path/to/magicc/data/benchmarks/set_H_ncbi/references/GCF_030038915.1.fna	7	5190573	5190573	0.0	7	0	3295fd91c49fc880e3b9c8ce8dabe0a13a2c4ed90bb2b38f6b9c9bde84e55840	5256045	True	
336	H_fail	pair_0168	RS_GCF_029909475.1	GCF_029909475.1	ok	/path/to/magicc/data/benchmarks/set_H_ncbi/references/GCF_029909475.1.fna	6	3881790	3881790	0.0	6	0	79c1f394cd29f98f92135f039c432972750679351ee67063b4025184145f3ff2	3930727	True	
337	H_pass	pair_0168	RS_GCF_033189955.1	GCF_033189955.1	ok	/path/to/magicc/data/benchmarks/set_H_ncbi/references/GCF_033189955.1.fna	2	3881966	3881966	0.0	2	0	f43350693e2e23cb7efa409b0cabfc2665cac8445338295c4762caacf4a50bc4	3930673	True	
338	H_fail	pair_0169	RS_GCF_030291635.1	GCF_030291635.1	ok	/path/to/magicc/data/benchmarks/set_H_ncbi/references/GCF_030291635.1.fna	1	6133480	6133480	0.0	1	0	16d150c52c74aa9ffce573558ab0be9983612dffa60219e805a31158a3c1e3a4	6210234	True	
339	H_pass	pair_0169	RS_GCF_037099735.1	GCF_037099735.1	ok	/path/to/magicc/data/benchmarks/set_H_ncbi/references/GCF_037099735.1.fna	2	6130057	6130057	0.0	2	0	a67a367d65177d726de20f650c8774c400f11fc820c4dc5cd53f6089d75671bd	6206852	True	
340	H_fail	pair_0170	RS_GCF_030296715.1	GCF_030296715.1	ok	/path/to/magicc/data/benchmarks/set_H_ncbi/references/GCF_030296715.1.fna	1	2803797	2803797	0.0	1	0	530ff6331f131294dd04ec393616daa66852bec13a9975d5f4fc2b257a132166	2838935	True	
341	H_pass	pair_0170	RS_GCF_001433455.1	GCF_001433455.1	ok	/path/to/magicc/data/benchmarks/set_H_ncbi/references/GCF_001433455.1.fna	1	2388527	2388527	0.0	1	0	3273716b40ade664e7a0f81de7fa390bbbdc650f2b33ce33b7589062e53338b6	2418462	True	
342	H_fail	pair_0171	RS_GCF_030406775.1	GCF_030406775.1	ok	/path/to/magicc/data/benchmarks/set_H_ncbi/references/GCF_030406775.1.fna	1	3056487	3056487	0.0	1	0	99f20c4335bfea84c38b8e57c568d0d86a01ac92acc1d808671080acda96bfad	3094778	True	
343	H_pass	pair_0171	RS_GCF_033304595.1	GCF_033304595.1	ok	/path/to/magicc/data/benchmarks/set_H_ncbi/references/GCF_033304595.1.fna	1	3203634	3203634	0.0	1	0	ffd6c7145763a1b3de3ae2629956f995b4b8462b57cfc1504dbd70b6a019b09e	3243758	True	
344	H_fail	pair_0172	RS_GCF_030518775.1	GCF_030518775.1	ok	/path/to/magicc/data/benchmarks/set_H_ncbi/references/GCF_030518775.1.fna	2	5111417	5111417	0.0	2	0	a73af6bc321778405192d1aba73ea649e8b5172603a128b261d3db6e25677181	5175469	True	
345	H_pass	pair_0172	RS_GCF_021165815.1	GCF_021165815.1	ok	/path/to/magicc/data/benchmarks/set_H_ncbi/references/GCF_021165815.1.fna	4	5061032	5061032	0.0	4	0	e43ae31dc613ae1ea0fc22745142db361d0a5e530b6d5d7b312e1cf45d547ea8	5124631	True	
346	H_fail	pair_0173	RS_GCF_030762805.1	GCF_030762805.1	ok	/path/to/magicc/data/benchmarks/set_H_ncbi/references/GCF_030762805.1.fna	1	2730537	2730537	0.0	1	0	88b7ed770636856089e2fbe99d7e7ee74e07d4b39780ebfe59e7c9233a2accd5	2764757	True	
347	H_pass	pair_0173	RS_GCF_000307165.1	GCF_000307165.1	ok	/path/to/magicc/data/benchmarks/set_H_ncbi/references/GCF_000307165.1.fna	1	2569486	2569486	0.0	1	0	f42287916f8684b894432c0d79776379998d2014124d13a8cffd15c5f11a9ac5	2601670	True	
348	H_fail	pair_0174	RS_GCF_030931015.1	GCF_030931015.1	ok	/path/to/magicc/data/benchmarks/set_H_ncbi/references/GCF_030931015.1.fna	1	4204657	4204657	0.0	1	0	11ef91925f679a2ed1c7ce21095038341e8714c81bd4414da2714aa9b5dd13b6	4257294	True	
349	H_pass	pair_0174	RS_GCF_016772315.1	GCF_016772315.1	ok	/path/to/magicc/data/benchmarks/set_H_ncbi/references/GCF_016772315.1.fna	4	4077558	4077558	0.0	4	0	53e101b0625a37b0adbceb0898400ee7455b49d6aad7236f6accb2575ce9d60c	4128883	True	
350	H_fail	pair_0175	RS_GCF_031202285.1	GCF_031202285.1	ok	/path/to/magicc/data/benchmarks/set_H_ncbi/references/GCF_031202285.1.fna	3	4064271	4064271	0.0	3	0	03841256f0d204a0acb549cb3c44dcf54e78f46d82a6726849338ce9c568f1e2	4115339	True	
351	H_pass	pair_0175	RS_GCF_016767115.1	GCF_016767115.1	ok	/path/to/magicc/data/benchmarks/set_H_ncbi/references/GCF_016767115.1.fna	1	4065486	4065486	0.0	1	0	9ae3a3354737c2d0bd88491e5a9b205af49aec0247bda48383cf2f5eeba75dc6	4116388	True	
352	H_fail	pair_0176	RS_GCF_032084765.1	GCF_032084765.1	ok	/path/to/magicc/data/benchmarks/set_H_ncbi/references/GCF_032084765.1.fna	1	1202113	1202113	0.0	1	0	52a86d33db375cb42854a64df97fe4021aeb08b1ff67480a8368043a39cea4e6	1217231	True	
353	H_pass	pair_0176	RS_GCF_900660505.1	GCF_900660505.1	ok	/path/to/magicc/data/benchmarks/set_H_ncbi/references/GCF_900660505.1.fna	1	1084609	1084609	0.0	1	0	79dc253560e026bc6b83ca855df2f02b3b3aea9124142f2e7300116e5579449f	1098234	True	
354	H_fail	pair_0177	RS_GCF_032878895.1	GCF_032878895.1	ok	/path/to/magicc/data/benchmarks/set_H_ncbi/references/GCF_032878895.1.fna	1	4851713	4851713	0.0	1	0	255f635a7a2b6ecaef9632f8dfbf0ee1263ab1978cde04d0420af6a9fd5351b5	4912448	True	
355	H_pass	pair_0177	RS_GCF_016889065.1	GCF_016889065.1	ok	/path/to/magicc/data/benchmarks/set_H_ncbi/references/GCF_016889065.1.fna	1	4813143	4813143	0.0	1	0	095bf2c4b15a62ead30ddaf7f67ffe2efbdcd059e3d5af42b5216d767cea5269	4873393	True	
356	H_fail	pair_0178	RS_GCF_033100135.1	GCF_033100135.1	ok	/path/to/magicc/data/benchmarks/set_H_ncbi/references/GCF_033100135.1.fna	1	5798774	5798774	0.0	1	0	bd0dfc519310ef985326ae63169d7cd367a1e47c290dcdc74325b743479c066c	5871361	True	
357	H_pass	pair_0178	RS_GCF_019679435.2	GCF_019679435.2	ok	/path/to/magicc/data/benchmarks/set_H_ncbi/references/GCF_019679435.2.fna	1	6109182	6109182	0.0	1	0	10f39e47abd329c63ddcc18186f44ac79c8adb8c549cba1661a748a976f692a1	6185623	True	
358	H_fail	pair_0179	RS_GCF_034130585.1	GCF_034130585.1	ok	/path/to/magicc/data/benchmarks/set_H_ncbi/references/GCF_034130585.1.fna	3	5543770	5543770	0.0	3	0	ceda4e44b3097e703c4cc48aaed628b0aa2ea5b0129fbbdb649fb6ad03cc760a	5613333	True	
359	H_pass	pair_0179	GB_GCA_003071285.1	GCA_003071285.1	ok	/path/to/magicc/data/benchmarks/set_H_ncbi/references/GCA_003071285.1.fna	2	5537473	5537473	0.0	2	0	ca9c0e49ee42f389b5435159985dee4443e87c3097a5be5c326c3f4468be9a53	5606851	True	
360	H_fail	pair_0180	RS_GCF_035918295.1	GCF_035918295.1	ok	/path/to/magicc/data/benchmarks/set_H_ncbi/references/GCF_035918295.1.fna	1	10405981	10405981	0.0	1	0	d35c9ed01d36aa61305548948412e935d610faebd2b13799a52bf580f1c67510	10536145	True	
361	H_pass	pair_0180	RS_GCF_000282715.1	GCF_000282715.1	ok	/path/to/magicc/data/benchmarks/set_H_ncbi/references/GCF_000282715.1.fna	1	10246920	10246920	0.0	1	0	2ad5fa3069954d1900362b3e416f48f1ce213079bbee9b3587a14fdd94a844fd	10375071	True	
362	H_fail	pair_0181	RS_GCF_035991205.1	GCF_035991205.1	ok	/path/to/magicc/data/benchmarks/set_H_ncbi/references/GCF_035991205.1.fna	4	9766476	9766476	0.0	4	0	8fb31f312d4d0023e54e14f102d851b7c31856c554dc131d54418a00383f44af	9888927	True	
363	H_pass	pair_0181	RS_GCF_036035005.1	GCF_036035005.1	ok	/path/to/magicc/data/benchmarks/set_H_ncbi/references/GCF_036035005.1.fna	2	9485507	9485507	0.0	2	0	cc5e602440eaedd917673fac3de98ad488290a93820180b8663eca2d51cd42d2	9604257	True	
364	H_fail	pair_0182	RS_GCF_036248315.1	GCF_036248315.1	ok	/path/to/magicc/data/benchmarks/set_H_ncbi/references/GCF_036248315.1.fna	1	12275813	12275813	0.0	1	0	2e440ab53f5d946a8c0573d58f50ceeed9879db61c26ea49cccabfd163d35d20	12429344	True	
365	H_pass	pair_0182	RS_GCF_035918055.1	GCF_035918055.1	ok	/path/to/magicc/data/benchmarks/set_H_ncbi/references/GCF_035918055.1.fna	1	12190075	12190075	0.0	1	0	e26e4c9da00b350fbfb1d59c9df6738f02652633044ebeef8d0cddf430733f4c	12342541	True	
366	H_fail	pair_0183	RS_GCF_038095645.1	GCF_038095645.1	ok	/path/to/magicc/data/benchmarks/set_H_ncbi/references/GCF_038095645.1.fna	1	1034985	1034985	0.0	1	0	7d3d9c30dcc9ea165e62bc9f49ecf9ad7122e5a7065aee1a534b7bbdf60906b3	1048013	True	
367	H_pass	pair_0183	RS_GCF_000941075.1	GCF_000941075.1	ok	/path/to/magicc/data/benchmarks/set_H_ncbi/references/GCF_000941075.1.fna	1	1084449	1084449	0.0	1	0	fb7920b2264722f9a7bedf3b1f2e94f02a7c4e894b580b2878710a208f5b4185	1098088	True	
368	H_fail	pair_0184	RS_GCF_038095715.1	GCF_038095715.1	ok	/path/to/magicc/data/benchmarks/set_H_ncbi/references/GCF_038095715.1.fna	1	1062183	1062183	0.0	1	0	e20bb21ab506b62b5b6c92c571aec847c08441b106a9ddcf5ed0eef8bb959cf9	1075550	True	
369	H_pass	pair_0184	RS_GCF_029854295.1	GCF_029854295.1	ok	/path/to/magicc/data/benchmarks/set_H_ncbi/references/GCF_029854295.1.fna	1	973223	973223	0.0	1	0	63b1c6938e0bb20861f679c630fc5489e685806296971568e2a43588bbb4aeeb	985474	True	
370	H_fail	pair_0185	RS_GCF_038095875.1	GCF_038095875.1	ok	/path/to/magicc/data/benchmarks/set_H_ncbi/references/GCF_038095875.1.fna	1	1021753	1021753	0.0	1	0	aa1a240e69923a33e053fa340f11dfbd499cde087f9057aa4df12828041789ce	1034614	True	
371	H_pass	pair_0185	RS_GCF_900660565.1	GCF_900660565.1	ok	/path/to/magicc/data/benchmarks/set_H_ncbi/references/GCF_900660565.1.fna	5	960532	960532	0.0	5	0	ce1105649e0538dfc4d4fdbd33bf22a10154368185eeacd673492947bc259f91	972900	True	
372	H_fail	pair_0186	RS_GCF_038095885.1	GCF_038095885.1	ok	/path/to/magicc/data/benchmarks/set_H_ncbi/references/GCF_038095885.1.fna	1	1070976	1070976	0.0	1	0	3cb45c314f6fa3933af798911d0a092c283c40f75bc1c18c872c312c01fe4c5c	1084453	True	
373	H_pass	pair_0186	RS_GCF_004768725.1	GCF_004768725.1	ok	/path/to/magicc/data/benchmarks/set_H_ncbi/references/GCF_004768725.1.fna	1	956514	956514	0.0	1	0	ee3956accfe1726977ac7a7e424f24133be99ded01bebbd4ec015d75a9ef85cd	968555	True	
374	H_fail	pair_0187	RS_GCF_038096035.1	GCF_038096035.1	ok	/path/to/magicc/data/benchmarks/set_H_ncbi/references/GCF_038096035.1.fna	1	1033128	1033128	0.0	1	0	701dfb669336dc7ac01382f400e94bfa0e88108f46d63fbdc0431d2ac38d3ea9	1046131	True	
375	H_pass	pair_0187	RS_GCF_000183185.1	GCF_000183185.1	ok	/path/to/magicc/data/benchmarks/set_H_ncbi/references/GCF_000183185.1.fna	1	925576	925576	0.0	1	0	2dee581935d49d1ea7d2c3c3feaa10c194bbbf3bf83928efe7018e3c31ad4dc9	937211	True	
376	H_fail	pair_0188	RS_GCF_039727125.1	GCF_039727125.1	ok	/path/to/magicc/data/benchmarks/set_H_ncbi/references/GCF_039727125.1.fna	1	3718569	3718569	0.0	1	0	678e3fb8bfe6e284c9404468f8185f1b84db86d58339932645d070fd70ac0d07	3765138	True	
377	H_pass	pair_0188	RS_GCF_007855275.1	GCF_007855275.1	ok	/path/to/magicc/data/benchmarks/set_H_ncbi/references/GCF_007855275.1.fna	1	3770186	3770186	0.0	1	0	b809f436265ef4285af4036c419d15e73d92621d06448988769313003d7f066b	3817400	True	
378	H_fail	pair_0189	RS_GCF_040790775.1	GCF_040790775.1	ok	/path/to/magicc/data/benchmarks/set_H_ncbi/references/GCF_040790775.1.fna	17	1417953	1417953	0.0	17	0	d2ac322af3b5d693ad85bea8122ba78a43091597603e4b49628eb2d04e7ae216	1437126	True	
379	H_pass	pair_0189	RS_GCF_036250655.1	GCF_036250655.1	ok	/path/to/magicc/data/benchmarks/set_H_ncbi/references/GCF_036250655.1.fna	4	3459320	3459320	0.0	4	0	4bc253d839bd3d7da77a6399bf621aade925938dc7a3896e9afb8ddbf6acdb89	3502917	True	
380	H_fail	pair_0190	RS_GCF_040939785.1	GCF_040939785.1	ok	/path/to/magicc/data/benchmarks/set_H_ncbi/references/GCF_040939785.1.fna	1	7826318	7826318	0.0	1	0	27670ae40d1ffd03f71086fbafbc335463fa937198d7eed7501a2b9cae101445	7924225	True	
381	H_pass	pair_0190	RS_GCF_025200905.1	GCF_025200905.1	ok	/path/to/magicc/data/benchmarks/set_H_ncbi/references/GCF_025200905.1.fna	1	7840305	7840305	0.0	1	0	32d87f265f6624bbe167795e11fa2cec992faf568cd1a18e5bcb467bdc8f6b8b	7938394	True	
382	H_fail	pair_0191	RS_GCF_041428895.1	GCF_041428895.1	ok	/path/to/magicc/data/benchmarks/set_H_ncbi/references/GCF_041428895.1.fna	2	6511628	6511628	0.0	2	0	41c428ccb8e53090141427574591a8a72bb26792ff2d4863cc26ecf4c8a160cb	6593194	True	
383	H_pass	pair_0191	RS_GCF_041428605.1	GCF_041428605.1	ok	/path/to/magicc/data/benchmarks/set_H_ncbi/references/GCF_041428605.1.fna	1	4787310	4787310	0.0	1	0	a970099416d6c83a759e01ed90fb5f3909a89c31e79d270120d3c67ea019bc18	4847233	True	
384	H_fail	pair_0192	RS_GCF_900324205.1	GCF_900324205.1	ok	/path/to/magicc/data/benchmarks/set_H_ncbi/references/GCF_900324205.1.fna	2	2895866	2895866	0.0	2	0	858f85b0a18c8b5b1235f17751871c6202c33dd01ebff8b0a9b55193c1a4154b	2932193	True	
385	H_pass	pair_0192	RS_GCF_030534135.1	GCF_030534135.1	ok	/path/to/magicc/data/benchmarks/set_H_ncbi/references/GCF_030534135.1.fna	1	2895398	2895398	0.0	1	0	9ef48f983b994eba443dad29732bd2eccc64666e50d27506ce51a9913da617c9	2931671	True	
386	H_fail	pair_0193	RS_GCF_900636535.1	GCF_900636535.1	ok	/path/to/magicc/data/benchmarks/set_H_ncbi/references/GCF_900636535.1.fna	1	5606922	5606922	0.0	1	0	4b93170b2da4e525e74c01e76f56fda6a7c6bb7d8e571a506ffbedaaa0c040ad	5677096	True	
387	H_pass	pair_0193	RS_GCF_003815755.1	GCF_003815755.1	ok	/path/to/magicc/data/benchmarks/set_H_ncbi/references/GCF_003815755.1.fna	1	5618200	5618200	0.0	1	0	27d0f7ee49ded1289df33dd2456f3652734efb682a856deda93d68cfa935e032	5688508	True	
388	H_fail	pair_0194	RS_GCF_900637925.1	GCF_900637925.1	ok	/path/to/magicc/data/benchmarks/set_H_ncbi/references/GCF_900637925.1.fna	1	3180547	3180547	0.0	1	0	dba2eda458d28b473df3ff8b08da322eb2e7df7ee2d81380bca866e84e83d74f	3220400	True	
389	H_pass	pair_0194	RS_GCF_005890135.1	GCF_005890135.1	ok	/path/to/magicc/data/benchmarks/set_H_ncbi/references/GCF_005890135.1.fna	1	2999408	2999408	0.0	1	0	ba7a0257320ad5dc6fb79a1d041f1e8761ed4ce2f11c2308ba9dd8931abe51a0	3036993	True	
390	H_fail	pair_0195	RS_GCF_900639395.1	GCF_900639395.1	ok	/path/to/magicc/data/benchmarks/set_H_ncbi/references/GCF_900639395.1.fna	9	3292745	3292745	0.0	9	0	f65f75e0c780533ad27c0dbb8f335d7c8edb7732e201ccc21e12a53138299899	3334451	True	
391	H_pass	pair_0195	RS_GCF_020736625.1	GCF_020736625.1	ok	/path/to/magicc/data/benchmarks/set_H_ncbi/references/GCF_020736625.1.fna	12	3296578	3296578	0.0	12	0	667d60cb86f5983f8336c2db1144c75aeba63e8b2c446cc0d5479611e112be70	3338786	True	
392	H_fail	pair_0196	RS_GCF_943169635.2	GCF_943169635.2	ok	/path/to/magicc/data/benchmarks/set_H_ncbi/references/GCF_943169635.2.fna	1	1630063	1630063	0.0	1	0	fc6b74a23774b4ace8104799ffd970f5a7b62ff5fb8461d9896a745a063626e7	1650531	True	
393	H_pass	pair_0196	RS_GCF_023347705.1	GCF_023347705.1	ok	/path/to/magicc/data/benchmarks/set_H_ncbi/references/GCF_023347705.1.fna	1	1609887	1609887	0.0	1	0	72f6e646e440091c31275ac06562889ea53ce598285cb5cf59cb9f1951079a03	1630093	True	
394	H_fail	pair_0197	RS_GCF_963668235.1	GCF_963668235.1	ok	/path/to/magicc/data/benchmarks/set_H_ncbi/references/GCF_963668235.1.fna	1	4233341	4233341	0.0	1	0	d58790dfc4104d8b9863bc2609bd0477d36d9a48b01aa85c4b304985aa86620d	4286381	True	
395	H_pass	pair_0197	RS_GCF_006874765.1	GCF_006874765.1	ok	/path/to/magicc/data/benchmarks/set_H_ncbi/references/GCF_006874765.1.fna	3	4381393	4381393	0.0	3	0	51408a4a2cedc8dd8471238e3d92d9c145ab0eb80eb2de0df72b7a3f8431eff6	4436397	True	
396	H_fail	pair_0198	RS_GCF_963854595.1	GCF_963854595.1	ok	/path/to/magicc/data/benchmarks/set_H_ncbi/references/GCF_963854595.1.fna	6	5820489	5820489	0.0	6	0	5d489e4939394f034caeedf33eddf52b424c2f6438144b5881ab5062bd63517e	5893961	True	
397	H_pass	pair_0198	RS_GCF_041221345.1	GCF_041221345.1	ok	/path/to/magicc/data/benchmarks/set_H_ncbi/references/GCF_041221345.1.fna	5	5821206	5821206	0.0	5	0	de0ac8585bc097ec5520ce3ed4b2694a8de025843a81fa8ab4d814964320885b	5894513	True	
398	H_fail	pair_0199	RS_GCF_964065165.1	GCF_964065165.1	ok	/path/to/magicc/data/benchmarks/set_H_ncbi/references/GCF_964065165.1.fna	5	2878940	2878940	0.0	5	0	b2f3cb796f966dc3b57f887c77166ef660aee08449742a673a135b30d7b31860	2915462	True	
399	H_pass	pair_0199	GB_GCA_002117375.1	GCA_002117375.1	ok	/path/to/magicc/data/benchmarks/set_H_ncbi/references/GCA_002117375.1.fna	7	2882014	2882014	0.0	7	0	c4df66460ea744690f98e976deeaaf142165183f7ee393671d592969415016dc	2918650	True	
