tool	margin	level	n	n_clusters	detection_slope	detection_slope_ci_lo	detection_slope_ci_hi	cont_mae	cont_mae_ci_lo	cont_mae_ci_hi	cont_bias	cont_bias_ci_lo	cont_bias_ci_hi	comp_mae	comp_mae_ci_lo	comp_mae_ci_hi	comp_bias	comp_bias_ci_lo	comp_bias_ci_hi	cont_r2	comp_r2	true_cont_mean	true_comp_mean	mimag_n	mimag_n_true_HQ	mimag_n_pred_HQ	mimag_HQ_tp	mimag_HQ_fp	mimag_HQ_fn	mimag_HQ_tn	mimag_HQ_precision	mimag_HQ_recall	mimag_false_clean_rate_5pct	mimag_false_dirty_rate_5pct
magicc_v5	type	redundant	600	100	0.6236	0.5109	0.7504	5.4013	4.6878	6.1336	-4.4415	-5.1931	-3.6683	5.7517	4.9102	6.6382	4.606	3.6662	5.628	-0.3947	0.0725	9.35	85.135	600.0	42.0	233.0	39.0	194.0	3.0	364.0	0.1674	0.9286	0.5729	0.0239
magicc_v5	type	replaced	600	100	0.5511	0.4884	0.61	5.4185	4.6741	6.1594	-4.6254	-5.2928	-3.9445	5.7999	5.105	6.5445	4.5252	3.7762	5.332	-0.4509	0.1169	9.35	78.107	600.0	43.0	114.0	43.0	71.0	0.0	486.0	0.3772	1.0	0.5711	0.0146
magicc_v5	type	single	600	100	0.5413	0.4517	0.6322	5.2496	4.514	5.965	-4.8639	-5.5923	-4.0864	4.0992	3.4439	4.8251	3.0264	2.2809	3.8121	-0.3012	0.4928	9.046	85.135	600.0	44.0	189.0	42.0	147.0	2.0	409.0	0.2222	0.9545	0.6088	0.0093
magicc_v5	distance	species	300	100	0.0935	0.0085	0.2181	8.0094	6.8756	9.1136	-7.7579	-8.9081	-6.6174	7.5758	6.5025	8.6285	7.1637	6.0793	8.2881	-1.5827	-0.1585	8.743	82.689	300.0	23.0	126.0	22.0	104.0	1.0	173.0	0.1746	0.9565	0.9683	0.009
magicc_v5	distance	genus	300	100	0.2066	0.0769	0.3479	7.9843	6.9081	9.0158	-7.7329	-8.7839	-6.6483	7.4638	6.3732	8.5047	7.0786	5.9577	8.1572	-1.4089	-0.096	9.35	82.759	300.0	21.0	128.0	21.0	107.0	0.0	172.0	0.1641	1.0	0.9086	0.0
magicc_v5	distance	family	300	100	0.426	0.2763	0.5713	6.3094	5.3666	7.331	-5.9771	-7.0403	-4.9888	5.9816	5.0515	7.0176	5.4118	4.3627	6.5416	-0.6316	0.1951	9.35	82.83	300.0	21.0	106.0	21.0	85.0	0.0	194.0	0.1981	1.0	0.6872	0.0095
magicc_v5	distance	order	300	100	0.7349	0.5882	0.8865	4.2388	3.4556	5.0583	-3.6005	-4.527	-2.7142	4.1113	3.3419	4.9165	2.7691	1.7983	3.7611	0.1076	0.5541	9.35	82.9	300.0	22.0	73.0	22.0	51.0	0.0	227.0	0.3014	1.0	0.4467	0.0097
magicc_v5	distance	class	300	100	0.8828	0.7651	0.9847	2.9186	2.3777	3.5738	-1.8942	-2.6563	-1.2362	3.237	2.6491	3.9268	1.3658	0.5647	2.1817	0.5082	0.7047	9.35	82.796	300.0	21.0	55.0	19.0	36.0	2.0	243.0	0.3455	0.9048	0.2908	0.0288
magicc_v5	distance	phylum	300	100	1.0293	0.9229	1.12	2.6783	2.2576	3.15	-0.8989	-1.552	-0.2895	2.9322	2.4216	3.5268	0.5262	-0.23	1.3083	0.6689	0.7672	9.35	82.778	300.0	21.0	48.0	19.0	29.0	2.0	250.0	0.3958	0.9048	0.2183	0.0388
magicc_v5	true_contamination_band	[0,5]%	540	30	0.2082	-0.3105	0.6338	1.2818	1.0178	1.5668	-0.9346	-1.2804	-0.4953	2.7947	1.9467	3.8824	2.2724	1.2453	3.4652	-2.6747	0.7381	1.993	84.227	540.0	79.0	148.0	74.0	74.0	5.0	387.0	0.5	0.9367	0.0	0.013
magicc_v5	true_contamination_band	[5,10]%	360	20	0.567	0.2534	0.8819	4.2999	3.8105	4.7627	-3.9118	-4.3573	-3.4155	3.8725	2.5385	5.3795	2.9516	1.4563	4.6813	-12.6814	0.438	6.215	84.966	360.0	48.0	123.0	48.0	75.0	0.0	237.0	0.3902	1.0	0.8165	0.0366
magicc_v5	true_contamination_band	[10,15]%	360	20	0.6588	0.1095	1.2158	6.859	6.042	7.7308	-6.0177	-7.0587	-4.9655	5.8601	4.8297	7.0136	4.4695	3.1192	5.9548	-23.1551	0.113	11.121	81.845	360.0	1.0	108.0	1.0	107.0	0.0	252.0	0.0093	1.0	0.6067	0.0
magicc_v5	true_contamination_band	[15,20]%	540	30	1.0162	0.7154	1.3185	9.1338	8.3735	9.9519	-7.9244	-8.9143	-6.9964	8.1066	7.3247	8.9906	6.2887	4.9849	7.5307	-18.5034	0.0847	17.278	80.539	540.0	1.0	157.0	1.0	156.0	0.0	383.0	0.0064	1.0	0.4488	0.0
magicc_v5	type_x_band	redundant|[0,5]%	180	30	0.2032	-0.3699	0.6646	1.2993	1.0321	1.6029	-0.917	-1.3011	-0.4614	3.0063	1.9709	4.2774	2.5444	1.3773	3.9785	-2.8738	0.6336	2.0	84.882											
magicc_v5	type_x_band	redundant|[5,10]%	120	20	0.4888	0.0205	0.9804	4.2417	3.6525	4.8317	-3.8531	-4.4678	-3.1987	4.3968	2.4504	6.4694	3.6093	1.5502	5.8463	-13.6153	0.22	6.25	87.142											
magicc_v5	type_x_band	redundant|[10,20]%	300	50	0.9546	0.6065	1.3409	8.3265	7.6493	8.9979	-6.7916	-7.7939	-5.6712	7.941	6.9331	8.9988	6.2417	4.8	7.7369	-7.2615	-0.1974	15.0	84.483											
magicc_v5	type_x_band	replaced|[0,5]%	180	30	0.2243	-0.2104	0.5704	1.2574	1.0099	1.507	-0.9298	-1.2648	-0.5406	2.6603	1.9286	3.574	2.1383	1.2397	3.1469	-2.4543	0.8285	2.0	82.917											
magicc_v5	type_x_band	replaced|[5,10]%	120	20	0.7216	0.3217	1.0668	4.4204	3.8867	4.9476	-3.7824	-4.2758	-3.2921	4.5181	3.4279	5.8952	3.4613	2.0945	5.0971	-14.4541	0.0706	6.25	80.613											
magicc_v5	type_x_band	replaced|[10,20]%	300	50	0.6466	0.4524	0.8178	8.3143	7.5864	9.0386	-7.18	-7.923	-6.4604	8.1963	7.3758	9.0218	6.3829	5.2758	7.3966	-7.5997	-1.1348	15.0	74.219											
magicc_v5	type_x_band	single|[0,5]%	180	30	0.1961	-0.3376	0.6698	1.2887	1.016	1.5917	-0.957	-1.3395	-0.5142	2.7177	1.759	3.879	2.1345	1.0024	3.4334	-2.6974	0.6929	1.981	84.882											
magicc_v5	type_x_band	single|[5,10]%	120	20	0.4914	0.2258	0.7751	4.2378	3.7638	4.6753	-4.1001	-4.5404	-3.6099	2.7026	1.4868	4.3124	1.7844	0.3988	3.6076	-10.4934	0.6192	6.144	87.142											
magicc_v5	type_x_band	single|[10,20]%	300	50	0.7335	0.5321	0.9061	8.0308	7.2351	8.8723	-7.5136	-8.4127	-6.6293	5.4868	4.535	6.4921	4.0583	2.9176	5.2074	-4.5734	0.3728	14.447	84.483											
magicc_v5	pooled	ALL_contaminated	1800	100	0.5729	0.4872	0.6517	5.3565	4.6886	6.0486	-4.6436	-5.3346	-3.9995	5.2169	4.559	5.8725	4.0525	3.3621	4.7791	-0.3819	0.3273	9.249	82.792	1800.0	129.0	536.0	124.0	412.0	5.0	1259.0	0.2313	0.9612	0.5841	0.0159
magicc_v5	pooled	NON_REDUNDANT(replaced+single)	1200	100	0.5469	0.4737	0.617	5.334	4.6251	6.0387	-4.7447	-5.4316	-4.057	4.9495	4.3129	5.6179	3.7758	3.0964	4.4931	-0.3758	0.4047	9.198	81.621	1200.0	87.0	303.0	85.0	218.0	2.0	895.0	0.2805	0.977	0.5897	0.0119
magicc_v5	pooled	UNCONTAMINATED_CONTROL	100	100				0.4423	0.3432	0.5661	0.4423	0.3432	0.5661	1.6341	1.2176	2.1479	0.054	-0.5028	0.6325		0.8943	0.0	85.135	100.0	19.0	23.0	18.0	5.0	1.0	76.0	0.7826	0.9474	0.0	0.0
checkm2	type	redundant	600	100	1.1318	1.0136	1.2605	4.5355	3.9941	5.1282	3.3646	2.6896	4.0881	3.754	3.0824	4.49	2.9148	2.0981	3.7808	-0.0937	0.5697	9.35	85.135	600.0	42.0	37.0	23.0	14.0	19.0	544.0	0.6216	0.5476	0.0281	0.3014
checkm2	type	replaced	600	100	0.0415	0.0078	0.0834	8.4248	7.2041	9.6284	-8.2905	-9.5098	-7.0643	9.0389	7.9495	10.2022	8.5959	7.4574	9.7796	-1.6722	-0.64	9.35	78.107	600.0	43.0	171.0	42.0	129.0	1.0	428.0	0.2456	0.9767	0.9746	0.0
checkm2	type	single	600	100	0.0835	0.0462	0.1221	7.7032	6.5742	8.7667	-7.5896	-8.6796	-6.423	2.6805	2.2104	3.2261	1.161	0.461	1.8274	-1.3309	0.797	9.046	85.135	600.0	44.0	156.0	44.0	112.0	0.0	444.0	0.2821	1.0	0.9275	0.0
checkm2	distance	species	300	100	0.3719	0.3246	0.4195	5.8459	5.0518	6.6208	-5.0604	-5.8619	-4.263	4.8085	4.2135	5.4008	3.8132	3.1081	4.5083	-0.6699	0.4064	8.743	82.689	300.0	23.0	61.0	20.0	41.0	3.0	236.0	0.3279	0.8696	0.6667	0.0541
checkm2	distance	genus	300	100	0.3552	0.3008	0.4193	6.466	5.6097	7.3828	-5.1293	-6.0402	-4.2943	5.0145	4.4313	5.6399	4.1166	3.4311	4.8881	-0.8853	0.3813	9.35	82.759	300.0	21.0	66.0	19.0	47.0	2.0	232.0	0.2879	0.9048	0.6447	0.0583
checkm2	distance	family	300	100	0.4408	0.3763	0.5059	6.7934	5.9467	7.7172	-4.3153	-5.1392	-3.5631	5.2115	4.5306	5.9398	4.4078	3.6309	5.272	-0.9159	0.3145	9.35	82.83	300.0	21.0	61.0	17.0	44.0	4.0	235.0	0.2787	0.8095	0.6462	0.1143
checkm2	distance	order	300	100	0.4602	0.3877	0.5365	7.1921	6.2687	8.1715	-3.8177	-4.5885	-3.1179	5.2197	4.5664	5.9499	4.3938	3.6311	5.2322	-1.0654	0.3349	9.35	82.9	300.0	22.0	64.0	18.0	46.0	4.0	232.0	0.2812	0.8182	0.6345	0.1165
checkm2	distance	class	300	100	0.3884	0.3027	0.473	7.3221	6.4021	8.2873	-4.0321	-4.9014	-3.181	5.0915	4.4443	5.7764	4.0067	3.2086	4.8257	-1.1078	0.3625	9.35	82.796	300.0	21.0	59.0	18.0	41.0	3.0	238.0	0.3051	0.8571	0.6684	0.1346
checkm2	distance	phylum	300	100	0.5392	0.4246	0.67	7.7076	6.6423	8.7442	-2.6763	-3.6441	-1.6868	5.6011	4.7581	6.4947	4.6051	3.6555	5.6343	-1.5395	0.246	9.35	82.778	300.0	21.0	53.0	17.0	36.0	4.0	243.0	0.3208	0.8095	0.599	0.1262
checkm2	true_contamination_band	[0,5]%	540	30	0.1328	-0.2574	0.4593	1.6897	1.4239	1.9603	-0.3608	-0.7265	0.0156	2.7652	2.1267	3.4798	1.452	0.6113	2.2801	-5.1009	0.7801	1.993	84.227	540.0	79.0	119.0	76.0	43.0	3.0	418.0	0.6387	0.962	0.0	0.0685
checkm2	true_contamination_band	[5,10]%	360	20	0.438	0.1129	0.7657	4.7614	4.2306	5.2782	-1.8304	-2.3943	-1.2728	3.6757	2.7528	4.7967	3.1122	1.9915	4.3697	-16.0403	0.5581	6.215	84.966	360.0	48.0	66.0	31.0	35.0	17.0	277.0	0.4697	0.6458	0.6547	0.3171
checkm2	true_contamination_band	[10,15]%	360	20	0.781	0.4708	1.1457	8.3171	7.733	8.952	-4.9923	-5.6004	-4.4053	5.5832	4.7326	6.425	5.0558	4.0497	6.0726	-33.0754	0.1547	11.121	81.845	360.0	1.0	49.0	1.0	48.0	0.0	311.0	0.0204	1.0	0.6461	0.0
checkm2	true_contamination_band	[15,20]%	540	30	0.4354	0.188	0.738	12.5508	11.9472	13.1374	-8.9968	-9.9693	-8.0407	8.2549	7.21	9.418	7.1822	5.8147	8.685	-28.469	0.0395	17.278	80.539	540.0	1.0	130.0	1.0	129.0	0.0	410.0	0.0077	1.0	0.635	0.0
checkm2	type_x_band	redundant|[0,5]%	180	30	1.1073	0.578	1.5742	1.8213	1.5359	2.1366	1.5215	1.1538	1.8916	2.3229	1.7262	2.9868	0.7238	-0.3668	1.7434	-6.3862	0.8355	2.0	84.882											
checkm2	type_x_band	redundant|[5,10]%	120	20	1.2376	0.7516	1.7334	4.4889	3.9171	5.0909	4.2387	3.639	4.8919	2.7674	1.4156	4.4244	2.1938	0.7621	3.9619	-18.5553	0.6489	6.25	87.142											
checkm2	type_x_band	redundant|[10,20]%	300	50	0.9407	0.5711	1.2834	6.1826	5.4351	7.0298	4.1208	2.8553	5.3545	5.0073	3.9744	6.2224	4.5178	3.3779	5.8263	-4.9345	0.4395	15.0	84.483											
checkm2	type_x_band	replaced|[0,5]%	180	30	-0.4298	-0.7406	-0.1824	1.6274	1.2709	1.9808	-1.3191	-1.774	-0.8511	3.7684	2.7161	4.939	3.2839	2.0667	4.6006	-4.5515	0.6947	2.0	82.917											
checkm2	type_x_band	replaced|[5,10]%	120	20	-0.1093	-0.4037	0.1306	5.278	4.5498	5.9472	-5.278	-5.9472	-4.5498	6.0647	5.0122	7.1632	5.8132	4.6263	7.0131	-18.6488	-0.2448	6.25	80.613											
checkm2	type_x_band	replaced|[10,20]%	300	50	0.0298	-0.059	0.1433	13.762	12.8071	14.7644	-13.6784	-14.668	-12.6861	13.391	12.1307	14.5491	12.8961	11.6072	14.1636	-15.3047	-3.1212	15.0	74.219											
checkm2	type_x_band	single|[0,5]%	180	30	-0.3106	-0.6814	0.0074	1.6203	1.3079	1.9302	-1.2849	-1.7429	-0.787	2.2043	1.5821	2.9178	0.3484	-0.6555	1.3592	-4.359	0.8443	1.981	84.882											
checkm2	type_x_band	single|[5,10]%	120	20	0.0802	-0.395	0.5376	4.5173	3.7333	5.2407	-4.4521	-5.2169	-3.5886	2.1951	1.0211	3.6331	1.3295	-0.069	2.9785	-11.8637	0.7635	6.144	87.142											
checkm2	type_x_band	single|[10,20]%	300	50	0.1108	0.0486	0.1858	12.6274	11.7515	13.5326	-12.6274	-13.5326	-11.7515	3.1604	2.4767	3.9583	1.5811	0.5977	2.5802	-9.3564	0.7836	14.447	84.483											
checkm2	pooled	ALL_contaminated	1800	100	0.4292	0.3703	0.4924	6.8878	6.0249	7.7867	-4.1718	-4.9556	-3.4343	5.1578	4.5341	5.8276	4.2239	3.5084	5.0116	-1.0299	0.3412	9.249	82.792	1800.0	129.0	364.0	109.0	255.0	20.0	1416.0	0.2995	0.845	0.643	0.1002
checkm2	pooled	NON_REDUNDANT(replaced+single)	1200	100	0.0616	0.0272	0.1012	8.064	6.9359	9.1834	-7.94	-9.0909	-6.7932	5.8597	5.1807	6.5695	4.8784	4.1429	5.6734	-1.5012	0.2117	9.198	81.621	1200.0	87.0	327.0	86.0	241.0	1.0	872.0	0.263	0.9885	0.9513	0.0
checkm2	pooled	UNCONTAMINATED_CONTROL	100	100				0.6812	0.5046	0.8761	0.6812	0.5046	0.8761	2.1518	1.7053	2.6066	0.0677	-0.543	0.683		0.8653	0.0	85.135	100.0	19.0	24.0	19.0	5.0	0.0	76.0	0.7917	1.0	0.0	0.01
cocopye	type	redundant	600	100	1.2206	1.1106	1.3176	5.9005	5.219	6.6441	5.3401	4.6394	6.1068	3.1537	2.5271	3.8795	-0.3147	-1.2283	0.5308	-0.3298	0.6831	9.35	85.135	600.0	42.0	24.0	21.0	3.0	21.0	555.0	0.875	0.5	0.0409	0.4354
cocopye	type	replaced	600	100	0.0283	-0.1115	0.1839	8.4344	7.3218	9.5838	-6.5948	-8.1637	-5.1458	10.2564	9.0487	11.5721	9.1483	7.6299	10.6814	-1.5597	-1.034	9.35	78.107	600.0	43.0	199.0	35.0	164.0	8.0	393.0	0.1759	0.814	0.8553	0.1748
cocopye	type	single	600	100	0.3203	0.1943	0.4453	6.0783	5.2463	6.9672	-4.2328	-5.3815	-3.0514	2.8678	2.2822	3.5248	-0.7375	-1.5498	0.0698	-0.5357	0.7452	9.046	85.135	600.0	44.0	85.0	36.0	49.0	8.0	507.0	0.4235	0.8182	0.557	0.1776
cocopye	distance	species	300	100	0.3808	0.2551	0.5084	6.4729	5.6316	7.2914	-3.4947	-4.573	-2.3272	5.2176	4.6291	5.856	2.553	1.5531	3.4637	-0.8157	0.3233	8.743	82.689	300.0	23.0	51.0	17.0	34.0	6.0	243.0	0.3333	0.7391	0.6349	0.2072
cocopye	distance	genus	300	100	0.4149	0.2989	0.5306	7.022	6.1331	7.9197	-3.1915	-4.2461	-2.107	5.4982	4.882	6.1588	2.6959	1.6661	3.6203	-0.9507	0.2506	9.35	82.759	300.0	21.0	56.0	15.0	41.0	6.0	238.0	0.2679	0.7143	0.5888	0.2233
cocopye	distance	family	300	100	0.5277	0.4109	0.6426	7.1356	6.2736	8.0267	-1.9239	-2.8982	-0.8833	5.4529	4.8188	6.1194	2.7077	1.7177	3.6571	-0.9053	0.2095	9.35	82.83	300.0	21.0	53.0	15.0	38.0	6.0	241.0	0.283	0.7143	0.5128	0.2381
cocopye	distance	order	300	100	0.5956	0.4803	0.7008	6.8536	6.04	7.6685	-1.2364	-2.1101	-0.2926	5.4523	4.8164	6.0945	2.726	1.6774	3.6117	-0.7807	0.242	9.35	82.9	300.0	22.0	54.0	17.0	37.0	5.0	241.0	0.3148	0.7727	0.4518	0.2816
cocopye	distance	class	300	100	0.5922	0.4734	0.7055	6.6765	5.9025	7.4266	-1.0023	-1.9034	-0.057	5.5679	4.9509	6.2302	2.8942	1.9361	3.7837	-0.7123	0.2053	9.35	82.796	300.0	21.0	51.0	14.0	37.0	7.0	242.0	0.2745	0.6667	0.4082	0.2981
cocopye	distance	phylum	300	100	0.6369	0.5284	0.7431	6.6657	5.8753	7.4121	-0.1261	-0.9504	0.7634	5.367	4.7247	6.0694	2.6154	1.6349	3.5966	-0.701	0.2388	9.35	82.778	300.0	21.0	43.0	14.0	29.0	7.0	250.0	0.3256	0.6667	0.3198	0.3301
cocopye	true_contamination_band	[0,5]%	540	30	1.1459	-0.7292	3.5546	3.1924	1.9871	4.71	1.7284	0.2462	3.4397	3.7052	2.5314	5.3343	-1.5212	-3.4483	0.0319	-38.8375	0.5003	1.993	84.227	540.0	79.0	75.0	61.0	14.0	18.0	447.0	0.8133	0.7722	0.0	0.2481
cocopye	true_contamination_band	[5,10]%	360	20	1.0107	-0.1554	2.3079	5.4066	4.5583	6.672	-0.5484	-2.0859	1.5447	3.6281	2.9635	4.3343	2.1905	1.2644	3.1609	-23.9161	0.6223	6.215	84.966	360.0	48.0	61.0	29.0	32.0	19.0	280.0	0.4754	0.6042	0.5935	0.3659
cocopye	true_contamination_band	[10,15]%	360	20	0.8451	0.1207	1.8578	7.9085	7.0651	8.663	-2.4659	-3.7077	-0.8663	6.2657	5.3705	7.1843	4.6564	3.1693	5.9729	-27.8309	-0.1076	11.121	81.845	360.0	1.0	59.0	1.0	58.0	0.0	301.0	0.0169	1.0	0.4944	0.25
cocopye	true_contamination_band	[15,20]%	540	30	0.6391	0.3474	0.9824	10.6123	9.7667	11.3718	-5.8161	-6.7799	-4.7894	7.7855	7.1734	8.4543	5.9522	4.6864	7.0656	-20.521	0.0384	17.278	80.539	540.0	1.0	113.0	1.0	112.0	0.0	427.0	0.0088	1.0	0.4227	0.0
cocopye	type_x_band	redundant|[0,5]%	180	30	2.2844	0.2413	4.6708	3.6795	2.3763	5.3627	3.3389	1.9743	5.1058	3.3665	2.0376	5.0917	-2.6708	-4.5423	-1.1772	-50.4983	0.4371	2.0	84.882											
cocopye	type_x_band	redundant|[5,10]%	120	20	1.8233	0.4235	3.1987	5.6212	4.2024	7.233	4.8466	3.2526	6.6432	2.2902	1.5853	3.0703	0.1943	-1.0161	1.2729	-32.2287	0.8468	6.25	87.142											
cocopye	type_x_band	redundant|[10,20]%	300	50	0.9727	0.7833	1.1289	7.3449	6.8092	7.9254	6.7382	6.1299	7.3751	3.3714	2.5974	4.3819	0.8954	-0.3595	2.097	-4.3821	0.7239	15.0	84.483											
cocopye	type_x_band	replaced|[0,5]%	180	30	0.371	-1.8769	2.8369	3.2292	2.0847	4.5349	0.8763	-0.7248	2.5571	4.4008	3.1357	6.0509	0.8526	-1.3784	2.8358	-35.1676	0.552	2.0	82.917											
cocopye	type_x_band	replaced|[5,10]%	120	20	0.7777	-0.6289	2.8551	5.8835	4.9842	7.1429	-4.0316	-5.7324	-1.5628	6.4454	5.0627	7.7353	6.2887	4.7998	7.6942	-24.998	-0.4035	6.25	80.613											
cocopye	type_x_band	replaced|[10,20]%	300	50	0.0594	-0.3088	0.4597	12.5778	11.2935	13.7074	-12.1027	-13.5235	-10.4645	15.2942	14.0537	16.4339	15.2695	14.0259	16.4215	-13.2725	-4.0834	15.0	74.219											
cocopye	type_x_band	single|[0,5]%	180	30	0.7565	-1.0386	3.0765	2.6683	1.5531	4.202	0.97	-0.423	2.8155	3.3482	2.0341	4.9749	-2.7455	-4.4536	-1.2851	-30.7714	0.4615	1.981	84.882											
cocopye	type_x_band	single|[5,10]%	120	20	0.4237	-0.5306	1.3247	4.7151	3.6702	6.1429	-2.4601	-4.199	0.0407	2.1488	1.4048	2.985	0.0885	-1.2012	1.2956	-16.233	0.8656	6.144	87.142											
cocopye	type_x_band	single|[10,20]%	300	50	0.4427	0.1784	0.6957	8.6695	7.7328	9.572	-8.0636	-9.288	-6.7357	2.8672	2.1188	3.6864	0.1369	-0.9262	1.2312	-4.7777	0.8129	14.447	84.483											
cocopye	pooled	ALL_contaminated	1800	100	0.5302	0.411	0.6379	6.8044	6.0168	7.6003	-1.8292	-2.7104	-0.9264	5.426	4.843	6.0718	2.6987	1.7326	3.6044	-0.8087	0.2452	9.249	82.792	1800.0	129.0	308.0	92.0	216.0	37.0	1455.0	0.2987	0.7132	0.4851	0.2623
cocopye	pooled	NON_REDUNDANT(replaced+single)	1200	100	0.1694	0.0401	0.306	7.2563	6.2895	8.1834	-5.4138	-6.7621	-4.0768	6.5621	5.8256	7.3223	4.2054	3.1864	5.1969	-1.0499	0.0211	9.198	81.621	1200.0	87.0	284.0	71.0	213.0	16.0	900.0	0.25	0.8161	0.7077	0.1762
cocopye	pooled	UNCONTAMINATED_CONTROL	100	100				2.196	1.4217	3.0955	2.196	1.4217	3.0955	2.8362	2.2525	3.4853	-0.9007	-1.7656	-0.1389		0.755	0.0	85.135	100.0	19.0	19.0	16.0	3.0	3.0	78.0	0.8421	0.8421	0.0	0.11
deepcheck	type	redundant	600	100	1.0775	0.9499	1.2287	3.376	2.8395	3.9792	1.7514	1.0464	2.5159	4.8981	4.0631	5.8689	2.4899	1.237	3.6797	0.2558	0.3269	9.35	85.135	600.0	42.0	38.0	21.0	17.0	21.0	541.0	0.5526	0.5	0.0512	0.1627
deepcheck	type	replaced	600	100	0.0292	0.0009	0.0563	8.6961	7.4486	9.973	-8.6132	-9.9136	-7.3224	9.9866	8.7139	11.2594	8.4128	6.7737	9.9159	-1.805	-0.981	9.35	78.107	600.0	43.0	197.0	37.0	160.0	6.0	397.0	0.1878	0.8605	0.9848	0.0
deepcheck	type	single	600	100	0.0505	0.0239	0.0809	8.0682	6.9122	9.2626	-8.0215	-9.2373	-6.8527	3.7153	2.9971	4.5581	0.0744	-1.0072	1.1089	-1.5391	0.5861	9.046	85.135	600.0	44.0	144.0	38.0	106.0	6.0	450.0	0.2639	0.8636	0.9715	0.0
deepcheck	distance	species	300	100	0.3355	0.2943	0.3801	5.9923	5.1578	6.826	-5.4474	-6.2581	-4.5985	5.9655	5.1989	6.8404	3.3638	2.0754	4.4627	-0.763	0.147	8.743	82.689	300.0	23.0	67.0	18.0	49.0	5.0	228.0	0.2687	0.7826	0.6825	0.045
deepcheck	distance	genus	300	100	0.3649	0.3179	0.4133	6.4881	5.6409	7.4083	-5.5403	-6.4349	-4.7319	6.1593	5.4453	7.0609	3.6221	2.3913	4.7824	-0.933	0.1164	9.35	82.759	300.0	21.0	65.0	16.0	49.0	5.0	230.0	0.2462	0.7619	0.6751	0.0388
deepcheck	distance	family	300	100	0.4232	0.367	0.4961	6.6365	5.7138	7.5368	-4.9083	-5.7138	-4.0882	6.3605	5.5329	7.2439	4.0325	2.8289	5.1431	-0.9956	0.0601	9.35	82.83	300.0	21.0	65.0	16.0	49.0	5.0	230.0	0.2462	0.7619	0.6615	0.0476
deepcheck	distance	order	300	100	0.4199	0.3662	0.4807	6.8233	5.8758	7.7123	-4.7661	-5.5179	-4.0313	6.3637	5.5147	7.335	3.8409	2.5688	4.9908	-0.9885	0.0881	9.35	82.9	300.0	22.0	67.0	16.0	51.0	6.0	227.0	0.2388	0.7273	0.6599	0.068
deepcheck	distance	class	300	100	0.3615	0.2843	0.4546	7.0937	6.0672	8.0557	-4.912	-5.8169	-3.9899	6.0359	5.1999	6.928	3.3405	2.0909	4.5455	-1.1321	0.1489	9.35	82.796	300.0	21.0	59.0	15.0	44.0	6.0	235.0	0.2542	0.7143	0.6888	0.0673
deepcheck	distance	phylum	300	100	0.4521	0.3471	0.5741	7.2467	6.2868	8.2998	-4.1925	-5.2068	-3.2271	6.315	5.4626	7.3172	3.7542	2.3637	5.0127	-1.3523	0.1021	9.35	82.778	300.0	21.0	56.0	15.0	41.0	6.0	238.0	0.2679	0.7143	0.6447	0.0583
deepcheck	true_contamination_band	[0,5]%	540	30	0.169	-0.1607	0.4686	1.549	1.2939	1.8175	-0.8282	-1.1746	-0.4853	4.7714	3.2371	6.8442	-0.6386	-3.304	1.6111	-4.1727	0.1682	1.993	84.227	540.0	79.0	102.0	61.0	41.0	18.0	420.0	0.598	0.7722	0.0	0.0167
deepcheck	true_contamination_band	[5,10]%	360	20	0.2269	-0.0953	0.5617	4.4112	3.881	4.8925	-2.9336	-3.5649	-2.312	4.8217	3.4218	6.8191	3.1586	1.449	5.4214	-13.9078	0.2539	6.215	84.966	360.0	48.0	85.0	33.0	52.0	15.0	260.0	0.3882	0.6875	0.7122	0.3049
deepcheck	true_contamination_band	[10,15]%	360	20	0.6671	0.3577	1.0222	8.0924	7.4399	8.7816	-5.6446	-6.2626	-5.039	6.7366	5.5086	8.1198	5.911	4.3968	7.5821	-30.4439	-0.1887	11.121	81.845	360.0	1.0	62.0	1.0	61.0	0.0	298.0	0.0161	1.0	0.6517	0.0
deepcheck	true_contamination_band	[15,20]%	540	30	0.2765	0.0144	0.6059	12.4934	11.8392	13.1211	-9.9899	-10.9887	-8.9255	8.1898	7.1658	9.2805	6.7889	5.3959	8.2694	-29.5436	0.0579	17.278	80.539	540.0	1.0	130.0	1.0	129.0	0.0	410.0	0.0077	1.0	0.6574	0.0
deepcheck	type_x_band	redundant|[0,5]%	180	30	0.9508	0.3998	1.5256	1.2357	0.9883	1.5006	0.5837	0.1585	0.9813	4.529	2.8951	6.6914	-1.3595	-4.0287	0.916	-2.8276	0.0643	2.0	84.882											
deepcheck	type_x_band	redundant|[5,10]%	120	20	0.8597	0.3161	1.354	2.5236	2.1082	2.9995	1.9094	1.3269	2.5365	3.9189	2.3215	5.9194	2.142	0.0963	4.6335	-5.4378	0.4086	6.25	87.142											
deepcheck	type_x_band	redundant|[10,20]%	300	50	0.8306	0.4584	1.2222	5.0011	4.1509	5.9711	2.3889	1.0615	3.7705	5.5113	4.2931	6.7677	4.9386	3.5731	6.3386	-3.4198	0.3873	15.0	84.483											
deepcheck	type_x_band	replaced|[0,5]%	180	30	-0.3065	-0.6518	-0.0044	1.7788	1.4551	2.1335	-1.5531	-2.0085	-1.0877	5.2612	3.5813	7.3676	1.2554	-1.5777	3.7941	-5.2418	0.2571	2.0	82.917											
deepcheck	type_x_band	replaced|[5,10]%	120	20	-0.093	-0.5023	0.2469	5.6153	4.8333	6.3193	-5.6153	-6.3193	-4.8333	7.0458	5.1363	9.1802	6.5934	4.382	8.8509	-21.2185	-0.9636	6.25	80.613											
deepcheck	type_x_band	replaced|[10,20]%	300	50	-0.0038	-0.0741	0.072	14.0788	13.0551	15.0666	-14.0484	-15.0452	-13.0128	13.9981	12.7641	15.2493	13.4349	12.1791	14.7859	-16.0225	-3.4658	15.0	74.219											
deepcheck	type_x_band	single|[0,5]%	180	30	-0.161	-0.4458	0.0821	1.6325	1.2987	1.9744	-1.5152	-1.9208	-1.1168	4.524	2.8555	6.7129	-1.8118	-4.4372	0.4432	-4.454	0.0981	1.981	84.882											
deepcheck	type_x_band	single|[5,10]%	120	20	-0.1561	-0.5191	0.1587	5.0948	4.2656	5.8943	-5.0948	-5.8943	-4.2656	3.5003	1.996	5.5277	0.7405	-1.3983	3.2097	-14.9262	0.5118	6.144	87.142											
deepcheck	type_x_band	single|[10,20]%	300	50	0.0091	-0.0499	0.065	13.119	12.0885	14.1051	-13.0959	-14.0978	-12.056	3.3161	2.5952	4.0783	0.9397	-0.1732	2.0873	-10.2055	0.778	14.447	84.483											
deepcheck	pooled	ALL_contaminated	1800	100	0.3951	0.3412	0.4596	6.7134	5.7471	7.6032	-4.9611	-5.7787	-4.104	6.2	5.4318	7.0739	3.659	2.4365	4.8651	-1.0262	0.1107	9.249	82.792	1800.0	129.0	379.0	96.0	283.0	33.0	1388.0	0.2533	0.7442	0.6687	0.0541
deepcheck	pooled	NON_REDUNDANT(replaced+single)	1200	100	0.0393	0.0141	0.0655	8.3822	7.2075	9.5462	-8.3173	-9.511	-7.1115	6.8509	6.0437	7.7127	4.2436	2.9755	5.3853	-1.6714	-0.0246	9.198	81.621	1200.0	87.0	341.0	75.0	266.0	12.0	847.0	0.2199	0.8621	0.9782	0.0
deepcheck	pooled	UNCONTAMINATED_CONTROL	100	100				0.7269	0.5664	0.9018	0.6041	0.425	0.7941	3.6606	2.8983	4.5259	-0.3042	-1.4032	0.7616		0.5891	0.0	85.135	100.0	19.0	24.0	18.0	6.0	1.0	75.0	0.75	0.9474	0.0	0.01
