distance	dominant	donor	n_donor_genes	n_rbh_orthologues	pct_donor_genes_orthologous
order	GB_GCA_000428625.1	RS_GCF_000400935.1	1938	186	9.6
genus	GB_GCA_000428625.1	RS_GCF_012220205.1	1924	487	25.31
class	GB_GCA_000428625.1	RS_GCF_018613535.1	3584	124	3.46
species	GB_GCA_000428625.1	RS_GCF_026016765.1	1379	1178	85.42
phylum	GB_GCA_000428625.1	RS_GCF_036442125.1	4011	127	3.17
family	GB_GCA_000428625.1	RS_GCF_040895875.1	1225	286	23.35
species	GB_GCA_000999245.1	GB_GCA_001786215.1	676	638	94.38
class	GB_GCA_000999245.1	GB_GCA_001794215.1	1009	229	22.7
order	GB_GCA_000999245.1	GB_GCA_023267655.1	1258	276	21.94
phylum	GB_GCA_000999245.1	GB_GCA_035489575.1	1651	166	10.05
genus	GB_GCA_000999245.1	GB_GCA_041661005.1	965	430	44.56
family	GB_GCA_000999245.1	GB_GCA_903837185.1	939	344	36.63
species	GB_GCA_015752025.1	GB_GCA_015752395.1	6692	5949	88.9
family	GB_GCA_015752025.1	RS_GCF_003053845.1	4689	2512	53.57
genus	GB_GCA_015752025.1	RS_GCF_012395805.1	5932	3949	66.57
class	GB_GCA_015752025.1	RS_GCF_013032005.1	4296	2227	51.84
phylum	GB_GCA_015752025.1	RS_GCF_031221745.1	6187	1373	22.19
order	GB_GCA_015752025.1	RS_GCF_032144035.1	7878	2211	28.07
family	GB_GCA_018326845.1	RS_GCF_000738005.1	1911	1098	57.46
species	GB_GCA_018326845.1	RS_GCF_001263855.1	2173	1702	78.32
order	GB_GCA_018326845.1	RS_GCF_003254645.1	3042	651	21.4
phylum	GB_GCA_018326845.1	RS_GCF_019052535.1	2814	451	16.03
class	GB_GCA_018326845.1	RS_GCF_040639095.1	6937	656	9.46
genus	GB_GCA_018326845.1	RS_GCF_900157085.1	2281	1458	63.92
family	GB_GCA_018368635.1	GB_GCA_946496605.1	2264	782	34.54
species	GB_GCA_018368635.1	GB_GCA_963588855.1	2227	1591	71.44
order	GB_GCA_018368635.1	RS_GCF_041223285.1	3455	778	22.52
class	GB_GCA_018368635.1	RS_GCF_900129945.1	4094	691	16.88
phylum	GB_GCA_018368635.1	RS_GCF_900639355.1	3051	462	15.14
genus	GB_GCA_018368635.1	RS_GCF_959021095.1	2104	1564	74.33
species	GB_GCA_019100285.1	GB_GCA_019100405.1	4056	3773	93.02
family	GB_GCA_019100285.1	GB_GCA_037316445.1	4304	1889	43.89
genus	GB_GCA_019100285.1	GB_GCA_040791565.1	4273	3527	82.54
class	GB_GCA_019100285.1	RS_GCF_002264475.1	5492	1018	18.54
phylum	GB_GCA_019100285.1	RS_GCF_013321275.1	6258	776	12.4
order	GB_GCA_019100285.1	RS_GCF_021228795.1	5096	1748	34.3
family	GB_GCA_037265725.1	GB_GCA_027681685.1	3596	1127	31.34
genus	GB_GCA_037265725.1	RS_GCF_003458515.1	3097	1648	53.21
phylum	GB_GCA_037265725.1	RS_GCF_003991175.1	6193	689	11.13
order	GB_GCA_037265725.1	RS_GCF_004342165.1	2863	919	32.1
class	GB_GCA_037265725.1	RS_GCF_015352395.1	3992	787	19.71
species	GB_GCA_037265725.1	RS_GCF_015556245.1	3521	2354	66.86
family	GB_GCA_040792625.1	GB_GCA_037316445.1	4304	1851	43.01
genus	GB_GCA_040792625.1	GB_GCA_040791565.1	4273	3200	74.89
species	GB_GCA_040792625.1	GB_GCA_040793675.1	3908	3825	97.88
class	GB_GCA_040792625.1	RS_GCF_000463015.1	6698	1169	17.45
order	GB_GCA_040792625.1	RS_GCF_021228795.1	5096	1740	34.14
phylum	GB_GCA_040792625.1	RS_GCF_032484435.1	6981	965	13.82
genus	GB_GCA_900546945.1	GB_GCA_902474005.1	1927	1621	84.12
genus	GB_GCA_900546945.1	GB_GCA_902782045.1	2077	1643	79.1
species	GB_GCA_900546945.1	GB_GCA_945876265.1	1955	1713	87.62
phylum	GB_GCA_900546945.1	RS_GCF_000225265.1	5211	552	10.59
class	GB_GCA_900546945.1	RS_GCF_001972185.1	4067	652	16.03
family	GB_GCA_900546945.1	RS_GCF_015560295.1	3268	900	27.54
order	GB_GCA_900546945.1	RS_GCF_027683805.1	3114	728	23.38
phylum	GB_GCA_902474005.1	GB_GCA_002455195.1	3245	479	14.76
family	GB_GCA_902474005.1	GB_GCA_022846095.1	3971	919	23.14
genus	GB_GCA_902474005.1	GB_GCA_900546945.1	2047	1621	79.19
species	GB_GCA_902474005.1	GB_GCA_902782045.1	2077	1684	81.08
order	GB_GCA_902474005.1	GB_GCA_959017855.1	2713	731	26.94
class	GB_GCA_902474005.1	RS_GCF_023497585.1	3704	702	18.95
class	GB_GCA_902834555.1	GB_GCA_001950395.1	1750	560	32.0
phylum	GB_GCA_902834555.1	GB_GCA_002848525.1	7878	476	6.04
species	GB_GCA_902834555.1	GB_GCA_905214635.1	2101	2084	99.19
genus	GB_GCA_902834555.1	GB_GCA_959021415.1	2076	1712	82.47
family	GB_GCA_902834555.1	GB_GCA_959607465.1	1940	1265	65.21
order	GB_GCA_902834555.1	RS_GCF_020554605.1	3198	786	24.58
class	GB_GCA_905214635.1	GB_GCA_001950395.1	1750	558	31.89
species	GB_GCA_905214635.1	GB_GCA_902834555.1	2118	2084	98.39
genus	GB_GCA_905214635.1	GB_GCA_959021415.1	2076	1707	82.23
phylum	GB_GCA_905214635.1	RS_GCF_018604545.1	7665	504	6.58
order	GB_GCA_905214635.1	RS_GCF_019131175.1	2855	792	27.74
family	GB_GCA_905214635.1	RS_GCF_963559805.1	2204	1191	54.04
class	GB_GCA_944327265.1	GB_GCA_023250195.1	2066	466	22.56
order	GB_GCA_944327265.1	GB_GCA_930971375.1	2049	1005	49.05
species	GB_GCA_944327265.1	GB_GCA_938034685.1	2212	1785	80.7
genus	GB_GCA_944327265.1	GB_GCA_944324305.1	2304	1592	69.1
family	GB_GCA_944327265.1	GB_GCA_963931575.1	1969	1166	59.22
phylum	GB_GCA_944327265.1	RS_GCF_019976755.1	6982	463	6.63
class	GB_GCA_947003695.1	RS_GCF_000519985.1	4224	918	21.73
order	GB_GCA_947003695.1	RS_GCF_004342165.1	2863	1005	35.1
species	GB_GCA_947003695.1	RS_GCF_009718345.1	4019	2674	66.53
phylum	GB_GCA_947003695.1	RS_GCF_038005965.1	5675	798	14.06
genus	GB_GCA_947003695.1	RS_GCF_041325975.1	3812	2427	63.67
family	GB_GCA_947003695.1	RS_GCF_964248855.1	3355	1336	39.82
class	GB_GCA_948545365.1	GB_GCA_023250195.1	2066	454	21.97
order	GB_GCA_948545365.1	GB_GCA_930971375.1	2049	927	45.24
family	GB_GCA_948545365.1	GB_GCA_934668855.1	2034	1057	51.97
genus	GB_GCA_948545365.1	GB_GCA_948646465.1	1832	1540	84.06
species	GB_GCA_948545365.1	GB_GCA_948674725.1	1892	1843	97.41
phylum	GB_GCA_948545365.1	RS_GCF_034530975.1	6634	400	6.03
order	GB_GCA_948572335.1	GB_GCA_016928955.1	2434	710	29.17
class	GB_GCA_948572335.1	GB_GCA_023401595.1	2991	614	20.53
species	GB_GCA_948572335.1	GB_GCA_948608295.1	2766	2735	98.88
species	GB_GCA_948572335.1	GB_GCA_948612535.1	2767	2733	98.77
species	GB_GCA_948572335.1	GB_GCA_948614035.1	2764	2732	98.84
phylum	GB_GCA_948572335.1	RS_GCF_000306115.2	4046	361	8.92
family	GB_GCA_948572335.1	RS_GCF_008152665.1	2817	843	29.93
genus	GB_GCA_948572335.1	RS_GCF_036250655.1	2821	1203	42.64
family	GB_GCA_948625555.1	GB_GCA_037366485.1	1649	801	48.57
order	GB_GCA_948625555.1	GB_GCA_902493885.1	2002	657	32.82
species	GB_GCA_948625555.1	GB_GCA_948960065.1	1761	1744	99.03
species	GB_GCA_948625555.1	GB_GCA_948967945.1	1771	1754	99.04
genus	GB_GCA_948625555.1	GB_GCA_949893735.1	1739	1470	84.53
phylum	GB_GCA_948625555.1	RS_GCF_036871515.1	5464	392	7.17
class	GB_GCA_948625555.1	RS_GCF_041261485.1	8581	471	5.49
phylum	GB_GCA_949893735.1	GB_GCA_003368565.2	5497	392	7.13
family	GB_GCA_949893735.1	GB_GCA_037366485.1	1649	808	49.0
order	GB_GCA_949893735.1	GB_GCA_902493885.1	2002	666	33.27
genus	GB_GCA_949893735.1	GB_GCA_948625555.1	1777	1470	82.72
species	GB_GCA_949893735.1	GB_GCA_948811555.1	1653	1625	98.31
class	GB_GCA_949893735.1	RS_GCF_019778265.1	7285	480	6.59
order	GB_GCA_963588855.1	GB_GCA_022846095.1	3971	804	20.25
species	GB_GCA_963588855.1	GB_GCA_027663525.1	2075	1703	82.07
family	GB_GCA_963588855.1	GB_GCA_958440405.1	2669	938	35.14
phylum	GB_GCA_963588855.1	RS_GCF_041414805.1	3590	514	14.32
class	GB_GCA_963588855.1	RS_GCF_900129945.1	4094	728	17.78
genus	GB_GCA_963588855.1	RS_GCF_959021095.1	2104	1650	78.42
order	RS_GCF_000022385.1	GB_GCA_027036135.1	2567	637	24.81
class	RS_GCF_000022385.1	GB_GCA_029258915.1	1784	507	28.42
species	RS_GCF_000022385.1	RS_GCF_000024305.1	3116	2624	84.21
phylum	RS_GCF_000022385.1	RS_GCF_000190315.1	2508	758	30.22
genus	RS_GCF_000022385.1	RS_GCF_001719125.1	2718	2121	78.04
family	RS_GCF_000022385.1	RS_GCF_013329795.1	2799	1827	65.27
class	RS_GCF_000221145.1	GB_GCA_001298545.1	9085	1021	11.24
genus	RS_GCF_000221145.1	RS_GCF_024105055.1	2441	1760	72.1
species	RS_GCF_000221145.1	RS_GCF_030239395.1	2235	2111	94.45
species	RS_GCF_000221145.1	RS_GCF_030239425.1	2233	2114	94.67
phylum	RS_GCF_000221145.1	RS_GCF_035830675.1	2301	394	17.12
order	RS_GCF_000221145.1	RS_GCF_040687575.1	8208	1099	13.39
family	RS_GCF_000221145.1	RS_GCF_900105785.1	4072	1087	26.69
class	RS_GCF_000225265.1	GB_GCA_001275645.1	5986	1827	30.52
family	RS_GCF_000225265.1	RS_GCF_000972245.3	5326	2836	53.25
order	RS_GCF_000225265.1	RS_GCF_018741605.1	6047	2420	40.02
genus	RS_GCF_000225265.1	RS_GCF_019748795.1	5602	4614	82.36
phylum	RS_GCF_000225265.1	RS_GCF_025533325.1	3716	1016	27.34
species	RS_GCF_000225265.1	RS_GCF_038005965.1	5675	4701	82.84
order	RS_GCF_000245255.1	GB_GCA_015521735.1	2184	604	27.66
class	RS_GCF_000245255.1	GB_GCA_029258915.1	1784	494	27.69
species	RS_GCF_000245255.1	RS_GCF_000024305.1	3116	2403	77.12
genus	RS_GCF_000245255.1	RS_GCF_001719125.1	2718	2084	76.67
phylum	RS_GCF_000245255.1	RS_GCF_007826885.1	2970	366	12.32
family	RS_GCF_000245255.1	RS_GCF_041154675.1	2790	1737	62.26
species	RS_GCF_000327665.2	RS_GCF_000800235.1	2051	1741	84.89
order	RS_GCF_000327665.2	RS_GCF_001428165.1	5299	901	17.0
class	RS_GCF_000327665.2	RS_GCF_003838975.1	6366	896	14.07
genus	RS_GCF_000327665.2	RS_GCF_017753665.1	2283	1422	62.29
family	RS_GCF_000327665.2	RS_GCF_022870925.1	3648	1137	31.17
phylum	RS_GCF_000327665.2	RS_GCF_904067625.1	6120	606	9.9
genus	RS_GCF_000653815.1	GB_GCA_000230935.2	7033	2481	35.28
species	RS_GCF_000653815.1	RS_GCF_000657595.1	4107	3941	95.96
species	RS_GCF_000653815.1	RS_GCF_001840205.1	4075	3964	97.28
species	RS_GCF_000653815.1	RS_GCF_001845785.1	4121	3912	94.93
family	RS_GCF_000653815.1	RS_GCF_015209825.1	7822	1955	24.99
phylum	RS_GCF_000653815.1	RS_GCF_015554835.1	2923	450	15.4
order	RS_GCF_000653815.1	RS_GCF_019429605.1	8456	1415	16.73
class	RS_GCF_000653815.1	RS_GCF_030817035.1	9941	1451	14.6
species	RS_GCF_000656175.1	RS_GCF_000670535.1	4084	3895	95.37
phylum	RS_GCF_000656175.1	RS_GCF_003339915.1	2949	446	15.12
order	RS_GCF_000656175.1	RS_GCF_009720385.1	7927	1318	16.63
class	RS_GCF_000656175.1	RS_GCF_033792165.1	9264	1438	15.52
family	RS_GCF_000656175.1	RS_GCF_036086475.1	5852	1889	32.28
genus	RS_GCF_000656175.1	RS_GCF_963853665.1	4623	3067	66.34
family	RS_GCF_000742455.1	RS_GCF_003026855.1	4400	2571	58.43
phylum	RS_GCF_000742455.1	RS_GCF_004016565.1	6530	1013	15.51
genus	RS_GCF_000742455.1	RS_GCF_013376745.1	4821	3219	66.77
order	RS_GCF_000742455.1	RS_GCF_031453765.1	5333	1757	32.95
species	RS_GCF_000742455.1	RS_GCF_033338275.1	4866	4211	86.54
class	RS_GCF_000742455.1	RS_GCF_040811395.1	4716	1497	31.74
phylum	RS_GCF_001087905.1	GB_GCA_015752395.1	6692	595	8.89
genus	RS_GCF_001087905.1	RS_GCF_001063965.1	2215	1235	55.76
species	RS_GCF_001087905.1	RS_GCF_003855175.1	2230	2025	90.81
species	RS_GCF_001087905.1	RS_GCF_016802405.1	2279	2024	88.81
family	RS_GCF_001087905.1	RS_GCF_022870925.1	3648	1120	30.7
species	RS_GCF_001087905.1	RS_GCF_025790185.1	2239	2019	90.17
order	RS_GCF_001087905.1	RS_GCF_027854015.2	5753	875	15.21
class	RS_GCF_001087905.1	RS_GCF_037100415.1	6468	894	13.82
order	RS_GCF_001092445.1	RS_GCF_001633605.1	2999	808	26.94
phylum	RS_GCF_001092445.1	RS_GCF_013296045.1	5324	681	12.79
family	RS_GCF_001092445.1	RS_GCF_030360865.1	2687	936	34.83
class	RS_GCF_001092445.1	RS_GCF_034044565.1	6519	796	12.21
genus	RS_GCF_001092445.1	RS_GCF_041449535.1	2208	1128	51.09
species	RS_GCF_001092445.1	RS_GCF_900022305.1	2155	1825	84.69
class	RS_GCF_001176225.1	RS_GCF_005577315.1	4136	690	16.68
genus	RS_GCF_001176225.1	RS_GCF_009933515.1	2230	1230	55.16
species	RS_GCF_001176225.1	RS_GCF_018586525.1	2197	1951	88.8
phylum	RS_GCF_001176225.1	RS_GCF_020737015.1	4470	549	12.28
order	RS_GCF_001176225.1	RS_GCF_030295805.1	2878	922	32.04
family	RS_GCF_001176225.1	RS_GCF_030360865.1	2687	918	34.16
order	RS_GCF_001828215.1	GB_GCA_034808005.1	3069	1063	34.64
genus	RS_GCF_001828215.1	RS_GCF_001749965.1	2935	2651	90.32
species	RS_GCF_001828215.1	RS_GCF_002524725.1	3217	2744	85.3
family	RS_GCF_001828215.1	RS_GCF_002894185.1	3382	1851	54.73
phylum	RS_GCF_001828215.1	RS_GCF_007114045.1	3739	853	22.81
genus	RS_GCF_001828215.1	RS_GCF_008754285.1	2968	2641	88.98
species	RS_GCF_001828215.1	RS_GCF_041764985.1	3058	2738	89.54
class	RS_GCF_001828215.1	RS_GCF_900014345.1	5735	1318	22.98
phylum	RS_GCF_001941545.1	GB_GCA_000244035.3	4143	231	5.58
order	RS_GCF_001941545.1	GB_GCA_016928955.1	2434	520	21.36
class	RS_GCF_001941545.1	GB_GCA_023401595.1	2991	352	11.77
family	RS_GCF_001941545.1	GB_GCA_038248875.1	2979	668	22.42
species	RS_GCF_001941545.1	RS_GCF_001655395.1	987	978	99.09
genus	RS_GCF_001941545.1	RS_GCF_008152665.1	2817	783	27.8
species	RS_GCF_001941545.1	RS_GCF_029201365.1	988	980	99.19
species	RS_GCF_001941545.1	RS_GCF_040404775.1	986	977	99.09
genus	RS_GCF_001951015.1	GB_GCA_020404365.1	1570	856	54.52
order	RS_GCF_001951015.1	GB_GCA_027621865.1	2414	536	22.2
species	RS_GCF_001951015.1	RS_GCF_002356915.1	1440	1097	76.18
class	RS_GCF_001951015.1	RS_GCF_004305455.1	7419	426	5.74
phylum	RS_GCF_001951015.1	RS_GCF_020843905.1	6523	344	5.27
family	RS_GCF_001951015.1	RS_GCF_900327245.1	2710	501	18.49
species	RS_GCF_001975045.1	RS_GCF_000553445.1	2764	2520	91.17
order	RS_GCF_001975045.1	RS_GCF_009831115.1	2518	1226	48.69
phylum	RS_GCF_001975045.1	RS_GCF_015352395.1	3992	691	17.31
genus	RS_GCF_001975045.1	RS_GCF_017583125.1	2645	1816	68.66
class	RS_GCF_001975045.1	RS_GCF_034398955.1	5546	1193	21.51
family	RS_GCF_001975045.1	RS_GCF_035790375.1	2785	1688	60.61
order	RS_GCF_002025445.1	GB_GCA_002368095.1	7519	2122	28.22
phylum	RS_GCF_002025445.1	GB_GCA_944323225.1	2015	483	23.97
phylum	RS_GCF_002025445.1	GB_GCA_944323425.1	1941	445	22.93
species	RS_GCF_002025445.1	RS_GCF_003945305.1	5755	3787	65.8
class	RS_GCF_002025445.1	RS_GCF_029582805.1	3244	1646	50.74
genus	RS_GCF_002025445.1	RS_GCF_032701645.1	4704	3377	71.79
family	RS_GCF_002025445.1	RS_GCF_034932065.1	4337	2311	53.29
genus	RS_GCF_002063555.1	GB_GCA_001951515.1	4350	3385	77.82
order	RS_GCF_002063555.1	RS_GCF_009193065.1	4606	1720	37.34
phylum	RS_GCF_002063555.1	RS_GCF_024807635.1	8819	1044	11.84
species	RS_GCF_002063555.1	RS_GCF_025176995.1	4758	4075	85.65
family	RS_GCF_002063555.1	RS_GCF_028221515.1	5583	3007	53.86
class	RS_GCF_002063555.1	RS_GCF_900146805.1	5734	1595	27.82
family	RS_GCF_002108165.1	RS_GCF_000738005.1	1911	1026	53.69
species	RS_GCF_002108165.1	RS_GCF_015558565.1	1975	1512	76.56
genus	RS_GCF_002108165.1	RS_GCF_023205815.1	2244	1191	53.07
class	RS_GCF_002108165.1	RS_GCF_036898665.1	8909	637	7.15
order	RS_GCF_002108165.1	RS_GCF_039527385.1	4370	668	15.29
phylum	RS_GCF_002108165.1	RS_GCF_041821025.1	3496	484	13.84
species	RS_GCF_002734455.1	RS_GCF_000248735.1	2927	2449	83.67
genus	RS_GCF_002734455.1	RS_GCF_001747885.1	2778	1818	65.44
order	RS_GCF_002734455.1	RS_GCF_009831115.1	2518	1224	48.61
family	RS_GCF_002734455.1	RS_GCF_022810205.1	2780	1665	59.89
class	RS_GCF_002734455.1	RS_GCF_035810435.1	4148	1187	28.62
phylum	RS_GCF_002734455.1	RS_GCF_036442355.1	3855	693	17.98
species	RS_GCF_002966575.1	RS_GCF_001184655.1	1792	1533	85.55
phylum	RS_GCF_002966575.1	RS_GCF_017309185.1	5467	569	10.41
class	RS_GCF_002966575.1	RS_GCF_031823135.1	6474	877	13.55
order	RS_GCF_002966575.1	RS_GCF_033434015.1	5434	1166	21.46
family	RS_GCF_002966575.1	RS_GCF_038129635.1	2785	1326	47.61
genus	RS_GCF_002966575.1	RS_GCF_038431845.1	1941	1573	81.04
family	RS_GCF_003050485.1	RS_GCF_003026855.1	4400	2548	57.91
species	RS_GCF_003050485.1	RS_GCF_003050165.1	4782	4221	88.27
phylum	RS_GCF_003050485.1	RS_GCF_004306595.1	7194	988	13.73
genus	RS_GCF_003050485.1	RS_GCF_014525155.1	4925	3069	62.31
order	RS_GCF_003050485.1	RS_GCF_019771915.1	5263	1742	33.1
class	RS_GCF_003050485.1	RS_GCF_035621175.1	6577	1536	23.35
phylum	RS_GCF_003337515.1	RS_GCF_019685025.1	6580	947	14.39
species	RS_GCF_003337515.1	RS_GCF_019800655.1	3550	3123	87.97
order	RS_GCF_003337515.1	RS_GCF_019857605.1	6521	1911	29.31
class	RS_GCF_003337515.1	RS_GCF_026210475.1	5001	1249	24.98
family	RS_GCF_003337515.1	RS_GCF_029813005.1	6397	2045	31.97
genus	RS_GCF_003337515.1	RS_GCF_039968815.1	4214	2634	62.51
species	RS_GCF_003354325.1	GB_GCA_011996705.1	2017	1380	68.42
phylum	RS_GCF_003354325.1	RS_GCF_000451805.1	3661	131	3.58
class	RS_GCF_003354325.1	RS_GCF_007680225.1	5974	141	2.36
genus	RS_GCF_003354325.1	RS_GCF_012220205.1	1924	424	22.04
class	RS_GCF_003354325.1	RS_GCF_030517775.1	5656	140	2.48
phylum	RS_GCF_003354325.1	RS_GCF_034188255.1	3859	130	3.37
family	RS_GCF_003354325.1	RS_GCF_040895875.1	1225	321	26.2
order	RS_GCF_003354325.1	RS_GCF_900489665.1	1700	273	16.06
class	RS_GCF_003945305.1	GB_GCA_000316115.1	8518	2029	23.82
phylum	RS_GCF_003945305.1	GB_GCA_963927045.1	2187	430	19.66
species	RS_GCF_003945305.1	RS_GCF_002025445.1	5573	3787	67.95
order	RS_GCF_003945305.1	RS_GCF_015207005.2	8017	2337	29.15
genus	RS_GCF_003945305.1	RS_GCF_032701645.1	4704	3428	72.87
family	RS_GCF_003945305.1	RS_GCF_034932065.1	4337	2342	54.0
family	RS_GCF_004372675.1	RS_GCF_002091535.1	6073	3792	62.44
species	RS_GCF_004372675.1	RS_GCF_003812165.1	6302	5852	92.86
genus	RS_GCF_004372675.1	RS_GCF_014843515.1	6395	3996	62.49
class	RS_GCF_004372675.1	RS_GCF_030167915.1	6500	1776	27.32
phylum	RS_GCF_004372675.1	RS_GCF_032489455.1	6853	1507	21.99
order	RS_GCF_004372675.1	RS_GCF_037029215.1	4219	1967	46.62
phylum	RS_GCF_004564935.1	GB_GCA_032516925.1	3759	746	19.85
species	RS_GCF_004564935.1	RS_GCF_001703555.1	2482	2269	91.42
family	RS_GCF_004564935.1	RS_GCF_003264145.1	1750	871	49.77
species	RS_GCF_004564935.1	RS_GCF_004564865.1	2693	2685	99.7
order	RS_GCF_004564935.1	RS_GCF_019731355.1	3591	1365	38.01
class	RS_GCF_004564935.1	RS_GCF_037671485.1	5815	1158	19.91
genus	RS_GCF_004564935.1	RS_GCF_900088465.1	2608	2234	85.66
genus	RS_GCF_008726285.1	RS_GCF_001719605.1	2044	973	47.6
species	RS_GCF_008726285.1	RS_GCF_002847705.1	1749	1649	94.28
species	RS_GCF_008726285.1	RS_GCF_003286825.2	1711	1692	98.89
phylum	RS_GCF_008726285.1	RS_GCF_003327215.1	3931	583	14.83
order	RS_GCF_008726285.1	RS_GCF_014322565.1	3215	722	22.46
family	RS_GCF_008726285.1	RS_GCF_030230525.1	1683	722	42.9
class	RS_GCF_008726285.1	RS_GCF_036620945.1	5743	708	12.33
family	RS_GCF_009645235.1	GB_GCA_005518075.1	2894	1346	46.51
order	RS_GCF_009645235.1	RS_GCF_000480665.1	6337	1650	26.04
class	RS_GCF_009645235.1	RS_GCF_011065385.1	5115	1318	25.77
genus	RS_GCF_009645235.1	RS_GCF_016502445.1	4385	2559	58.36
species	RS_GCF_009645235.1	RS_GCF_023361275.1	4071	3184	78.21
phylum	RS_GCF_009645235.1	RS_GCF_041262305.1	6487	937	14.44
genus	RS_GCF_009734745.1	GB_GCA_017356385.1	3589	2409	67.12
family	RS_GCF_009734745.1	RS_GCF_000407105.1	2945	1668	56.64
order	RS_GCF_009734745.1	RS_GCF_000582665.1	3029	1177	38.86
class	RS_GCF_009734745.1	RS_GCF_003284765.1	3700	1051	28.41
phylum	RS_GCF_009734745.1	RS_GCF_018263955.1	4092	865	21.14
species	RS_GCF_009734745.1	RS_GCF_030282445.1	3615	2865	79.25
family	RS_GCF_009762745.1	RS_GCF_001953605.1	2878	1478	51.36
phylum	RS_GCF_009762745.1	RS_GCF_001972185.1	4067	653	16.06
class	RS_GCF_009762745.1	RS_GCF_003410355.1	5473	942	17.21
genus	RS_GCF_009762745.1	RS_GCF_003627375.1	3304	2511	76.0
species	RS_GCF_009762745.1	RS_GCF_017963535.1	3200	2722	85.06
order	RS_GCF_009762745.1	RS_GCF_025958885.1	2661	1111	41.75
phylum	RS_GCF_010119915.1	GB_GCA_032561555.1	2894	473	16.34
genus	RS_GCF_010119915.1	RS_GCF_013359775.1	4330	2833	65.43
order	RS_GCF_010119915.1	RS_GCF_018598365.1	3540	1430	40.4
species	RS_GCF_010119915.1	RS_GCF_019024305.1	4055	3700	91.25
family	RS_GCF_010119915.1	RS_GCF_024124905.1	4034	2259	56.0
class	RS_GCF_010119915.1	RS_GCF_040685455.1	7034	1715	24.38
order	RS_GCF_013177455.1	GB_GCA_017306015.1	3814	1288	33.77
class	RS_GCF_013177455.1	GB_GCA_900090175.1	6979	1786	25.59
species	RS_GCF_013177455.1	RS_GCF_014493605.1	4109	3874	94.28
genus	RS_GCF_013177455.1	RS_GCF_018831735.1	5566	2461	44.21
phylum	RS_GCF_013177455.1	RS_GCF_035830675.1	2301	414	17.99
family	RS_GCF_013177455.1	RS_GCF_039531265.1	4196	2153	51.31
phylum	RS_GCF_013410875.1	GB_GCA_018269055.1	6241	1190	19.07
order	RS_GCF_013410875.1	GB_GCA_020073665.1	4796	1529	31.88
class	RS_GCF_013410875.1	GB_GCA_038212445.1	6731	1470	21.84
family	RS_GCF_013410875.1	RS_GCF_000800015.1	4223	2150	50.91
genus	RS_GCF_013410875.1	RS_GCF_025264665.1	3735	2387	63.91
species	RS_GCF_013410875.1	RS_GCF_040358985.1	4234	3949	93.27
order	RS_GCF_014129645.1	GB_GCA_027621865.1	2414	501	20.75
family	RS_GCF_014129645.1	RS_GCF_000026005.1	968	554	57.23
class	RS_GCF_014129645.1	RS_GCF_001664525.1	6193	402	6.49
phylum	RS_GCF_014129645.1	RS_GCF_024241195.1	5286	338	6.39
genus	RS_GCF_014129645.1	RS_GCF_947250595.1	1413	779	55.13
species	RS_GCF_014129645.1	RS_GCF_964026995.1	1455	875	60.14
species	RS_GCF_014236815.1	RS_GCF_014236835.1	4232	3947	93.27
order	RS_GCF_014236815.1	RS_GCF_018599235.1	4493	2070	46.07
phylum	RS_GCF_014236815.1	RS_GCF_020880995.1	5715	1016	17.78
family	RS_GCF_014236815.1	RS_GCF_028749785.1	4378	2918	66.65
class	RS_GCF_014236815.1	RS_GCF_900584695.1	5390	1510	28.01
genus	RS_GCF_014236815.1	RS_GCF_913777745.1	4001	3307	82.65
order	RS_GCF_014493605.1	GB_GCA_016716635.1	3643	1168	32.06
species	RS_GCF_014493605.1	RS_GCF_013177455.1	4114	3874	94.17
genus	RS_GCF_014493605.1	RS_GCF_018831735.1	5566	2429	43.64
phylum	RS_GCF_014493605.1	RS_GCF_019052535.1	2814	465	16.52
class	RS_GCF_014493605.1	RS_GCF_036013915.1	7863	1779	22.62
family	RS_GCF_014493605.1	RS_GCF_039531265.1	4196	2144	51.1
phylum	RS_GCF_016584425.1	GB_GCA_000749545.1	4868	311	6.39
order	RS_GCF_016584425.1	GB_GCA_027621865.1	2414	516	21.38
family	RS_GCF_016584425.1	RS_GCF_000026005.1	968	572	59.09
class	RS_GCF_016584425.1	RS_GCF_040009165.1	5938	429	7.22
genus	RS_GCF_016584425.1	RS_GCF_947250595.1	1413	872	61.71
species	RS_GCF_016584425.1	RS_GCF_964026995.1	1455	984	67.63
order	RS_GCF_017303205.1	GB_GCA_002530625.1	5845	2122	36.3
family	RS_GCF_017303205.1	RS_GCF_000972245.3	5326	2463	46.24
class	RS_GCF_017303205.1	RS_GCF_001278015.1	3034	858	28.28
species	RS_GCF_017303205.1	RS_GCF_005577315.1	4136	3595	86.92
phylum	RS_GCF_017303205.1	RS_GCF_009718345.1	4019	764	19.01
genus	RS_GCF_017303205.1	RS_GCF_038005965.1	5675	3081	54.29
phylum	RS_GCF_019024305.1	GB_GCA_003169635.1	2562	760	29.66
class	RS_GCF_019024305.1	RS_GCF_000736435.1	9227	1661	18.0
species	RS_GCF_019024305.1	RS_GCF_010119915.1	3970	3700	93.2
genus	RS_GCF_019024305.1	RS_GCF_013359775.1	4330	2851	65.84
family	RS_GCF_019024305.1	RS_GCF_024124905.1	4034	2266	56.17
order	RS_GCF_019024305.1	RS_GCF_030209835.1	4778	1603	33.55
phylum	RS_GCF_019056515.1	GB_GCA_031296755.1	1968	390	19.82
family	RS_GCF_019056515.1	RS_GCF_003602235.1	4431	1704	38.46
genus	RS_GCF_019056515.1	RS_GCF_010634855.1	4068	2022	49.71
order	RS_GCF_019056515.1	RS_GCF_013359775.1	4330	1422	32.84
class	RS_GCF_019056515.1	RS_GCF_040632835.1	7056	1352	19.16
species	RS_GCF_019056515.1	RS_GCF_040702645.1	3685	3170	86.02
phylum	RS_GCF_019056515.1	RS_GCF_040910325.1	2125	402	18.92
order	RS_GCF_019265005.1	GB_GCA_008364705.1	5187	1598	30.81
species	RS_GCF_019265005.1	GB_GCA_040583595.1	4341	3892	89.66
phylum	RS_GCF_019265005.1	GB_GCA_900466845.1	4700	862	18.34
family	RS_GCF_019265005.1	RS_GCF_000148645.1	3800	2241	58.97
species	RS_GCF_019265005.1	RS_GCF_017580635.1	4499	3915	87.02
genus	RS_GCF_019265005.1	RS_GCF_024999325.1	4709	2975	63.18
class	RS_GCF_019265005.1	RS_GCF_040493635.1	6242	1614	25.86
class	RS_GCF_019969415.1	GB_GCA_022646985.1	4833	827	17.11
family	RS_GCF_019969415.1	GB_GCA_958451535.1	3169	861	27.17
phylum	RS_GCF_019969415.1	RS_GCF_013328835.1	4104	604	14.72
genus	RS_GCF_019969415.1	RS_GCF_023347255.1	2993	1925	64.32
species	RS_GCF_019969415.1	RS_GCF_027683805.1	3114	2363	75.88
order	RS_GCF_019969415.1	RS_GCF_041223285.1	3455	963	27.87
species	RS_GCF_020073725.1	RS_GCF_003415205.2	1731	1584	91.51
genus	RS_GCF_020073725.1	RS_GCF_018829705.1	1810	1385	76.52
species	RS_GCF_020073725.1	RS_GCF_021390995.1	1683	1534	91.15
class	RS_GCF_020073725.1	RS_GCF_031823135.1	6474	867	13.39
family	RS_GCF_020073725.1	RS_GCF_038150945.1	2778	1354	48.74
genus	RS_GCF_020073725.1	RS_GCF_038431845.1	1941	1588	81.81
phylum	RS_GCF_020073725.1	RS_GCF_041260805.1	8791	569	6.47
species	RS_GCF_020073725.1	RS_GCF_041450715.1	1847	1544	83.6
order	RS_GCF_020073725.1	RS_GCF_900508525.1	5322	1161	21.82
phylum	RS_GCF_020991185.1	RS_GCF_020097215.1	3970	503	12.67
family	RS_GCF_020991185.1	RS_GCF_023195585.1	3105	911	29.34
genus	RS_GCF_020991185.1	RS_GCF_025665255.1	1912	1176	61.51
species	RS_GCF_020991185.1	RS_GCF_029011455.1	1863	1552	83.31
class	RS_GCF_020991185.1	RS_GCF_900110315.1	5629	589	10.46
order	RS_GCF_020991185.1	RS_GCF_963523905.1	3090	818	26.47
species	RS_GCF_021010875.1	GB_GCA_001297145.1	2485	2027	81.57
phylum	RS_GCF_021010875.1	GB_GCA_963604655.1	2079	365	17.56
family	RS_GCF_021010875.1	RS_GCF_016907535.1	3646	1127	30.91
order	RS_GCF_021010875.1	RS_GCF_018831735.1	5566	987	17.73
species	RS_GCF_021010875.1	RS_GCF_018918985.1	2451	2102	85.76
genus	RS_GCF_021010875.1	RS_GCF_024105055.1	2441	1779	72.88
class	RS_GCF_021010875.1	RS_GCF_029893585.1	8350	1007	12.06
genus	RS_GCF_021117095.1	GB_GCA_013704765.1	5223	3746	71.72
phylum	RS_GCF_021117095.1	GB_GCA_900471355.1	6598	1292	19.58
class	RS_GCF_021117095.1	GB_GCA_905219325.2	5113	1288	25.19
species	RS_GCF_021117095.1	RS_GCF_023646515.1	4828	3977	82.37
order	RS_GCF_021117095.1	RS_GCF_024807575.1	4588	1701	37.07
family	RS_GCF_021117095.1	RS_GCF_900597865.2	6006	2338	38.93
phylum	RS_GCF_021122785.1	RS_GCF_002189005.1	3995	630	15.77
species	RS_GCF_021122785.1	RS_GCF_009184155.1	3111	2135	68.63
family	RS_GCF_021122785.1	RS_GCF_019731355.1	3591	1624	45.22
order	RS_GCF_021122785.1	RS_GCF_022507735.1	2899	1093	37.7
class	RS_GCF_021122785.1	RS_GCF_036223175.1	5530	1006	18.19
genus	RS_GCF_021122785.1	RS_GCF_039752135.1	2901	1777	61.25
genus	RS_GCF_023713025.1	GB_GCA_943913235.1	2479	1151	46.43
order	RS_GCF_023713025.1	RS_GCF_002929615.1	3819	899	23.54
phylum	RS_GCF_023713025.1	RS_GCF_003339915.1	2949	360	12.21
class	RS_GCF_023713025.1	RS_GCF_009720385.1	7927	798	10.07
family	RS_GCF_023713025.1	RS_GCF_030209755.1	4890	1022	20.9
phylum	RS_GCF_023713025.1	RS_GCF_900186505.1	2059	330	16.03
species	RS_GCF_023713025.1	RS_GCF_901875315.1	2112	1913	90.58
species	RS_GCF_023713025.1	RS_GCF_963456795.1	2145	1878	87.55
species	RS_GCF_023839265.1	RS_GCF_001826715.1	3167	2771	87.5
genus	RS_GCF_023839265.1	RS_GCF_002103235.2	2960	2673	90.3
genus	RS_GCF_023839265.1	RS_GCF_002522805.1	3118	2689	86.24
family	RS_GCF_023839265.1	RS_GCF_002894185.1	3382	1860	55.0
species	RS_GCF_023839265.1	RS_GCF_008754285.1	2968	2841	95.72
species	RS_GCF_023839265.1	RS_GCF_022500065.1	2978	2721	91.37
class	RS_GCF_023839265.1	RS_GCF_025519575.1	5716	1326	23.2
order	RS_GCF_023839265.1	RS_GCF_038898975.1	2808	1175	41.84
phylum	RS_GCF_023839265.1	RS_GCF_900166105.1	3912	860	21.98
phylum	RS_GCF_023921525.1	RS_GCF_021165815.1	4864	1012	20.81
class	RS_GCF_023921525.1	RS_GCF_027857215.1	5809	1682	28.96
species	RS_GCF_023921525.1	RS_GCF_032578615.1	4224	3632	85.98
genus	RS_GCF_023921525.1	RS_GCF_034567995.1	4801	3152	65.65
order	RS_GCF_023921525.1	RS_GCF_902158665.1	5580	1964	35.2
family	RS_GCF_023921525.1	RS_GCF_963678535.1	3661	1873	51.16
order	RS_GCF_024664155.1	GB_GCA_030683105.1	3915	1252	31.98
class	RS_GCF_024664155.1	RS_GCF_001429045.1	5640	1889	33.49
species	RS_GCF_024664155.1	RS_GCF_024663255.1	6009	5570	92.69
family	RS_GCF_024664155.1	RS_GCF_027529805.1	6008	2123	35.34
phylum	RS_GCF_024664155.1	RS_GCF_032488555.1	6886	1452	21.09
genus	RS_GCF_024664155.1	RS_GCF_036861765.1	7845	3744	47.72
family	RS_GCF_024758165.1	RS_GCF_000430765.1	4926	2544	51.64
class	RS_GCF_024758165.1	RS_GCF_001296435.1	6247	2319	37.12
phylum	RS_GCF_024758165.1	RS_GCF_001406255.1	2851	641	22.48
genus	RS_GCF_024758165.1	RS_GCF_014844095.1	5286	4238	80.17
order	RS_GCF_024758165.1	RS_GCF_019749295.1	5434	2616	48.14
species	RS_GCF_024758165.1	RS_GCF_040676505.1	5280	4394	83.22
family	RS_GCF_024998945.1	RS_GCF_000148645.1	3800	2202	57.95
species	RS_GCF_024998945.1	RS_GCF_024999325.1	4709	3706	78.7
genus	RS_GCF_024998945.1	RS_GCF_025653985.1	4751	3582	75.39
order	RS_GCF_024998945.1	RS_GCF_026614635.1	6031	1563	25.92
phylum	RS_GCF_024998945.1	RS_GCF_900114255.1	6178	869	14.07
class	RS_GCF_024998945.1	RS_GCF_902831665.1	6792	1156	17.02
family	RS_GCF_027683805.1	GB_GCA_958451535.1	3169	846	26.7
species	RS_GCF_027683805.1	RS_GCF_003324115.1	2799	2291	81.85
order	RS_GCF_027683805.1	RS_GCF_012923585.1	3395	888	26.16
phylum	RS_GCF_027683805.1	RS_GCF_019749295.1	5434	715	13.16
species	RS_GCF_027683805.1	RS_GCF_019969415.1	2901	2363	81.45
genus	RS_GCF_027683805.1	RS_GCF_023347255.1	2993	1921	64.18
class	RS_GCF_027683805.1	RS_GCF_041537325.1	3986	743	18.64
order	RS_GCF_029383305.1	RS_GCF_002863865.1	4199	1483	35.32
species	RS_GCF_029383305.1	RS_GCF_016308085.1	5254	4570	86.98
species	RS_GCF_029383305.1	RS_GCF_018383435.1	5230	4723	90.31
class	RS_GCF_029383305.1	RS_GCF_029962225.1	5508	1689	30.66
family	RS_GCF_029383305.1	RS_GCF_030122095.1	6389	2910	45.55
phylum	RS_GCF_029383305.1	RS_GCF_030585205.1	9066	1396	15.4
genus	RS_GCF_029383305.1	RS_GCF_900004795.1	5803	3425	59.02
species	RS_GCF_030010195.1	RS_GCF_002243365.1	7675	6087	79.31
phylum	RS_GCF_030010195.1	RS_GCF_003976075.1	6335	1497	23.63
genus	RS_GCF_030010195.1	RS_GCF_004306185.1	7454	5854	78.54
order	RS_GCF_030010195.1	RS_GCF_024807635.1	8819	2589	29.36
family	RS_GCF_030010195.1	RS_GCF_028888265.1	7240	3609	49.85
class	RS_GCF_030010195.1	RS_GCF_947498295.1	5305	1885	35.53
genus	RS_GCF_030292825.1	GB_GCA_001951515.1	4350	3405	78.28
class	RS_GCF_030292825.1	RS_GCF_001682945.1	6268	1610	25.69
order	RS_GCF_030292825.1	RS_GCF_002880015.1	4984	1740	34.91
phylum	RS_GCF_030292825.1	RS_GCF_026105885.2	6533	1043	15.97
species	RS_GCF_030292825.1	RS_GCF_030057455.1	4578	4028	87.99
family	RS_GCF_030292825.1	RS_GCF_030930005.1	5141	3004	58.43
species	RS_GCF_030547745.1	RS_GCF_001562195.1	3962	3696	93.29
genus	RS_GCF_030547745.1	RS_GCF_001757105.1	4231	2587	61.14
order	RS_GCF_030547745.1	RS_GCF_011683085.1	5328	1326	24.89
class	RS_GCF_030547745.1	RS_GCF_030167915.1	6500	1143	17.58
family	RS_GCF_030547745.1	RS_GCF_033548715.1	4368	1789	40.96
phylum	RS_GCF_030547745.1	RS_GCF_041262305.1	6487	899	13.86
family	RS_GCF_030717765.1	RS_GCF_004306595.1	7194	3277	45.55
species	RS_GCF_030717765.1	RS_GCF_013318355.2	5425	4701	86.65
order	RS_GCF_030717765.1	RS_GCF_024807635.1	8819	2152	24.4
genus	RS_GCF_030717765.1	RS_GCF_025560205.1	5622	4253	75.65
phylum	RS_GCF_030717765.1	RS_GCF_040064635.1	5115	1267	24.77
class	RS_GCF_030717765.1	RS_GCF_040221495.1	5180	1620	31.27
class	RS_GCF_032472435.1	GB_GCA_015058575.1	2641	880	33.32
species	RS_GCF_032472435.1	RS_GCF_002005185.1	1960	1757	89.64
phylum	RS_GCF_032472435.1	RS_GCF_008634075.2	4513	664	14.71
family	RS_GCF_032472435.1	RS_GCF_008658315.1	2213	1309	59.15
genus	RS_GCF_032472435.1	RS_GCF_018370505.1	1957	1577	80.58
order	RS_GCF_032472435.1	RS_GCF_963931005.1	2568	982	38.24
class	RS_GCF_032487555.1	GB_GCA_021741405.1	4392	1578	35.93
family	RS_GCF_032487555.1	GB_GCA_903878085.1	4278	2238	52.31
order	RS_GCF_032487555.1	RS_GCF_000282095.2	6692	2251	33.64
phylum	RS_GCF_032487555.1	RS_GCF_012102105.2	5358	1242	23.18
genus	RS_GCF_032487555.1	RS_GCF_030585205.1	9066	4175	46.05
species	RS_GCF_032487555.1	RS_GCF_032381215.1	7039	6207	88.18
family	RS_GCF_032488555.1	GB_GCA_903878085.1	4278	2231	52.15
order	RS_GCF_032488555.1	RS_GCF_004330635.1	7327	2305	31.46
class	RS_GCF_032488555.1	RS_GCF_005222145.1	6426	2087	32.48
phylum	RS_GCF_032488555.1	RS_GCF_009857445.1	5710	1334	23.36
genus	RS_GCF_032488555.1	RS_GCF_030585205.1	9066	4104	45.27
species	RS_GCF_032488555.1	RS_GCF_032487955.1	6881	6840	99.4
species	RS_GCF_032488555.1	RS_GCF_032489455.1	6853	6223	90.81
genus	RS_GCF_034929395.1	GB_GCA_905142485.1	4585	3624	79.04
order	RS_GCF_034929395.1	RS_GCF_018599235.1	4493	1946	43.31
class	RS_GCF_034929395.1	RS_GCF_020640375.1	6298	1568	24.9
family	RS_GCF_034929395.1	RS_GCF_022750675.1	4286	2483	57.93
phylum	RS_GCF_034929395.1	RS_GCF_028583545.1	6489	1124	17.32
species	RS_GCF_034929395.1	RS_GCF_030388905.1	4344	3938	90.65
species	RS_GCF_034929395.1	RS_GCF_900240325.1	3972	3539	89.1
class	RS_GCF_035202795.1	RS_GCF_001546915.1	6080	1308	21.51
phylum	RS_GCF_035202795.1	RS_GCF_001664525.1	6193	1014	16.37
species	RS_GCF_035202795.1	RS_GCF_006246385.1	4571	4010	87.73
species	RS_GCF_035202795.1	RS_GCF_027707985.1	4472	3883	86.83
genus	RS_GCF_035202795.1	RS_GCF_034567995.1	4801	3531	73.55
order	RS_GCF_035202795.1	RS_GCF_037723075.1	5467	1962	35.89
family	RS_GCF_035202795.1	RS_GCF_963678535.1	3661	1890	51.63
order	RS_GCF_036700765.1	GB_GCA_019359675.1	8073	2724	33.74
genus	RS_GCF_036700765.1	GB_GCA_040004035.1	5824	3839	65.92
phylum	RS_GCF_036700765.1	GB_GCA_944323225.1	2015	489	24.27
phylum	RS_GCF_036700765.1	GB_GCA_944323425.1	1941	459	23.65
class	RS_GCF_036700765.1	RS_GCF_014695405.1	6244	2548	40.81
species	RS_GCF_036700765.1	RS_GCF_036700925.1	5409	5336	98.65
family	RS_GCF_036700765.1	RS_GCF_904830945.1	4926	2580	52.38
class	RS_GCF_036700925.1	GB_GCA_000316115.1	8518	2252	26.44
genus	RS_GCF_036700925.1	GB_GCA_040004035.1	5824	3832	65.8
phylum	RS_GCF_036700925.1	GB_GCA_944324305.1	2304	433	18.79
phylum	RS_GCF_036700925.1	GB_GCA_963931575.1	1969	422	21.43
order	RS_GCF_036700925.1	RS_GCF_015207005.2	8017	2761	34.44
species	RS_GCF_036700925.1	RS_GCF_036700765.1	5424	5336	98.38
family	RS_GCF_036700925.1	RS_GCF_904830945.1	4926	2579	52.35
order	RS_GCF_038368285.1	GB_GCA_014697985.1	3140	836	26.62
species	RS_GCF_038368285.1	RS_GCF_000612055.1	2107	1887	89.56
species	RS_GCF_038368285.1	RS_GCF_003971445.1	2137	1875	87.74
class	RS_GCF_038368285.1	RS_GCF_013004475.1	8186	819	10.0
genus	RS_GCF_038368285.1	RS_GCF_014926385.1	2030	1601	78.87
phylum	RS_GCF_038368285.1	RS_GCF_028532485.1	4304	568	13.2
family	RS_GCF_038368285.1	RS_GCF_963551315.1	2518	973	38.64
phylum	RS_GCF_040358985.1	GB_GCA_018269055.1	6241	1184	18.97
order	RS_GCF_040358985.1	GB_GCA_020073665.1	4796	1517	31.63
class	RS_GCF_040358985.1	GB_GCA_038212445.1	6731	1466	21.78
family	RS_GCF_040358985.1	RS_GCF_000800015.1	4223	2149	50.89
species	RS_GCF_040358985.1	RS_GCF_013410875.1	4322	3949	91.37
genus	RS_GCF_040358985.1	RS_GCF_025264665.1	3735	2392	64.04
phylum	RS_GCF_040612875.1	GB_GCA_937967865.1	1933	447	23.12
family	RS_GCF_040612875.1	RS_GCF_019429605.1	8456	3310	39.14
order	RS_GCF_040612875.1	RS_GCF_027854095.1	6699	1844	27.53
species	RS_GCF_040612875.1	RS_GCF_040648195.1	5882	5222	88.78
genus	RS_GCF_040612875.1	RS_GCF_900091495.1	6568	3766	57.34
class	RS_GCF_040612875.1	RS_GCF_900142575.1	7049	2303	32.67
phylum	RS_GCF_040612875.1	RS_GCF_963559805.1	2204	482	21.87
phylum	RS_GCF_040648195.1	GB_GCA_016716005.1	3713	1077	29.01
genus	RS_GCF_040648195.1	RS_GCF_003264475.1	6566	4287	65.29
family	RS_GCF_040648195.1	RS_GCF_019429605.1	8456	3389	40.08
order	RS_GCF_040648195.1	RS_GCF_033741155.1	5759	1685	29.26
species	RS_GCF_040648195.1	RS_GCF_040612875.1	6305	5222	82.82
class	RS_GCF_040648195.1	RS_GCF_040689305.1	7940	2300	28.97
family	RS_GCF_040676505.1	RS_GCF_000430765.1	4926	2516	51.08
order	RS_GCF_040676505.1	RS_GCF_001591645.1	4888	2541	51.98
genus	RS_GCF_040676505.1	RS_GCF_014844095.1	5286	4188	79.23
phylum	RS_GCF_040676505.1	RS_GCF_015352395.1	3992	1010	25.3
class	RS_GCF_040676505.1	RS_GCF_016757475.1	4203	2236	53.2
species	RS_GCF_040676505.1	RS_GCF_024758165.1	5390	4394	81.52
species	RS_GCF_040763745.1	RS_GCF_000612055.1	2107	1899	90.13
species	RS_GCF_040763745.1	RS_GCF_003971445.1	2137	1934	90.5
genus	RS_GCF_040763745.1	RS_GCF_014926385.1	2030	1631	80.34
order	RS_GCF_040763745.1	RS_GCF_016862735.1	3773	979	25.95
species	RS_GCF_040763745.1	RS_GCF_038368285.1	2077	1869	89.99
class	RS_GCF_040763745.1	RS_GCF_039520985.1	7411	854	11.52
family	RS_GCF_040763745.1	RS_GCF_041380175.1	1844	910	49.35
phylum	RS_GCF_040763745.1	RS_GCF_041821025.1	3496	623	17.82
phylum	RS_GCF_040822125.1	GB_GCA_013322165.1	7716	1023	13.26
species	RS_GCF_040822125.1	RS_GCF_002017315.1	3916	3092	78.96
family	RS_GCF_040822125.1	RS_GCF_009812035.1	2797	1344	48.05
class	RS_GCF_040822125.1	RS_GCF_016762655.1	5182	1325	25.57
order	RS_GCF_040822125.1	RS_GCF_022422765.1	6285	1606	25.55
genus	RS_GCF_040822125.1	RS_GCF_031801555.1	4140	2990	72.22
order	RS_GCF_900088465.1	RS_GCF_002848465.1	3061	1282	41.88
family	RS_GCF_900088465.1	RS_GCF_003264145.1	1750	866	49.49
genus	RS_GCF_900088465.1	RS_GCF_004564865.1	2693	2235	82.99
genus	RS_GCF_900088465.1	RS_GCF_004564935.1	2693	2234	82.96
class	RS_GCF_900088465.1	RS_GCF_022221225.1	5736	1128	19.67
species	RS_GCF_900088465.1	RS_GCF_031921545.1	2489	2288	91.92
phylum	RS_GCF_900088465.1	RS_GCF_036442125.1	4011	745	18.57
family	RS_GCF_900168345.1	RS_GCF_009647605.1	3611	1562	43.26
genus	RS_GCF_900168345.1	RS_GCF_015351075.1	3097	2659	85.86
order	RS_GCF_900168345.1	RS_GCF_019024305.1	4055	1337	32.97
phylum	RS_GCF_900168345.1	RS_GCF_019052535.1	2814	420	14.93
species	RS_GCF_900168345.1	RS_GCF_030521065.1	3120	2963	94.97
species	RS_GCF_900168345.1	RS_GCF_032655455.1	3251	2977	91.57
class	RS_GCF_900168345.1	RS_GCF_040629855.1	8152	1358	16.66
class	RS_GCF_900489665.1	RS_GCF_002019425.1	5654	161	2.85
genus	RS_GCF_900489665.1	RS_GCF_006970285.1	1689	1122	66.43
order	RS_GCF_900489665.1	RS_GCF_029855505.1	1804	290	16.08
phylum	RS_GCF_900489665.1	RS_GCF_041537325.1	3986	141	3.54
species	RS_GCF_900489665.1	RS_GCF_900489825.1	1713	1659	96.85
family	RS_GCF_900489665.1	RS_GCF_964031045.1	2019	363	17.98
order	RS_GCF_900489825.1	GB_GCA_011996705.1	2017	298	14.77
genus	RS_GCF_900489825.1	RS_GCF_006970285.1	1689	1139	67.44
class	RS_GCF_900489825.1	RS_GCF_028335185.1	2976	149	5.01
phylum	RS_GCF_900489825.1	RS_GCF_900095935.1	3825	140	3.66
species	RS_GCF_900489825.1	RS_GCF_900489665.1	1700	1659	97.59
family	RS_GCF_900489825.1	RS_GCF_964031045.1	2019	365	18.08
class	RS_GCF_905111885.1	RS_GCF_000691145.1	3766	706	18.75
genus	RS_GCF_905111885.1	RS_GCF_001719605.1	2044	995	48.68
order	RS_GCF_905111885.1	RS_GCF_027672955.1	3311	852	25.73
family	RS_GCF_905111885.1	RS_GCF_030230525.1	1683	728	43.26
phylum	RS_GCF_905111885.1	RS_GCF_901004615.1	3871	597	15.42
species	RS_GCF_905111885.1	RS_GCF_905125295.1	1732	1722	99.42
family	RS_GCF_913057865.1	RS_GCF_001282135.1	4986	1800	36.1
genus	RS_GCF_913057865.1	RS_GCF_001757105.1	4231	2638	62.35
phylum	RS_GCF_913057865.1	RS_GCF_004305105.1	7426	929	12.51
class	RS_GCF_913057865.1	RS_GCF_016820055.1	6609	1507	22.8
order	RS_GCF_913057865.1	RS_GCF_018420215.1	5265	1371	26.04
species	RS_GCF_913057865.1	RS_GCF_037029285.1	4185	3584	85.64
order	RS_GCF_937915095.1	RS_GCF_006716675.1	4632	1138	24.57
class	RS_GCF_937915095.1	RS_GCF_014205165.1	6304	1026	16.28
species	RS_GCF_937915095.1	RS_GCF_023713525.1	2549	2250	88.27
genus	RS_GCF_937915095.1	RS_GCF_030166735.1	3604	1644	45.62
family	RS_GCF_937915095.1	RS_GCF_030209755.1	4890	1357	27.75
phylum	RS_GCF_937915095.1	RS_GCF_041821025.1	3496	774	22.14
class	RS_GCF_959023135.1	GB_GCA_015058575.1	2641	883	33.43
phylum	RS_GCF_959023135.1	GB_GCA_022846095.1	3971	560	14.1
genus	RS_GCF_959023135.1	RS_GCF_002005185.1	1960	1551	79.13
family	RS_GCF_959023135.1	RS_GCF_008658315.1	2213	1244	56.21
species	RS_GCF_959023135.1	RS_GCF_018370505.1	1957	1662	84.93
order	RS_GCF_959023135.1	RS_GCF_963931005.1	2568	984	38.32
