dataset	binset	cohort	tool	metric	n	n_clusters	mae	mae_lo	mae_hi	bias	bias_lo	bias_hi	rmse	r2	r2_lo	r2_hi	r2_omitted_reason	slope	slope_lo	slope_hi	denominator
marine	gold	primary_in_domain_scoreable_LEAKAGE_FREE	MAGICC_V5	completeness	339	196	3.9796218313935077	3.185527019961012	4.878917059428145	-0.5082616465820252	-1.6070851605008942	0.4819328935507369	6.367870270199047	0.8657432529184088	0.7915496783836417	0.922864902468932		0.9379549532518815	0.880751225817271	0.9878290612518641	completeness = retained dominant bp / FULL reference length of the dominant source genome x 100; contamination = total contaminant bp / the SAME denominator x 100 (MAGICC convention, magicc/contamination.py). Truth from CAMI II's own gsa_mapping.tsv contig->source-genome assignment.
marine	gold	primary_in_domain_scoreable_LEAKAGE_FREE	MAGICC_V5	contamination	339	196	1.2655208594061949	0.7162314484675499	2.0525970868900996	1.2655208594061949	0.7162314484675499	2.0525970868900996	3.8300086732348673				true value has (near-)zero variance (R1-m19)				completeness = retained dominant bp / FULL reference length of the dominant source genome x 100; contamination = total contaminant bp / the SAME denominator x 100 (MAGICC convention, magicc/contamination.py). Truth from CAMI II's own gsa_mapping.tsv contig->source-genome assignment.
marine	gold	primary_in_domain_scoreable_LEAKAGE_FREE	CheckM2	completeness	339	196	13.453792622895769	12.118836692412694	14.81800744655286	-13.327163705579077	-14.703380118573872	-11.98180041773946	16.84012316381088	0.06105915210402535	-0.11558619947164266	0.205433969268694		1.4401626548790813	1.396743179355255	1.488493982401503	completeness = retained dominant bp / FULL reference length of the dominant source genome x 100; contamination = total contaminant bp / the SAME denominator x 100 (MAGICC convention, magicc/contamination.py). Truth from CAMI II's own gsa_mapping.tsv contig->source-genome assignment.
marine	gold	primary_in_domain_scoreable_LEAKAGE_FREE	CheckM2	contamination	339	196	2.5851032448377578	2.3439426859402026	2.8388172782874617	2.5851032448377578	2.3439426859402026	2.8388172782874617	3.266984347324565				true value has (near-)zero variance (R1-m19)				completeness = retained dominant bp / FULL reference length of the dominant source genome x 100; contamination = total contaminant bp / the SAME denominator x 100 (MAGICC convention, magicc/contamination.py). Truth from CAMI II's own gsa_mapping.tsv contig->source-genome assignment.
marine	gold	primary_in_domain_scoreable_LEAKAGE_FREE	CoCoPyE	completeness	339	196	11.507791791137587	10.254197138033774	12.77960219386031	11.405828690895072	10.115849563633464	12.695374892832332	14.562551291812396	0.29786173428434704	0.18046801231371262	0.3894847179601612		0.5143124563203347	0.48725082004230175	0.54189608678031	completeness = retained dominant bp / FULL reference length of the dominant source genome x 100; contamination = total contaminant bp / the SAME denominator x 100 (MAGICC convention, magicc/contamination.py). Truth from CAMI II's own gsa_mapping.tsv contig->source-genome assignment.
marine	gold	primary_in_domain_scoreable_LEAKAGE_FREE	CoCoPyE	contamination	339	196	21.4510128553705	19.502291387402614	23.346696752807347	21.4510128553705	19.502291387402614	23.346696752807347	25.46141075449247				true value has (near-)zero variance (R1-m19)				completeness = retained dominant bp / FULL reference length of the dominant source genome x 100; contamination = total contaminant bp / the SAME denominator x 100 (MAGICC convention, magicc/contamination.py). Truth from CAMI II's own gsa_mapping.tsv contig->source-genome assignment.
marine	gold	primary_in_domain_scoreable_LEAKAGE_FREE	DeepCheck	completeness	339	196	17.58998275493041	15.989346164358622	19.147644802061553	-17.58998275493041	-19.147644802061553	-15.989346164358622	20.825554733812744	-0.43595510972844687	-0.6791398325590448	-0.24218569945243223		1.5201877334820784	1.4727882743265663	1.5672332668297995	completeness = retained dominant bp / FULL reference length of the dominant source genome x 100; contamination = total contaminant bp / the SAME denominator x 100 (MAGICC convention, magicc/contamination.py). Truth from CAMI II's own gsa_mapping.tsv contig->source-genome assignment.
marine	gold	primary_in_domain_scoreable_LEAKAGE_FREE	DeepCheck	contamination	339	196	2.8786286131910166	2.6376561909737783	3.1345199790560945	2.8385633993729025	2.590315676505112	3.104540480285599	3.492129034239099				true value has (near-)zero variance (R1-m19)				completeness = retained dominant bp / FULL reference length of the dominant source genome x 100; contamination = total contaminant bp / the SAME denominator x 100 (MAGICC convention, magicc/contamination.py). Truth from CAMI II's own gsa_mapping.tsv contig->source-genome assignment.
marine	gold	all_in_domain_scoreable_common_subset	MAGICC_V5	completeness	552	328	3.317351675764095	2.829799558385823	3.9019024889118636	-0.061224254080243026	-0.7642430590752163	0.5798068949021566	5.35225493272592	0.9003344402427794	0.8521738107742908	0.9366815485150732		0.9596642495299855	0.9193861296930691	0.9934302940160264	completeness = retained dominant bp / FULL reference length of the dominant source genome x 100; contamination = total contaminant bp / the SAME denominator x 100 (MAGICC convention, magicc/contamination.py). Truth from CAMI II's own gsa_mapping.tsv contig->source-genome assignment.
marine	gold	all_in_domain_scoreable_common_subset	MAGICC_V5	contamination	552	328	1.0640515844480074	0.7173503961789351	1.5104599244912802	1.0640515844480074	0.7173503961789351	1.5104599244912802	3.114880231537053				true value has (near-)zero variance (R1-m19)				completeness = retained dominant bp / FULL reference length of the dominant source genome x 100; contamination = total contaminant bp / the SAME denominator x 100 (MAGICC convention, magicc/contamination.py). Truth from CAMI II's own gsa_mapping.tsv contig->source-genome assignment.
marine	gold	all_in_domain_scoreable_common_subset	CheckM2	completeness	552	328	15.0539300415297	13.846963577548303	16.257520506991625	-14.959773165312129	-16.17604025394583	-13.745907970052233	18.584659005197803	-0.20165755714593758	-0.39232575787994217	-0.044148319700118885		1.4638482840648006	1.4203293014842449	1.5076221899206166	completeness = retained dominant bp / FULL reference length of the dominant source genome x 100; contamination = total contaminant bp / the SAME denominator x 100 (MAGICC convention, magicc/contamination.py). Truth from CAMI II's own gsa_mapping.tsv contig->source-genome assignment.
marine	gold	all_in_domain_scoreable_common_subset	CheckM2	contamination	552	328	2.6602717391304354	2.472833578281984	2.860783935386063	2.6602717391304354	2.472833578281984	2.860783935386063	3.3563748290013176				true value has (near-)zero variance (R1-m19)				completeness = retained dominant bp / FULL reference length of the dominant source genome x 100; contamination = total contaminant bp / the SAME denominator x 100 (MAGICC convention, magicc/contamination.py). Truth from CAMI II's own gsa_mapping.tsv contig->source-genome assignment.
marine	gold	all_in_domain_scoreable_common_subset	CoCoPyE	completeness	552	328	11.86559146832586	10.967424278017479	12.833186554779939	11.567961068291904	10.594240939971284	12.605857296612074	14.667631151571339	0.2515005450513421	0.14715742464399018	0.33271143476064186		0.5183952212610733	0.49346674737858603	0.5419258044717102	completeness = retained dominant bp / FULL reference length of the dominant source genome x 100; contamination = total contaminant bp / the SAME denominator x 100 (MAGICC convention, magicc/contamination.py). Truth from CAMI II's own gsa_mapping.tsv contig->source-genome assignment.
marine	gold	all_in_domain_scoreable_common_subset	CoCoPyE	contamination	552	328	22.143119454989098	20.61812185987291	23.6908317857188	22.143119454989098	20.61812185987291	23.6908317857188	25.96479968427918				true value has (near-)zero variance (R1-m19)				completeness = retained dominant bp / FULL reference length of the dominant source genome x 100; contamination = total contaminant bp / the SAME denominator x 100 (MAGICC convention, magicc/contamination.py). Truth from CAMI II's own gsa_mapping.tsv contig->source-genome assignment.
marine	gold	all_in_domain_scoreable_common_subset	DeepCheck	completeness	552	328	19.121956969202188	17.805556997396366	20.376403677088625	-19.121956969202188	-20.376403677088625	-17.805556997396366	22.31514463573152	-0.7324908125323972	-0.9690782724038985	-0.5213730097872316		1.5215917215895898	1.475618026407232	1.5625700649023295	completeness = retained dominant bp / FULL reference length of the dominant source genome x 100; contamination = total contaminant bp / the SAME denominator x 100 (MAGICC convention, magicc/contamination.py). Truth from CAMI II's own gsa_mapping.tsv contig->source-genome assignment.
marine	gold	all_in_domain_scoreable_common_subset	DeepCheck	contamination	552	328	3.070952769395882	2.8747474244298674	3.272024864548609	3.0383048812062414	2.838243262613597	3.250675634810463	3.664075281801396				true value has (near-)zero variance (R1-m19)				completeness = retained dominant bp / FULL reference length of the dominant source genome x 100; contamination = total contaminant bp / the SAME denominator x 100 (MAGICC convention, magicc/contamination.py). Truth from CAMI II's own gsa_mapping.tsv contig->source-genome assignment.
marine	gold	leaked_only	MAGICC_V5	completeness	213	132	2.263316075959536	1.9211424220526603	2.637330049303067	0.6502577931409034	0.19061226540360524	1.150730518130168	3.114835551049867	0.9630547621776726	0.949738576710382	0.9735204031124434		1.0034983652569687	0.9827642948126666	1.024975749566205	completeness = retained dominant bp / FULL reference length of the dominant source genome x 100; contamination = total contaminant bp / the SAME denominator x 100 (MAGICC convention, magicc/contamination.py). Truth from CAMI II's own gsa_mapping.tsv contig->source-genome assignment.
marine	gold	leaked_only	MAGICC_V5	contamination	213	132	0.7434033017680751	0.5476799827682568	1.0006662449137487	0.7434033017680751	0.5476799827682568	1.0006662449137487	1.3409209693436066				true value has (near-)zero variance (R1-m19)				completeness = retained dominant bp / FULL reference length of the dominant source genome x 100; contamination = total contaminant bp / the SAME denominator x 100 (MAGICC convention, magicc/contamination.py). Truth from CAMI II's own gsa_mapping.tsv contig->source-genome assignment.
marine	gold	leaked_only	CheckM2	completeness	213	132	17.60062762329919	15.531169148398517	19.646991600343384	-17.55815160122529	-19.60586596674936	-15.46900887221038	21.065302797672665	-0.6897545834396195	-1.159532311168825	-0.33589927287509397		1.4941424766341014	1.409741090839658	1.5772116221793302	completeness = retained dominant bp / FULL reference length of the dominant source genome x 100; contamination = total contaminant bp / the SAME denominator x 100 (MAGICC convention, magicc/contamination.py). Truth from CAMI II's own gsa_mapping.tsv contig->source-genome assignment.
marine	gold	leaked_only	CheckM2	contamination	213	132	2.7799061032863843	2.4896835301507534	3.0733970710341674	2.7799061032863843	2.4896835301507534	3.0733970710341674	3.4939308882179096				true value has (near-)zero variance (R1-m19)				completeness = retained dominant bp / FULL reference length of the dominant source genome x 100; contamination = total contaminant bp / the SAME denominator x 100 (MAGICC convention, magicc/contamination.py). Truth from CAMI II's own gsa_mapping.tsv contig->source-genome assignment.
marine	gold	leaked_only	CoCoPyE	completeness	213	132	12.435047292583251	10.990623524670161	13.83661925225128	11.8260027393601	10.218743521705717	13.349465131058935	14.833335861706379	0.16215075742120078	-0.05205845310713989	0.3176592142145322		0.5245545220493296	0.47621289809844974	0.5676621374053265	completeness = retained dominant bp / FULL reference length of the dominant source genome x 100; contamination = total contaminant bp / the SAME denominator x 100 (MAGICC convention, magicc/contamination.py). Truth from CAMI II's own gsa_mapping.tsv contig->source-genome assignment.
marine	gold	leaked_only	CoCoPyE	contamination	213	132	23.24464122621306	20.670078999716544	25.701858426133217	23.24464122621306	20.670078999716544	25.701858426133217	26.746436623742134				true value has (near-)zero variance (R1-m19)				completeness = retained dominant bp / FULL reference length of the dominant source genome x 100; contamination = total contaminant bp / the SAME denominator x 100 (MAGICC convention, magicc/contamination.py). Truth from CAMI II's own gsa_mapping.tsv contig->source-genome assignment.
marine	gold	leaked_only	DeepCheck	completeness	213	132	21.56016945107136	19.2548038512484	23.80190087196779	-21.56016945107136	-23.80190087196779	-19.2548038512484	24.499831460811254	-1.285674664376633	-1.9134120138673314	-0.8316065809526636		1.5124229428314249	1.4185343514455475	1.590110905542518	completeness = retained dominant bp / FULL reference length of the dominant source genome x 100; contamination = total contaminant bp / the SAME denominator x 100 (MAGICC convention, magicc/contamination.py). Truth from CAMI II's own gsa_mapping.tsv contig->source-genome assignment.
marine	gold	leaked_only	DeepCheck	contamination	213	132	3.377046144764188	3.0529436443547278	3.704789191521729	3.356203295955076	3.0254992700779018	3.6939850942871586	3.922221461559213				true value has (near-)zero variance (R1-m19)				completeness = retained dominant bp / FULL reference length of the dominant source genome x 100; contamination = total contaminant bp / the SAME denominator x 100 (MAGICC convention, magicc/contamination.py). Truth from CAMI II's own gsa_mapping.tsv contig->source-genome assignment.
marine	gold	MAGICC_full_coverage_not_tool_comparable	MAGICC_V5	completeness	2247	440	14.590118871216903	12.45587151429723	16.69381700338456	-12.029475259683906	-14.34350418016848	-9.650840168647823	23.27780607380891	-0.9495543287329493	-1.380944770515311	-0.5524540890418888		0.49342473824153893	0.39914277542013776	0.5913698015355098	completeness = retained dominant bp / FULL reference length of the dominant source genome x 100; contamination = total contaminant bp / the SAME denominator x 100 (MAGICC convention, magicc/contamination.py). Truth from CAMI II's own gsa_mapping.tsv contig->source-genome assignment.
marine	gold	MAGICC_full_coverage_not_tool_comparable	MAGICC_V5	contamination	2247	440	0.8543473042763142	0.5803534999826531	1.2112412258450755	0.8543473042763142	0.5803534999826531	1.2112412258450755	2.7889096505291873				true value has (near-)zero variance (R1-m19)				completeness = retained dominant bp / FULL reference length of the dominant source genome x 100; contamination = total contaminant bp / the SAME denominator x 100 (MAGICC convention, magicc/contamination.py). Truth from CAMI II's own gsa_mapping.tsv contig->source-genome assignment.
marine	gold	below_floor_probe_NOT_POOLED	MAGICC_V5	completeness	1189	578	12.840838237743911	12.537305780433197	13.106699434264465	12.840838237743911	12.537305780433197	13.106699434264465	14.049554169208628	-4.1860109582154	-4.526972900499897	-3.844310675425221		0.08335875927712655	0.07361134693518019	0.0956828841954537	completeness = retained dominant bp / FULL reference length of the dominant source genome x 100; contamination = total contaminant bp / the SAME denominator x 100 (MAGICC convention, magicc/contamination.py). Truth from CAMI II's own gsa_mapping.tsv contig->source-genome assignment.
marine	gold	below_floor_probe_NOT_POOLED	MAGICC_V5	contamination	1189	578	0.3727432198077897	0.3125225958874338	0.44044505192970707	0.3727432198077897	0.3125225958874338	0.44044505192970707	0.8826623683319692				true value has (near-)zero variance (R1-m19)				completeness = retained dominant bp / FULL reference length of the dominant source genome x 100; contamination = total contaminant bp / the SAME denominator x 100 (MAGICC convention, magicc/contamination.py). Truth from CAMI II's own gsa_mapping.tsv contig->source-genome assignment.
marine	gold	below_floor_probe_NOT_POOLED	CheckM2	completeness	100	92	13.449077556443052	11.94203523782241	14.882005863271276	-13.317553247707128	-14.777879857485493	-11.75793552519105	15.231155341888842	-4.93567798429147	-6.80714455203418	-3.580562496588063		0.4680338381989794	0.26621236271712956	0.6595810102396679	completeness = retained dominant bp / FULL reference length of the dominant source genome x 100; contamination = total contaminant bp / the SAME denominator x 100 (MAGICC convention, magicc/contamination.py). Truth from CAMI II's own gsa_mapping.tsv contig->source-genome assignment.
marine	gold	below_floor_probe_NOT_POOLED	CheckM2	contamination	100	92	1.9684	1.7354962113558297	2.2242024999999996	1.9684	1.7354962113558297	2.2242024999999996	2.311015793974589				true value has (near-)zero variance (R1-m19)				completeness = retained dominant bp / FULL reference length of the dominant source genome x 100; contamination = total contaminant bp / the SAME denominator x 100 (MAGICC convention, magicc/contamination.py). Truth from CAMI II's own gsa_mapping.tsv contig->source-genome assignment.
marine	gold	below_floor_probe_NOT_POOLED	CoCoPyE	completeness	99	91	24.286342825250017	23.66604368145199	24.84328168053751	24.286342825250017	23.66604368145199	24.84328168053751	24.483242583255127	-14.28185201703552	-18.558334776498477	-11.638551936664248		0.7739792856284226	0.6682905094153395	0.8751285007011681	completeness = retained dominant bp / FULL reference length of the dominant source genome x 100; contamination = total contaminant bp / the SAME denominator x 100 (MAGICC convention, magicc/contamination.py). Truth from CAMI II's own gsa_mapping.tsv contig->source-genome assignment.
marine	gold	below_floor_probe_NOT_POOLED	CoCoPyE	contamination	99	91	19.567054594744842	18.637609716828656	20.53072615995271	19.567054594744842	18.637609716828656	20.53072615995271	20.20302532418084				true value has (near-)zero variance (R1-m19)				completeness = retained dominant bp / FULL reference length of the dominant source genome x 100; contamination = total contaminant bp / the SAME denominator x 100 (MAGICC convention, magicc/contamination.py). Truth from CAMI II's own gsa_mapping.tsv contig->source-genome assignment.
marine	gold	below_floor_probe_NOT_POOLED	DeepCheck	completeness	100	92	17.694241815575793	16.603730726238485	18.901814790622943	-17.650025437419654	-18.878584016088947	-16.53897839886135	18.68124580519442	-7.92927722879962	-10.019308608725575	-6.675056822808113		0.2515226389759719	0.13522518548195656	0.3651643269984786	completeness = retained dominant bp / FULL reference length of the dominant source genome x 100; contamination = total contaminant bp / the SAME denominator x 100 (MAGICC convention, magicc/contamination.py). Truth from CAMI II's own gsa_mapping.tsv contig->source-genome assignment.
marine	gold	below_floor_probe_NOT_POOLED	DeepCheck	contamination	100	92	1.5432816296815872	1.2212590287394505	1.9491965542697653	1.5432816296815872	1.2212590287394505	1.9491965542697653	2.47271863206555				true value has (near-)zero variance (R1-m19)				completeness = retained dominant bp / FULL reference length of the dominant source genome x 100; contamination = total contaminant bp / the SAME denominator x 100 (MAGICC convention, magicc/contamination.py). Truth from CAMI II's own gsa_mapping.tsv contig->source-genome assignment.
marine	mixed	primary_in_domain_scoreable_LEAKAGE_FREE	MAGICC_V5	completeness	864	193	7.197416594138362	6.531185275170922	7.885376145088976	4.199178393684489	3.0354787177905154	5.414199932615787	9.441846914916049	0.536075048732659	0.43359269997739364	0.6213350876286707		0.845403366112497	0.8033122330936543	0.8894139118471034	completeness = retained dominant bp / FULL reference length of the dominant source genome x 100; contamination = total contaminant bp / the SAME denominator x 100 (MAGICC convention, magicc/contamination.py). Truth from CAMI II's own gsa_mapping.tsv contig->source-genome assignment.
marine	mixed	primary_in_domain_scoreable_LEAKAGE_FREE	MAGICC_V5	contamination	864	193	6.453107090559517	5.913337434276078	7.005578639245575	-4.193091933383188	-5.04125653191501	-3.308731468022956	8.566740806619993	0.18585656589744226	-0.24900808273266778	0.436620096185088		0.7867227244667062	0.6894056217442498	0.8724297870446185	completeness = retained dominant bp / FULL reference length of the dominant source genome x 100; contamination = total contaminant bp / the SAME denominator x 100 (MAGICC convention, magicc/contamination.py). Truth from CAMI II's own gsa_mapping.tsv contig->source-genome assignment.
marine	mixed	primary_in_domain_scoreable_LEAKAGE_FREE	CheckM2	completeness	864	193	7.204495888082899	6.4974050752404455	8.024537331335083	-3.6146773910377332	-4.740717624767769	-2.638259894361874	9.86544908726491	0.4935138888594629	0.3771369242159685	0.5822504024773146		1.1741195893660727	1.1281243073278902	1.2233289280332154	completeness = retained dominant bp / FULL reference length of the dominant source genome x 100; contamination = total contaminant bp / the SAME denominator x 100 (MAGICC convention, magicc/contamination.py). Truth from CAMI II's own gsa_mapping.tsv contig->source-genome assignment.
marine	mixed	primary_in_domain_scoreable_LEAKAGE_FREE	CheckM2	contamination	864	193	5.904310304693013	5.5429371801490745	6.272524076576114	-4.935696987087586	-5.367088928026056	-4.493458703819835	7.821206192984262	0.32139486545502216	-0.029651205681904484	0.5149326617287568		0.6610524272049231	0.47930220422694275	0.764071951807586	completeness = retained dominant bp / FULL reference length of the dominant source genome x 100; contamination = total contaminant bp / the SAME denominator x 100 (MAGICC convention, magicc/contamination.py). Truth from CAMI II's own gsa_mapping.tsv contig->source-genome assignment.
marine	mixed	primary_in_domain_scoreable_LEAKAGE_FREE	CoCoPyE	completeness	864	193	8.55730343296319	7.625740410256581	9.532872257885423	8.10190766449477	7.074842885586227	9.189771369619839	11.610686022451372	0.29846461204336183	0.13915935439773505	0.4242034069344375		0.6445370211616159	0.6037284951055356	0.6850686798402019	completeness = retained dominant bp / FULL reference length of the dominant source genome x 100; contamination = total contaminant bp / the SAME denominator x 100 (MAGICC convention, magicc/contamination.py). Truth from CAMI II's own gsa_mapping.tsv contig->source-genome assignment.
marine	mixed	primary_in_domain_scoreable_LEAKAGE_FREE	CoCoPyE	contamination	864	193	17.50062533562131	16.002323138098745	19.083005940987636	17.118286383144678	15.531322558253297	18.760738176093568	21.84258843153566	-4.292707283101116	-7.282579133994191	-2.5114380421112625		1.14339484043332	1.0210630296390388	1.3099119537639046	completeness = retained dominant bp / FULL reference length of the dominant source genome x 100; contamination = total contaminant bp / the SAME denominator x 100 (MAGICC convention, magicc/contamination.py). Truth from CAMI II's own gsa_mapping.tsv contig->source-genome assignment.
marine	mixed	primary_in_domain_scoreable_LEAKAGE_FREE	DeepCheck	completeness	864	193	9.020916889010405	8.07440001263375	10.1130172493808	-6.046286660109241	-7.394787216328581	-4.828925917380051	12.136203626635558	0.23352228829625254	0.042280111170041434	0.37546448278125266		1.207826027737666	1.1558909349356363	1.2635843263490427	completeness = retained dominant bp / FULL reference length of the dominant source genome x 100; contamination = total contaminant bp / the SAME denominator x 100 (MAGICC convention, magicc/contamination.py). Truth from CAMI II's own gsa_mapping.tsv contig->source-genome assignment.
marine	mixed	primary_in_domain_scoreable_LEAKAGE_FREE	DeepCheck	contamination	864	193	6.314826995918151	5.890900913017497	6.704564960424746	-5.551698005109809	-5.987348027787749	-5.074909179366278	8.303882175048457	0.2350518001739459	-0.1323684371538637	0.45847483371857783		0.7256898367156436	0.4180807628482209	0.9327329177404079	completeness = retained dominant bp / FULL reference length of the dominant source genome x 100; contamination = total contaminant bp / the SAME denominator x 100 (MAGICC convention, magicc/contamination.py). Truth from CAMI II's own gsa_mapping.tsv contig->source-genome assignment.
marine	mixed	all_in_domain_scoreable_common_subset	MAGICC_V5	completeness	1995	362	6.968023417794388	6.474475912928415	7.482463365857066	4.609782550169276	3.8065145710658603	5.391412311192157	9.330248046382119	0.5549232842000815	0.4735511151885126	0.6235234037581611		0.8566006405731034	0.8260258237129514	0.8894118137136444	completeness = retained dominant bp / FULL reference length of the dominant source genome x 100; contamination = total contaminant bp / the SAME denominator x 100 (MAGICC convention, magicc/contamination.py). Truth from CAMI II's own gsa_mapping.tsv contig->source-genome assignment.
marine	mixed	all_in_domain_scoreable_common_subset	MAGICC_V5	contamination	1995	362	6.6122810379357055	6.243463891065463	6.993116495718222	-4.437965060729794	-5.08648741718985	-3.7871390784007026	8.867574809894416	0.3412338616246182	0.06122880287388233	0.5083517415510447		0.7952433820944043	0.7341695145387246	0.8623083294390338	completeness = retained dominant bp / FULL reference length of the dominant source genome x 100; contamination = total contaminant bp / the SAME denominator x 100 (MAGICC convention, magicc/contamination.py). Truth from CAMI II's own gsa_mapping.tsv contig->source-genome assignment.
marine	mixed	all_in_domain_scoreable_common_subset	CheckM2	completeness	1995	362	7.561273292029195	6.95787502302842	8.228558497995683	-3.868474885920949	-4.792555399452296	-3.039198519078105	10.395591966442032	0.4474813461753334	0.33895154294702023	0.5286765965620625		1.1894977022355162	1.1570588693765025	1.2238678240376817	completeness = retained dominant bp / FULL reference length of the dominant source genome x 100; contamination = total contaminant bp / the SAME denominator x 100 (MAGICC convention, magicc/contamination.py). Truth from CAMI II's own gsa_mapping.tsv contig->source-genome assignment.
marine	mixed	all_in_domain_scoreable_common_subset	CheckM2	contamination	1995	362	6.0592346414856815	5.821449400904641	6.301060532300949	-4.9578580020535545	-5.276836988674991	-4.638359752793422	8.133393986753466	0.4458017293759091	0.2095038523328793	0.598559086623751		0.761934022577155	0.5924294660999443	0.8900270667970345	completeness = retained dominant bp / FULL reference length of the dominant source genome x 100; contamination = total contaminant bp / the SAME denominator x 100 (MAGICC convention, magicc/contamination.py). Truth from CAMI II's own gsa_mapping.tsv contig->source-genome assignment.
marine	mixed	all_in_domain_scoreable_common_subset	CoCoPyE	completeness	1995	362	8.597100283682533	7.886551079651836	9.337589300502144	8.106017082188055	7.298266802963899	8.899923836741864	11.704900241462516	0.29953905028386296	0.17749003872562902	0.40293842404949165		0.6326903255256469	0.6044123236789419	0.6590071185488487	completeness = retained dominant bp / FULL reference length of the dominant source genome x 100; contamination = total contaminant bp / the SAME denominator x 100 (MAGICC convention, magicc/contamination.py). Truth from CAMI II's own gsa_mapping.tsv contig->source-genome assignment.
marine	mixed	all_in_domain_scoreable_common_subset	CoCoPyE	contamination	1995	362	18.01258134559107	16.77473734489245	19.315229597533005	17.66939431542168	16.382380686209515	19.025084008730506	22.391540310463423	-3.2003887335011925	-5.155937024949535	-1.9630156145072422		1.1135249227899897	1.01878100493103	1.2491932355638324	completeness = retained dominant bp / FULL reference length of the dominant source genome x 100; contamination = total contaminant bp / the SAME denominator x 100 (MAGICC convention, magicc/contamination.py). Truth from CAMI II's own gsa_mapping.tsv contig->source-genome assignment.
marine	mixed	all_in_domain_scoreable_common_subset	DeepCheck	completeness	1995	362	9.313622507635529	8.552860376392285	10.132336538074616	-6.360518968409581	-7.420390679603754	-5.349043225757681	12.570103733169082	0.19215839040026195	0.03912808756614052	0.3150726792210091		1.2115992441371843	1.1724050375569686	1.2492521906922973	completeness = retained dominant bp / FULL reference length of the dominant source genome x 100; contamination = total contaminant bp / the SAME denominator x 100 (MAGICC convention, magicc/contamination.py). Truth from CAMI II's own gsa_mapping.tsv contig->source-genome assignment.
marine	mixed	all_in_domain_scoreable_common_subset	DeepCheck	contamination	1995	362	6.624822212587494	6.195734991296845	7.2030049629870625	-5.251125844845286	-5.698026633976815	-4.728305584422611	9.53224305753361	0.23877724695362001	0.0963146737346929	0.3623823781888096		0.9279194597695765	0.5823985351243479	1.2026946179012195	completeness = retained dominant bp / FULL reference length of the dominant source genome x 100; contamination = total contaminant bp / the SAME denominator x 100 (MAGICC convention, magicc/contamination.py). Truth from CAMI II's own gsa_mapping.tsv contig->source-genome assignment.
marine	mixed	leaked_only	MAGICC_V5	completeness	1131	281	6.792784068226577	6.169001610830608	7.388049036433967	4.923453629924233	4.09720408426061	5.676524532144679	9.24408711326541	0.5678692418025522	0.4668700368669206	0.6509184254772415		0.8629327994163635	0.8230512106645897	0.9061654358047997	completeness = retained dominant bp / FULL reference length of the dominant source genome x 100; contamination = total contaminant bp / the SAME denominator x 100 (MAGICC convention, magicc/contamination.py). Truth from CAMI II's own gsa_mapping.tsv contig->source-genome assignment.
marine	mixed	leaked_only	MAGICC_V5	contamination	1131	281	6.733878111793378	6.219753228807703	7.239678037906015	-4.625029943159031	-5.360163879982243	-3.8626887947824757	9.090684648730644	0.4156663626755015	0.06801808613848513	0.5947521252300332		0.8000418604233024	0.7291907276151095	0.8789469766415137	completeness = retained dominant bp / FULL reference length of the dominant source genome x 100; contamination = total contaminant bp / the SAME denominator x 100 (MAGICC convention, magicc/contamination.py). Truth from CAMI II's own gsa_mapping.tsv contig->source-genome assignment.
marine	mixed	leaked_only	CheckM2	completeness	1131	281	7.833824730587638	7.018485328736583	8.739897091093562	-4.062357322330409	-5.273496181347019	-2.9440172684762587	10.783035148177776	0.4120110529609672	0.2627890165646196	0.5255512948752616		1.2023744352038284	1.1569702559810455	1.2437391952011045	completeness = retained dominant bp / FULL reference length of the dominant source genome x 100; contamination = total contaminant bp / the SAME denominator x 100 (MAGICC convention, magicc/contamination.py). Truth from CAMI II's own gsa_mapping.tsv contig->source-genome assignment.
marine	mixed	leaked_only	CheckM2	contamination	1131	281	6.177585328478489	5.871283980114094	6.508354196158727	-4.974787371576626	-5.452672301034799	-4.491375691306251	8.364035092441766	0.5053484266888857	0.18131314013355088	0.6842074807909727		0.8107057817943361	0.5657857494619722	0.9600309331490238	completeness = retained dominant bp / FULL reference length of the dominant source genome x 100; contamination = total contaminant bp / the SAME denominator x 100 (MAGICC convention, magicc/contamination.py). Truth from CAMI II's own gsa_mapping.tsv contig->source-genome assignment.
marine	mixed	leaked_only	CoCoPyE	completeness	1131	281	8.627502121897841	7.728363153998117	9.722576400754331	8.109156372096985	7.117163703636007	9.257211432475858	11.776365082865603	0.29869062830532056	0.10614359776433885	0.42143731952121605		0.6230164269643346	0.5854843851908683	0.6592749027378649	completeness = retained dominant bp / FULL reference length of the dominant source genome x 100; contamination = total contaminant bp / the SAME denominator x 100 (MAGICC convention, magicc/contamination.py). Truth from CAMI II's own gsa_mapping.tsv contig->source-genome assignment.
marine	mixed	leaked_only	CoCoPyE	contamination	1131	281	18.40367771394993	16.8585415962546	20.137492760457533	18.090399844588195	16.45836517080531	19.8854743876292	22.801996267532644	-2.6763211492588423	-5.250061211326614	-1.308156723264527		1.0968743735625999	0.9800398622603819	1.2735198436779187	completeness = retained dominant bp / FULL reference length of the dominant source genome x 100; contamination = total contaminant bp / the SAME denominator x 100 (MAGICC convention, magicc/contamination.py). Truth from CAMI II's own gsa_mapping.tsv contig->source-genome assignment.
marine	mixed	leaked_only	DeepCheck	completeness	1131	281	9.537227860855785	8.575530619841055	10.663691715952847	-6.600569113742465	-7.949172827789523	-5.402185739433967	12.891735519131803	0.15955384440131148	-0.04707366772262508	0.3075436127192314		1.2161549406247794	1.165891003857634	1.2621117766117402	completeness = retained dominant bp / FULL reference length of the dominant source genome x 100; contamination = total contaminant bp / the SAME denominator x 100 (MAGICC convention, magicc/contamination.py). Truth from CAMI II's own gsa_mapping.tsv contig->source-genome assignment.
marine	mixed	leaked_only	DeepCheck	contamination	1131	281	6.861635534605455	6.2369697266556425	7.753450874442212	-5.02151103806496	-5.767064528104534	-4.029529463176201	10.373073709227066	0.23917875713033399	0.09034765709124967	0.36129558189738403		1.0249896464007726	0.5230998942686883	1.3653665789988894	completeness = retained dominant bp / FULL reference length of the dominant source genome x 100; contamination = total contaminant bp / the SAME denominator x 100 (MAGICC convention, magicc/contamination.py). Truth from CAMI II's own gsa_mapping.tsv contig->source-genome assignment.
marine	mixed	MAGICC_full_coverage_not_tool_comparable	MAGICC_V5	completeness	1070	264	11.815522507198652	10.401517420329023	13.27868827139128	-2.6130383301155287	-4.852591329723946	-0.5327946602446256	17.064549242983418	-0.533450236976583	-0.9073831430586122	-0.20028929675060814		0.5835302696521769	0.46024522007392105	0.6870357973474008	completeness = retained dominant bp / FULL reference length of the dominant source genome x 100; contamination = total contaminant bp / the SAME denominator x 100 (MAGICC convention, magicc/contamination.py). Truth from CAMI II's own gsa_mapping.tsv contig->source-genome assignment.
marine	mixed	MAGICC_full_coverage_not_tool_comparable	MAGICC_V5	contamination	1070	264	8.25890990857168	7.588046962681663	8.942076527465007	-6.434000473244253	-7.392096532581124	-5.438187633588563	11.287014586886842	-0.33114935428653713	-0.8250890433356559	0.011133637920639629		0.546497368145445	0.38774978064789173	0.6860083908030029	completeness = retained dominant bp / FULL reference length of the dominant source genome x 100; contamination = total contaminant bp / the SAME denominator x 100 (MAGICC convention, magicc/contamination.py). Truth from CAMI II's own gsa_mapping.tsv contig->source-genome assignment.
strain_madness	gold	primary_in_domain_scoreable_LEAKAGE_FREE	MAGICC_V5	completeness	700	330	1.2954518038068483	1.1615022451628279	1.4628186583588025	-0.05194461199956641	-0.20220058942116195	0.11019184189056205	2.026527782980983	0.9847464143752258	0.9752786084752524	0.990358883118072		1.0142245882173588	1.007688726707442	1.0205319132574395	completeness = retained dominant bp / FULL reference length of the dominant source genome x 100; contamination = total contaminant bp / the SAME denominator x 100 (MAGICC convention, magicc/contamination.py). Truth from CAMI II's own gsa_mapping.tsv contig->source-genome assignment.
strain_madness	gold	primary_in_domain_scoreable_LEAKAGE_FREE	MAGICC_V5	contamination	700	330	0.5027835903928571	0.40128341168653053	0.660624952432394	0.5027835903928571	0.40128341168653053	0.660624952432394	1.7176917468980668				true value has (near-)zero variance (R1-m19)				completeness = retained dominant bp / FULL reference length of the dominant source genome x 100; contamination = total contaminant bp / the SAME denominator x 100 (MAGICC convention, magicc/contamination.py). Truth from CAMI II's own gsa_mapping.tsv contig->source-genome assignment.
strain_madness	gold	primary_in_domain_scoreable_LEAKAGE_FREE	CheckM2	completeness	700	330	13.957983064916997	13.186877424412957	14.687752438854327	-13.845170344856712	-14.590960031809185	-13.059074825562286	17.09674489939501	-0.08565961565942337	-0.19237803179589338	0.008763680217568839		1.5035047852112058	1.4768920373144063	1.5336634300367111	completeness = retained dominant bp / FULL reference length of the dominant source genome x 100; contamination = total contaminant bp / the SAME denominator x 100 (MAGICC convention, magicc/contamination.py). Truth from CAMI II's own gsa_mapping.tsv contig->source-genome assignment.
strain_madness	gold	primary_in_domain_scoreable_LEAKAGE_FREE	CheckM2	contamination	700	330	3.0152571428571426	2.851958297193214	3.1841714973814947	3.0152571428571426	2.851958297193214	3.1841714973814947	3.728324288470626				true value has (near-)zero variance (R1-m19)				completeness = retained dominant bp / FULL reference length of the dominant source genome x 100; contamination = total contaminant bp / the SAME denominator x 100 (MAGICC convention, magicc/contamination.py). Truth from CAMI II's own gsa_mapping.tsv contig->source-genome assignment.
strain_madness	gold	primary_in_domain_scoreable_LEAKAGE_FREE	CoCoPyE	completeness	700	330	11.561965504174545	10.8516472265413	12.25052792541685	11.547986284362715	10.843575027315914	12.237689071968344	14.687159040835608	0.19879727936555114	0.12774028042757182	0.2607588709807048		0.4814005008095175	0.4603735639144296	0.5026847043948974	completeness = retained dominant bp / FULL reference length of the dominant source genome x 100; contamination = total contaminant bp / the SAME denominator x 100 (MAGICC convention, magicc/contamination.py). Truth from CAMI II's own gsa_mapping.tsv contig->source-genome assignment.
strain_madness	gold	primary_in_domain_scoreable_LEAKAGE_FREE	CoCoPyE	contamination	700	330	23.565089334471704	22.595899121261407	24.607643241694085	23.565089334471704	22.595899121261407	24.607643241694085	27.386428405457888				true value has (near-)zero variance (R1-m19)				completeness = retained dominant bp / FULL reference length of the dominant source genome x 100; contamination = total contaminant bp / the SAME denominator x 100 (MAGICC convention, magicc/contamination.py). Truth from CAMI II's own gsa_mapping.tsv contig->source-genome assignment.
strain_madness	gold	primary_in_domain_scoreable_LEAKAGE_FREE	DeepCheck	completeness	700	330	17.466134753657744	16.675904969412315	18.248790255309036	-17.466133951118916	-18.248788557187428	-16.675902543025572	20.408360432047775	-0.5469741314599159	-0.6884954614032258	-0.4300920850420953		1.5267611315469785	1.4977731254846365	1.558494121056226	completeness = retained dominant bp / FULL reference length of the dominant source genome x 100; contamination = total contaminant bp / the SAME denominator x 100 (MAGICC convention, magicc/contamination.py). Truth from CAMI II's own gsa_mapping.tsv contig->source-genome assignment.
strain_madness	gold	primary_in_domain_scoreable_LEAKAGE_FREE	DeepCheck	contamination	700	330	3.17913627573422	3.035708596379467	3.317244990969414	3.1501687398127145	3.004569213108202	3.2891285195993794	3.707517195364471				true value has (near-)zero variance (R1-m19)				completeness = retained dominant bp / FULL reference length of the dominant source genome x 100; contamination = total contaminant bp / the SAME denominator x 100 (MAGICC convention, magicc/contamination.py). Truth from CAMI II's own gsa_mapping.tsv contig->source-genome assignment.
strain_madness	gold	all_in_domain_scoreable_common_subset	MAGICC_V5	completeness	700	330	1.2954518038068483	1.1605702781056422	1.4713028151740706	-0.05194461199956641	-0.20857215610433633	0.11084023479845063	2.026527782980983	0.9847464143752258	0.9746180070016611	0.990361155945886		1.0142245882173588	1.0075084058552688	1.0205148526855017	completeness = retained dominant bp / FULL reference length of the dominant source genome x 100; contamination = total contaminant bp / the SAME denominator x 100 (MAGICC convention, magicc/contamination.py). Truth from CAMI II's own gsa_mapping.tsv contig->source-genome assignment.
strain_madness	gold	all_in_domain_scoreable_common_subset	MAGICC_V5	contamination	700	330	0.5027835903928571	0.4013614232875492	0.6811240940071647	0.5027835903928571	0.4013614232875492	0.6811240940071647	1.7176917468980668				true value has (near-)zero variance (R1-m19)				completeness = retained dominant bp / FULL reference length of the dominant source genome x 100; contamination = total contaminant bp / the SAME denominator x 100 (MAGICC convention, magicc/contamination.py). Truth from CAMI II's own gsa_mapping.tsv contig->source-genome assignment.
strain_madness	gold	all_in_domain_scoreable_common_subset	CheckM2	completeness	700	330	13.957983064916997	13.231091756693822	14.690582493006731	-13.845170344856712	-14.587480361718779	-13.105563361816827	17.09674489939501	-0.08565961565942337	-0.19627003625680264	0.008346279407031896		1.5035047852112058	1.475302925812056	1.5313467777892027	completeness = retained dominant bp / FULL reference length of the dominant source genome x 100; contamination = total contaminant bp / the SAME denominator x 100 (MAGICC convention, magicc/contamination.py). Truth from CAMI II's own gsa_mapping.tsv contig->source-genome assignment.
strain_madness	gold	all_in_domain_scoreable_common_subset	CheckM2	contamination	700	330	3.0152571428571426	2.8553938339405143	3.1760817093754787	3.0152571428571426	2.8553938339405143	3.1760817093754787	3.728324288470626				true value has (near-)zero variance (R1-m19)				completeness = retained dominant bp / FULL reference length of the dominant source genome x 100; contamination = total contaminant bp / the SAME denominator x 100 (MAGICC convention, magicc/contamination.py). Truth from CAMI II's own gsa_mapping.tsv contig->source-genome assignment.
strain_madness	gold	all_in_domain_scoreable_common_subset	CoCoPyE	completeness	700	330	11.561965504174545	10.91089860988645	12.239529002033297	11.547986284362715	10.898815660823335	12.225410395217985	14.687159040835608	0.19879727936555114	0.1264683213829752	0.25933788596735025		0.4814005008095175	0.4588742819601961	0.5020943068486035	completeness = retained dominant bp / FULL reference length of the dominant source genome x 100; contamination = total contaminant bp / the SAME denominator x 100 (MAGICC convention, magicc/contamination.py). Truth from CAMI II's own gsa_mapping.tsv contig->source-genome assignment.
strain_madness	gold	all_in_domain_scoreable_common_subset	CoCoPyE	contamination	700	330	23.565089334471704	22.568667190568604	24.561296679162123	23.565089334471704	22.568667190568604	24.561296679162123	27.386428405457888				true value has (near-)zero variance (R1-m19)				completeness = retained dominant bp / FULL reference length of the dominant source genome x 100; contamination = total contaminant bp / the SAME denominator x 100 (MAGICC convention, magicc/contamination.py). Truth from CAMI II's own gsa_mapping.tsv contig->source-genome assignment.
strain_madness	gold	all_in_domain_scoreable_common_subset	DeepCheck	completeness	700	330	17.466134753657744	16.681069339839762	18.247199191577977	-17.466133951118916	-18.247198328646075	-16.681069339839762	20.408360432047775	-0.5469741314599159	-0.6876343681912976	-0.4289844718165706		1.5267611315469785	1.497456515514937	1.557187243779872	completeness = retained dominant bp / FULL reference length of the dominant source genome x 100; contamination = total contaminant bp / the SAME denominator x 100 (MAGICC convention, magicc/contamination.py). Truth from CAMI II's own gsa_mapping.tsv contig->source-genome assignment.
strain_madness	gold	all_in_domain_scoreable_common_subset	DeepCheck	contamination	700	330	3.17913627573422	3.040465728145189	3.316304851884535	3.1501687398127145	3.005137725391328	3.292347142229818	3.707517195364471				true value has (near-)zero variance (R1-m19)				completeness = retained dominant bp / FULL reference length of the dominant source genome x 100; contamination = total contaminant bp / the SAME denominator x 100 (MAGICC convention, magicc/contamination.py). Truth from CAMI II's own gsa_mapping.tsv contig->source-genome assignment.
strain_madness	gold	MAGICC_full_coverage_not_tool_comparable	MAGICC_V5	completeness	1107	385	1.3129824479198968	1.1851855598630108	1.4722811803128215	-0.07761309986657841	-0.2281417461500153	0.06775873647757764	2.027125882584185	0.9847400371902836	0.9756837592544265	0.9900785097981805		1.0122394230148435	1.0058194350578098	1.0182040951109266	completeness = retained dominant bp / FULL reference length of the dominant source genome x 100; contamination = total contaminant bp / the SAME denominator x 100 (MAGICC convention, magicc/contamination.py). Truth from CAMI II's own gsa_mapping.tsv contig->source-genome assignment.
strain_madness	gold	MAGICC_full_coverage_not_tool_comparable	MAGICC_V5	contamination	1107	385	0.5163943836440831	0.42890798455164186	0.6415309614084941	0.5163943836440831	0.42890798455164186	0.6415309614084941	1.5460338387552692				true value has (near-)zero variance (R1-m19)				completeness = retained dominant bp / FULL reference length of the dominant source genome x 100; contamination = total contaminant bp / the SAME denominator x 100 (MAGICC convention, magicc/contamination.py). Truth from CAMI II's own gsa_mapping.tsv contig->source-genome assignment.
strain_madness	gold	below_floor_probe_NOT_POOLED	MAGICC_V5	completeness	457	280	11.267702226010472	10.776715465962868	11.767294247028223	11.267702226010472	10.776715465962868	11.767294247028223	12.483682558493982	-3.806689085936693	-4.44545701809514	-3.3157746750847634		0.057124347495530435	0.05133089456516823	0.06277070931007031	completeness = retained dominant bp / FULL reference length of the dominant source genome x 100; contamination = total contaminant bp / the SAME denominator x 100 (MAGICC convention, magicc/contamination.py). Truth from CAMI II's own gsa_mapping.tsv contig->source-genome assignment.
strain_madness	gold	below_floor_probe_NOT_POOLED	MAGICC_V5	contamination	457	280	0.25592143088796504	0.21863795360116073	0.29944886054168895	0.25592143088796504	0.21863795360116073	0.29944886054168895	0.48092845522065714				true value has (near-)zero variance (R1-m19)				completeness = retained dominant bp / FULL reference length of the dominant source genome x 100; contamination = total contaminant bp / the SAME denominator x 100 (MAGICC convention, magicc/contamination.py). Truth from CAMI II's own gsa_mapping.tsv contig->source-genome assignment.
strain_madness	gold	below_floor_probe_NOT_POOLED	CheckM2	completeness	100	87	14.511177670654204	13.425573258474666	15.541027533434342	-14.442694860563261	-15.517034688975253	-13.30185515684128	15.503168352564755	-6.592202834086993	-8.528348455015397	-5.245599069089636		0.628718894046127	0.46665105827351283	0.7973204768971004	completeness = retained dominant bp / FULL reference length of the dominant source genome x 100; contamination = total contaminant bp / the SAME denominator x 100 (MAGICC convention, magicc/contamination.py). Truth from CAMI II's own gsa_mapping.tsv contig->source-genome assignment.
strain_madness	gold	below_floor_probe_NOT_POOLED	CheckM2	contamination	100	87	1.6356	1.4187956657910692	1.8947499999999997	1.6356	1.4187956657910692	1.8947499999999997	2.036977172184313				true value has (near-)zero variance (R1-m19)				completeness = retained dominant bp / FULL reference length of the dominant source genome x 100; contamination = total contaminant bp / the SAME denominator x 100 (MAGICC convention, magicc/contamination.py). Truth from CAMI II's own gsa_mapping.tsv contig->source-genome assignment.
strain_madness	gold	below_floor_probe_NOT_POOLED	CoCoPyE	completeness	100	87	22.145026564537233	21.459614326550156	22.79062132500262	22.145026564537233	21.459614326550156	22.79062132500262	22.390894861130217	-14.83688551672542	-18.728034941204267	-12.122579320956795		0.4823689848038696	0.41288985590470073	0.5711796356221606	completeness = retained dominant bp / FULL reference length of the dominant source genome x 100; contamination = total contaminant bp / the SAME denominator x 100 (MAGICC convention, magicc/contamination.py). Truth from CAMI II's own gsa_mapping.tsv contig->source-genome assignment.
strain_madness	gold	below_floor_probe_NOT_POOLED	CoCoPyE	contamination	100	87	23.327266183587017	22.247696702106644	24.256927293956796	23.327266183587017	22.247696702106644	24.256927293956796	23.880730935662875				true value has (near-)zero variance (R1-m19)				completeness = retained dominant bp / FULL reference length of the dominant source genome x 100; contamination = total contaminant bp / the SAME denominator x 100 (MAGICC convention, magicc/contamination.py). Truth from CAMI II's own gsa_mapping.tsv contig->source-genome assignment.
strain_madness	gold	below_floor_probe_NOT_POOLED	DeepCheck	completeness	100	87	17.614647247037865	16.776033946952783	18.42800698551486	-17.614647247037865	-18.42800698551486	-16.776033946952783	18.13539333439493	-9.389169564458578	-12.003053603026125	-7.634822061329181		0.453728296996489	0.3408170958198414	0.5663390137990995	completeness = retained dominant bp / FULL reference length of the dominant source genome x 100; contamination = total contaminant bp / the SAME denominator x 100 (MAGICC convention, magicc/contamination.py). Truth from CAMI II's own gsa_mapping.tsv contig->source-genome assignment.
strain_madness	gold	below_floor_probe_NOT_POOLED	DeepCheck	contamination	100	87	1.0857590447366237	0.9507284736623497	1.2235689822143438	1.0842157761752604	0.9492093010323451	1.2224466280337662	1.2855320745229424				true value has (near-)zero variance (R1-m19)				completeness = retained dominant bp / FULL reference length of the dominant source genome x 100; contamination = total contaminant bp / the SAME denominator x 100 (MAGICC convention, magicc/contamination.py). Truth from CAMI II's own gsa_mapping.tsv contig->source-genome assignment.
strain_madness	mixed	primary_in_domain_scoreable_LEAKAGE_FREE	MAGICC_V5	completeness	2250	335	4.217788726608258	4.002926518162354	4.4468918126436074	2.700268280365734	2.4071128341824535	2.98962696102541	6.324853076007515	0.7401947649764629	0.7110021821417717	0.7657037035781479		0.9210881926868266	0.901001044804912	0.9402239594544558	completeness = retained dominant bp / FULL reference length of the dominant source genome x 100; contamination = total contaminant bp / the SAME denominator x 100 (MAGICC convention, magicc/contamination.py). Truth from CAMI II's own gsa_mapping.tsv contig->source-genome assignment.
strain_madness	mixed	primary_in_domain_scoreable_LEAKAGE_FREE	MAGICC_V5	contamination	2250	335	4.441146184320198	4.235872354483393	4.666808116181597	-3.6539228857935435	-3.9417852359222834	-3.3730488776541288	6.641344781803404	0.022308545872202434	-0.07006367579269097	0.11159628682174734		0.7933089400084706	0.7531146454720461	0.8323513580896953	completeness = retained dominant bp / FULL reference length of the dominant source genome x 100; contamination = total contaminant bp / the SAME denominator x 100 (MAGICC convention, magicc/contamination.py). Truth from CAMI II's own gsa_mapping.tsv contig->source-genome assignment.
strain_madness	mixed	primary_in_domain_scoreable_LEAKAGE_FREE	CheckM2	completeness	2250	335	7.1555775222682	6.749470965316184	7.576796988341888	-4.178436528967599	-4.775368241033784	-3.609102981840291	9.55798506914837	0.406692674768269	0.3390338096678219	0.4679430892508897		1.183075905337124	1.1480833627569385	1.2172602305498181	completeness = retained dominant bp / FULL reference length of the dominant source genome x 100; contamination = total contaminant bp / the SAME denominator x 100 (MAGICC convention, magicc/contamination.py). Truth from CAMI II's own gsa_mapping.tsv contig->source-genome assignment.
strain_madness	mixed	primary_in_domain_scoreable_LEAKAGE_FREE	CheckM2	contamination	2250	335	5.918412188996866	5.703901897982377	6.130767278435885	-5.246805094007322	-5.500758659217723	-4.983414282549158	7.58286425532451	-0.2745483884457669	-0.35415430373170137	-0.19881567755527105		0.3440120552347439	0.3150810454871536	0.37196862682372506	completeness = retained dominant bp / FULL reference length of the dominant source genome x 100; contamination = total contaminant bp / the SAME denominator x 100 (MAGICC convention, magicc/contamination.py). Truth from CAMI II's own gsa_mapping.tsv contig->source-genome assignment.
strain_madness	mixed	primary_in_domain_scoreable_LEAKAGE_FREE	CoCoPyE	completeness	2250	335	7.78198703071348	7.321192440155854	8.300285048223087	7.427818117082429	6.931160437685941	7.968372477856565	10.813764917665885	0.24054706799447834	0.15831074949343674	0.3149878785020081		0.6819059103085476	0.6546219970466377	0.7076680251590552	completeness = retained dominant bp / FULL reference length of the dominant source genome x 100; contamination = total contaminant bp / the SAME denominator x 100 (MAGICC convention, magicc/contamination.py). Truth from CAMI II's own gsa_mapping.tsv contig->source-genome assignment.
strain_madness	mixed	primary_in_domain_scoreable_LEAKAGE_FREE	CoCoPyE	contamination	2250	335	16.753105732838364	15.916920183954716	17.645632431075438	16.496943527801168	15.622723108489426	17.430088943971004	20.645644842933716	-8.448147601844965	-9.343408306581875	-7.6594756691369295		1.224565177717006	1.1466569904380293	1.3025648293300869	completeness = retained dominant bp / FULL reference length of the dominant source genome x 100; contamination = total contaminant bp / the SAME denominator x 100 (MAGICC convention, magicc/contamination.py). Truth from CAMI II's own gsa_mapping.tsv contig->source-genome assignment.
strain_madness	mixed	primary_in_domain_scoreable_LEAKAGE_FREE	DeepCheck	completeness	2250	335	8.501316763895293	8.000764237789868	9.030565226479522	-6.544399422339182	-7.227780396862524	-5.921268372381072	11.340955846770633	0.1646925899024161	0.07100545986075607	0.24556528193239735		1.1596649666273362	1.125290798492687	1.1926086113032963	completeness = retained dominant bp / FULL reference length of the dominant source genome x 100; contamination = total contaminant bp / the SAME denominator x 100 (MAGICC convention, magicc/contamination.py). Truth from CAMI II's own gsa_mapping.tsv contig->source-genome assignment.
strain_madness	mixed	primary_in_domain_scoreable_LEAKAGE_FREE	DeepCheck	contamination	2250	335	6.29397106783677	6.0793918550265555	6.499313814412285	-5.790376394776969	-6.028397103094837	-5.538996106383882	8.004376502839646	-0.42018454420308027	-0.500559077244997	-0.3463541666723596		0.28921561555689546	0.2668125571227906	0.3141236247142188	completeness = retained dominant bp / FULL reference length of the dominant source genome x 100; contamination = total contaminant bp / the SAME denominator x 100 (MAGICC convention, magicc/contamination.py). Truth from CAMI II's own gsa_mapping.tsv contig->source-genome assignment.
strain_madness	mixed	all_in_domain_scoreable_common_subset	MAGICC_V5	completeness	2250	335	4.217788726608258	4.004673748978827	4.454519802195573	2.700268280365734	2.4184117806188143	3.0087670098871264	6.324853076007515	0.7401947649764629	0.7101919152028369	0.7657739013129865		0.9210881926868266	0.9010544496310448	0.9401730665726717	completeness = retained dominant bp / FULL reference length of the dominant source genome x 100; contamination = total contaminant bp / the SAME denominator x 100 (MAGICC convention, magicc/contamination.py). Truth from CAMI II's own gsa_mapping.tsv contig->source-genome assignment.
strain_madness	mixed	all_in_domain_scoreable_common_subset	MAGICC_V5	contamination	2250	335	4.441146184320198	4.229318775286768	4.673284576983422	-3.6539228857935435	-3.93470643884562	-3.37287181629775	6.641344781803404	0.022308545872202434	-0.07484351567267052	0.11062159897034757		0.7933089400084706	0.7518828348287392	0.8324289664171217	completeness = retained dominant bp / FULL reference length of the dominant source genome x 100; contamination = total contaminant bp / the SAME denominator x 100 (MAGICC convention, magicc/contamination.py). Truth from CAMI II's own gsa_mapping.tsv contig->source-genome assignment.
strain_madness	mixed	all_in_domain_scoreable_common_subset	CheckM2	completeness	2250	335	7.1555775222682	6.762513075606249	7.559040908497527	-4.178436528967599	-4.763254625022378	-3.5981899293496697	9.55798506914837	0.406692674768269	0.3354514438066586	0.4679166509316233		1.183075905337124	1.1507742755282775	1.2153167481149476	completeness = retained dominant bp / FULL reference length of the dominant source genome x 100; contamination = total contaminant bp / the SAME denominator x 100 (MAGICC convention, magicc/contamination.py). Truth from CAMI II's own gsa_mapping.tsv contig->source-genome assignment.
strain_madness	mixed	all_in_domain_scoreable_common_subset	CheckM2	contamination	2250	335	5.918412188996866	5.7042075831901755	6.125288286751217	-5.246805094007322	-5.495739752608456	-4.987933897953008	7.58286425532451	-0.2745483884457669	-0.35022333011510076	-0.20304536013579616		0.3440120552347439	0.31697046432406545	0.3708527937612608	completeness = retained dominant bp / FULL reference length of the dominant source genome x 100; contamination = total contaminant bp / the SAME denominator x 100 (MAGICC convention, magicc/contamination.py). Truth from CAMI II's own gsa_mapping.tsv contig->source-genome assignment.
strain_madness	mixed	all_in_domain_scoreable_common_subset	CoCoPyE	completeness	2250	335	7.78198703071348	7.307000610563697	8.276953155349432	7.427818117082429	6.936917787039155	7.953676441878981	10.813764917665885	0.24054706799447834	0.1585655375984653	0.31560955839150723		0.6819059103085476	0.6553977616704924	0.7078181843758385	completeness = retained dominant bp / FULL reference length of the dominant source genome x 100; contamination = total contaminant bp / the SAME denominator x 100 (MAGICC convention, magicc/contamination.py). Truth from CAMI II's own gsa_mapping.tsv contig->source-genome assignment.
strain_madness	mixed	all_in_domain_scoreable_common_subset	CoCoPyE	contamination	2250	335	16.753105732838364	15.962796804129194	17.582162287912993	16.496943527801168	15.664761060228766	17.347193965163164	20.645644842933716	-8.448147601844965	-9.276922489533904	-7.668246218146126		1.224565177717006	1.1477732816140584	1.3004986556848732	completeness = retained dominant bp / FULL reference length of the dominant source genome x 100; contamination = total contaminant bp / the SAME denominator x 100 (MAGICC convention, magicc/contamination.py). Truth from CAMI II's own gsa_mapping.tsv contig->source-genome assignment.
strain_madness	mixed	all_in_domain_scoreable_common_subset	DeepCheck	completeness	2250	335	8.501316763895293	8.00011229103645	9.038339758172873	-6.544399422339182	-7.196237664037843	-5.920829381445549	11.340955846770633	0.1646925899024161	0.0719592654104326	0.25054590433041746		1.1596649666273362	1.1255934123812286	1.1940990322206755	completeness = retained dominant bp / FULL reference length of the dominant source genome x 100; contamination = total contaminant bp / the SAME denominator x 100 (MAGICC convention, magicc/contamination.py). Truth from CAMI II's own gsa_mapping.tsv contig->source-genome assignment.
strain_madness	mixed	all_in_domain_scoreable_common_subset	DeepCheck	contamination	2250	335	6.29397106783677	6.071188899320227	6.504101476996629	-5.790376394776969	-6.03464050393968	-5.540484083518654	8.004376502839646	-0.42018454420308027	-0.4962244968724363	-0.34203353580436135		0.28921561555689546	0.2661507725135011	0.3129297474007891	completeness = retained dominant bp / FULL reference length of the dominant source genome x 100; contamination = total contaminant bp / the SAME denominator x 100 (MAGICC convention, magicc/contamination.py). Truth from CAMI II's own gsa_mapping.tsv contig->source-genome assignment.
strain_madness	mixed	MAGICC_full_coverage_not_tool_comparable	MAGICC_V5	completeness	2250	335	4.217788726608258	4.0032148898980076	4.440441026788964	2.700268280365734	2.403805750109193	2.9947328681960887	6.324853076007515	0.7401947649764629	0.7108053208138083	0.7668097351571324		0.9210881926868266	0.9014712018912135	0.9401637331367794	completeness = retained dominant bp / FULL reference length of the dominant source genome x 100; contamination = total contaminant bp / the SAME denominator x 100 (MAGICC convention, magicc/contamination.py). Truth from CAMI II's own gsa_mapping.tsv contig->source-genome assignment.
strain_madness	mixed	MAGICC_full_coverage_not_tool_comparable	MAGICC_V5	contamination	2250	335	4.441146184320198	4.237066899972409	4.660216811951603	-3.6539228857935435	-3.92752602541488	-3.363384453491818	6.641344781803404	0.022308545872202434	-0.07086972099169245	0.10758704100560644		0.7933089400084706	0.755107598718706	0.832428462222168	completeness = retained dominant bp / FULL reference length of the dominant source genome x 100; contamination = total contaminant bp / the SAME denominator x 100 (MAGICC convention, magicc/contamination.py). Truth from CAMI II's own gsa_mapping.tsv contig->source-genome assignment.
