bin,stage,method,1_completeness_arc,1_contamination_arc,1_completeness_bac,1_contamination_bac,2_completeness,2_contamination,2_num_markers,3_completeness,3_contamination,coding_density,knn_score,taxonomy,taxonomy_level,notes
proton__GCA_000015865.1,2,markers,0.32608697,0.23188406,0.6666667,0.2037037,0.6947592067988668,0.34088763704380975,353.0,0.690708200122862,0.23705956986764123,0.0021521247613188778,0.29417026,Clostridia,class,
pacbio__GCA_000156375.1,3,markers + neural network,0.5072464,0.10869565,0.9907407,0.009259259,0.9996007740378617,0.011976047904191617,501.0,1.0,0.0,0.0010459446938460356,0.63740396,Desulfovibrio,genus,
mgiseq_t7__GCA_000016065.1,3,markers + neural network,0.3043478,0.11594203,0.6018519,0.16666667,0.6898156425280448,0.21892308944310898,975.0,0.6396644323612806,0.26072255443019304,0.002200542294957105,0.4027231,Shewanella,genus,
mgiseq_2000__GCA_000166095.1,3,markers + neural network,1.0,0.0,0.5277778,0.018518519,1.0,0.0047169811320754715,424.0,1.0,0.0,0.00135261265892996,0.6734586,Euryarchaeota,phylum,
mgiseq_2000__GCA_000011065.1,2,markers,0.20289855,0.057971016,0.41666666,0.06481481,0.5103391358633491,0.09247312711426993,806.0,0.591851121072536,0.11853239644312172,0.0023832808266776207,0.34256175,Bacteroides,genus,
illumina__GCA_000011065.1,3,markers + neural network,0.41304347,0.1594203,0.787037,0.1574074,0.833651892376628,0.297803869042869,979.0,0.7505914569966359,0.26255313172280814,0.0019021023530859152,0.4031912,Bacteroides,genus,
pacbio__GCA_000007225.1,2,markers,0.2173913,0.028985508,0.19444445,0.018518519,0.23005699092506343,0.02564102564102564,234.0,0.6059238771284513,0.0,0.0013712031620180653,0.22261524,Thermoprotei,class,
mgiseq_t7__GCA_000007305.1,1,rejected,0.028985508,0.0,0.009259259,0.0,0.05324074074074074,0.0,216.0,0.5853886181768888,0.0,0.002795007274676468,0.11920891,Archaea,superkingdom,
illumina__GCA_000008085.1,3,markers + neural network,0.7536232,0.007246377,0.44444445,0.027777778,0.6544486597964638,0.007518796992481203,266.0,0.6776612701170672,0.0,0.001062461670362037,0.40250576,Thermoprotei,class,
pacbio__GCA_000013645.1,3,markers + neural network,0.5072464,0.0942029,1.0,0.027777778,1.0,0.0016319869927414483,817.0,1.0,0.0,0.0012060624381142948,0.601547,Paraburkholderia,genus,
mgiseq_2000__GCA_000010505.1,3,markers + neural network,0.49275362,0.07971015,0.9907407,0.0,1.0,0.0019801980198019802,505.0,1.0,0.0045089110542241295,0.001110409731292543,0.72973454,Porphyromonas,genus,
proton__GCA_000011585.1,1,rejected,0.072463766,0.02173913,0.027777778,0.0,0.28385688289089767,0.14514253360022633,573.0,0.587006020432737,0.12318794235503122,0.0021591280841612285,0.23505913,Methanococcales,order,
minion__GCA_000022565.1,1,rejected,0.007246377,0.007246377,0.0,0.0,0.0,0.0,153.0,0.6004365707793138,0.0,0.0021343619414979104,0.050225534,Bacteria,superkingdom,
pacbio__GCA_001639275.1,3,markers + neural network,0.9927536,0.0,0.5462963,0.018518519,0.9816143224057595,0.011210762331838564,446.0,0.9844941939677512,0.0,0.0008815062922694974,0.68521863,Methanobacteriaceae,family,
mgiseq_2000__GCA_000011205.1,1,rejected,0.050724637,0.0,0.037037037,0.0,0.0718562874251497,0.0,167.0,0.5754460207915297,0.0,0.0024413628141895564,0.15211178,Archaea,superkingdom,
minion__GCA_000008185.1,2,markers,0.19565217,0.4710145,0.4814815,0.6203704,0.6576943825353028,1.3128058727569332,613.0,0.6744310153460096,0.23716206857223543,0.002855763082553587,0.16167124,Treponema,genus,
illumina__GCA_000156375.1,3,markers + neural network,0.5072464,0.14492753,0.9814815,0.046296295,0.992947454699975,0.07644711187975611,501.0,1.0,0.06510875022252757,0.0011512416887124192,0.59162396,Desulfovibrio,genus,
illumina__GCA_000015865.1,3,markers + neural network,0.47826087,0.22463769,0.9722222,0.19444445,0.9573398413739356,0.24570153229428035,411.0,0.9640876520598738,0.20206128984752328,0.00147006379762041,0.40769136,Eubacteriales,order,
mgiseq_t7__GCA_000009705.1,3,markers + neural network,0.46376812,0.16666667,0.962963,0.23148148,0.9589515935065839,0.29443619725258485,674.0,0.9629335636379119,0.17629573788974692,0.001536539760357008,0.3839137,Nostocales,order,
illumina__GCA_000007225.1,2,markers,0.3188406,0.057971016,0.19444445,0.046296295,0.3900462680392795,0.06666666666666667,360.0,0.5850283892466408,0.0707056967692378,0.002155073974263683,0.3251156,Thermoprotei,class,
s5__GCA_000020465.1,3,markers + neural network,0.49275362,0.14492753,0.9907407,0.12962963,0.9726225663330782,0.08333333699778796,694.0,0.9721207049241438,0.09121031040858404,0.0012208875496959144,0.6340205,Chlorobiaceae,family,
minion__GCA_000011065.1,2,markers,0.2536232,0.42028984,0.33333334,0.44444445,0.38661894542631847,0.7481352265898165,858.0,0.5863676582186623,0.3081292355735619,0.0032040831070038796,0.11282155,Bacteroides,genus,
mgiseq_t7__GCA_000172575.2,2,markers,0.06521739,0.0,0.10185185,0.009259259,0.1482720263426918,0.006688963210702341,299.0,0.5745524470828153,0.0,0.003156978792869111,0.19925974,Bacilli,class,
s5__GCA_000008085.1,3,markers + neural network,0.73188406,0.028985508,0.42592594,0.055555556,0.6831896551724138,0.034482758620689655,232.0,0.7037656227466547,0.03095668907571108,0.0011817870500312234,0.37819332,Archaea,superkingdom,
s5__GCA_000008665.1,3,markers + neural network,0.942029,0.20289855,0.5,0.18518518,0.9567474048442907,0.2632641379808472,289.0,0.9645656915359205,0.19293218390572497,0.001728947818162522,0.42119732,Euryarchaeota,phylum,
illumina__GCA_000019085.1,3,markers + neural network,0.49275362,0.072463766,1.0,0.0,1.0,0.0,622.0,0.9965349718443922,0.0,0.0014534419846597376,0.7168581,Thermoanaerobacteraceae,family,
illumina__GCA_000016125.1,3,markers + neural network,1.0,0.13043478,0.5648148,0.09259259,0.9976810886548914,0.07708695784859035,575.0,1.0,0.095673477558749,0.0012778904326038243,0.6799463,Methanococcales,order,
mgiseq_t7__GCA_000156375.1,3,markers + neural network,0.5,0.23188406,0.9814815,0.18518518,0.9870259481037924,0.2624750499001996,501.0,0.9959286862813612,0.21977719529056816,0.0014345237209561405,0.46885175,Desulfovibrio,genus,
pacbio__GCA_000010505.1,3,markers + neural network,0.4347826,0.10869565,0.7407407,0.027777778,0.6352805562538676,0.06798680371577197,505.0,0.6420397492563021,0.08271263356626651,0.0012709845617544617,0.47600573,Porphyromonas,genus,
mgiseq_t7__GCA_000195675.1,2,markers,0.11594203,0.036231883,0.21296297,0.037037037,0.22072522131030908,0.015968063872255488,501.0,0.5804883666004607,0.0,0.0030602882377513876,0.23681608,Betaproteobacteria,class,
s5__GCA_000009705.1,3,markers + neural network,0.5,0.17391305,1.0,0.23148148,0.988619119878604,0.22635304475590384,659.0,0.997136733327699,0.1420782884273498,0.0013058242819252144,0.42787775,Cyanophyceae,class,
s5__GCA_000008565.1,2,markers,0.07971015,0.014492754,0.10185185,0.009259259,0.14281046000960607,0.02287581699346405,306.0,0.5735050868063887,0.007152729982621613,0.0018679350651851566,0.1808171,Bacteria,superkingdom,
pacbio__GCA_000018945.1,3,markers + neural network,0.5217391,0.06521739,0.9722222,0.0,0.999031007751938,0.00872093023255814,516.0,0.9958393461372537,0.008257166226359795,0.0013590013542254806,0.6465528,Thermotogales,order,
mgiseq_2000__GCA_000018565.1,3,markers + neural network,0.5,0.07971015,0.9907407,0.018518519,0.9719626168224299,0.040498442367601244,321.0,0.9319862093950404,0.03815890700929021,0.0009340954072101067,0.3879162,Bacteria,superkingdom,
proton__GCA_000196115.1,3,markers + neural network,0.4710145,0.11594203,0.9722222,0.037037037,1.0,0.05396476191045954,454.0,0.9984108337731445,0.03354165322970339,0.0009039417057027728,0.55708957,Planctomycetia,class,
mgiseq_2000__GCA_000009225.1,3,markers + neural network,0.49275362,0.22463769,0.9722222,0.21296297,0.9883097585839538,0.19758731519166953,1276.0,0.9847799461660491,0.16208931536197496,0.0015437794247710709,0.5675065,Pseudomonas,genus,
mgiseq_t7__GCA_000007185.1,3,markers + neural network,0.8913044,0.1884058,0.46296296,0.10185185,0.8557755574141398,0.27795379940826115,505.0,0.8292607466607185,0.2515483142360221,0.0013455870664006975,0.43837148,Euryarchaeota,phylum,
pacbio__GCA_000008665.1,3,markers + neural network,1.0,0.028985508,0.5185185,0.027777778,0.9983388704318937,0.02408637873754153,301.0,0.9924914508410149,0.0,0.0013558587151125887,0.57796127,Euryarchaeota,phylum,
mgiseq_2000__GCA_000091665.1,3,markers + neural network,1.0,0.007246377,0.5185185,0.018518519,0.9995948136142626,0.008914100486223663,617.0,1.0,0.006477001533894751,0.001241945094836035,0.76787335,Methanococcales,order,
s5__GCA_000018865.1,3,markers + neural network,0.5,0.22463769,0.9537037,0.19444445,0.9754716981132076,0.20754716981132076,265.0,0.9839974930006649,0.14086437179634542,0.0012666506253046317,0.3971452,Bacteria,superkingdom,
s5__GCA_000013645.1,3,markers + neural network,0.3768116,0.16666667,0.6388889,0.18518518,0.6442768859863282,0.19625,800.0,0.6390487665014094,0.17073737077066106,0.0020360152753227897,0.32176238,Burkholderiaceae,family,
s5__GCA_000009145.1,3,markers + neural network,0.5,0.072463766,0.9907407,0.027777778,1.0,0.01787591958271592,634.0,1.0,0.0,0.0013300272268320856,0.6492891,Nitrosomonadaceae,family,
pacbio__GCA_000012825.1,3,markers + neural network,0.5,0.08695652,1.0,0.027777778,1.0,0.002764613142510726,844.0,1.0,0.0,0.00111672795623938,0.67851454,Bacteroidaceae,family,
proton__GCA_000022325.1,2,markers,0.26086956,0.14492753,0.4537037,0.23148148,0.6376731682256236,0.31900982845937853,882.0,0.6320248440173832,0.2900695831502413,0.002088599806264837,0.3531552,Caldicellulosiruptor,genus,
proton__GCA_000016545.1,3,markers + neural network,0.5,0.13043478,1.0,0.06481481,1.0,0.0526269053498777,939.0,0.998693662186722,0.008295039734448173,0.001323041987800925,0.73583364,Caldicellulosiruptor,genus,
mgiseq_2000__GCA_000015805.1,3,markers + neural network,0.9710145,0.13043478,0.5092593,0.12037037,0.986049971391451,0.20062407102878924,454.0,0.9855820955680819,0.18766889090021283,0.0013379537055454936,0.57768095,Thermoproteaceae,family,
illumina__GCA_000006985.1,3,markers + neural network,0.5,0.072463766,1.0,0.0,1.0,0.0036023054755043226,694.0,1.0,0.0,0.0012850141777712215,0.73038054,Chlorobiaceae,family,
proton__GCA_000009145.1,3,markers + neural network,0.5,0.06521739,0.9907407,0.037037037,1.0,0.04889589905362776,634.0,1.0,0.027279807774135953,0.0013447039097460498,0.63074076,Nitrosomonadaceae,family,
minion__GCA_000007185.1,2,markers,0.6884058,0.54347825,0.41666666,0.3888889,0.6385041551246537,0.7532318199770602,361.0,0.691633335832081,0.3366711732692283,0.0018308936061048528,0.22277318,Euryarchaeota,phylum,
pacbio__GCA_000017945.1,3,markers + neural network,0.9710145,0.028985508,0.5185185,0.055555556,1.0,0.013513513513513514,222.0,0.9993323462878806,0.0,0.001031152968966986,0.59597445,Thermoprotei,class,
mgiseq_2000__GCA_000018865.1,3,markers + neural network,0.5,0.24637681,0.9722222,0.25,0.9731404958677686,0.256198347107438,242.0,0.9864013463927808,0.16140962497266215,0.001418381159517907,0.36163715,Bacteria,superkingdom,
s5__GCA_000006805.1,3,markers + neural network,0.9492754,0.1521739,0.5277778,0.12962963,0.8989795918367347,0.194557828319316,490.0,0.8865477647602107,0.18161709191653397,0.0014624477706531658,0.4850071,Halobacteria,class,
mgiseq_t7__GCA_000196115.1,3,markers + neural network,0.4710145,0.10869565,0.9722222,0.018518519,1.0,0.0,454.0,0.9921515963824752,0.0,0.0008698846882894338,0.59264934,Planctomycetia,class,
s5__GCA_000166095.1,3,markers + neural network,1.0,0.014492754,0.5277778,0.037037037,1.0,0.025550315964896726,424.0,1.0,0.0,0.0013818109192290113,0.6566374,Euryarchaeota,phylum,
mgiseq_2000__GCA_000022565.1,3,markers + neural network,0.3043478,0.10144927,0.5925926,0.12037037,0.7353603407222792,0.23101672610721072,518.0,0.6795449826233542,0.22610598622792855,0.0019254283940252036,0.34003967,Acidobacteriaceae,family,
mgiseq_2000__GCA_000008085.1,3,markers + neural network,0.73913044,0.04347826,0.4351852,0.037037037,0.643170464307742,0.03759398496240601,266.0,0.6900912465838077,0.0393660103783575,0.0012088783194609592,0.37146086,Thermoprotei,class,
mgiseq_t7__GCA_000017325.1,2,markers,0.10869565,0.028985508,0.1574074,0.027777778,0.2635044839724258,0.045095897988515966,1373.0,0.5584940349110629,0.0502412156469191,0.0015937628837119342,0.26046637,Shewanella,genus,
minion__GCA_000016425.1,2,markers,0.23913044,0.2826087,0.35185185,0.4722222,0.24736842105263157,0.29473684210526313,190.0,0.6258779948412969,0.1735409507292931,0.0022409743199698646,0.093133114,Bacteria,superkingdom,
mgiseq_2000__GCA_000016545.1,3,markers + neural network,0.5,0.11594203,1.0,0.018518519,1.0,0.0010649627263045794,939.0,1.0,0.0,0.001282489257299672,0.77706456,Caldicellulosiruptor,genus,
s5__GCA_000021665.1,3,markers + neural network,0.46376812,0.08695652,0.9259259,0.009259259,0.9520092039179981,0.035137844802741715,1330.0,0.9513214600452623,0.0224409213864908,0.0011905278750411745,0.6929805,Shewanella,genus,
proton__GCA_000011065.1,2,markers,0.2173913,0.10869565,0.33333334,0.12037037,0.44461271647710543,0.1988614175569604,849.0,0.5744714810559046,0.18749628522922338,0.0022223275159683115,0.25815687,Bacteroides,genus,
illumina__GCA_000008185.1,3,markers + neural network,0.5072464,0.1521739,0.9722222,0.09259259,0.9958041958041958,0.1263170148942854,715.0,0.9948780560315251,0.11282272425331619,0.0011966330619758167,0.67252064,Treponema,genus,
proton__GCA_000020465.1,3,markers + neural network,0.3188406,0.0942029,0.6851852,0.037037037,0.9279538904899135,0.11059078909134659,694.0,0.9235378661332155,0.12613740249493172,0.0012590082448689283,0.58910453,Chlorobiaceae,family,
mgiseq_t7__GCA_000012825.1,2,markers,0.41304347,0.20289855,0.7962963,0.25,0.8832896912020016,0.35527232051674834,765.0,0.8325489477427552,0.24750549683658682,0.002078923130891229,0.3830569,Bacteroidaceae,family,
illumina__GCA_000015125.1,3,markers + neural network,0.49275362,0.07971015,1.0,0.018518519,1.0,0.014271892553143992,689.0,1.0,0.0,0.0011592771891529745,0.6812606,Chlorobiaceae,family,
illumina__GCA_000022325.1,3,markers + neural network,0.49275362,0.14492753,0.9351852,0.1388889,0.9324290823429189,0.19285461750436336,940.0,0.9079308332229246,0.19130308851226246,0.0015801279129995975,0.5901268,Caldicellulosiruptor,genus,
mgiseq_2000__GCA_000007305.1,1,rejected,0.072463766,0.0,0.046296295,0.0,0.08376288659793814,0.0,194.0,0.5851990758457531,0.0,0.0028651693245188613,0.15199369,Archaea,superkingdom,
s5__GCA_000016545.1,3,markers + neural network,0.5,0.123188406,1.0,0.037037037,1.0,0.022896698615548456,939.0,1.0,0.0,0.0012979295017863674,0.759423,Caldicellulosiruptor,genus,
mgiseq_2000__GCA_000007185.1,3,markers + neural network,0.9202899,0.13768116,0.49074075,0.12962963,0.864693446088795,0.26945031067281644,473.0,0.8538005225378622,0.2342186911557384,0.0012959802005610816,0.45090696,Euryarchaeota,phylum,
illumina__GCA_000017945.1,3,markers + neural network,0.9710145,0.007246377,0.5185185,0.027777778,1.0,0.0,222.0,0.9933402654038661,0.0,0.0010219030980001989,0.60118365,Thermoprotei,class,
s5__GCA_000008185.1,3,markers + neural network,0.5072464,0.16666667,0.962963,0.17592593,0.9877622377622378,0.26578087439903847,715.0,0.9862977767657956,0.22831885688760756,0.0013654253686464475,0.5607857,Treponema,genus,
pacbio__GCA_000006985.1,3,markers + neural network,0.5,0.06521739,1.0,0.0,1.0,0.0,694.0,1.0,0.0,0.0012762003940906816,0.734007,Chlorobiaceae,family,
mgiseq_2000__GCA_000009145.1,3,markers + neural network,0.5,0.072463766,0.9907407,0.009259259,1.0,0.0,634.0,1.0,0.0,0.0013011063277223814,0.6600691,Nitrosomonadaceae,family,
proton__GCA_000018865.1,3,markers + neural network,0.48550725,0.23188406,0.9537037,0.2685185,0.9723502304147466,0.2672811059907834,217.0,0.9854911633298288,0.1675127954835247,0.001351372997878286,0.37965453,Bacteria,superkingdom,
minion__GCA_000009705.1,2,markers,0.3188406,0.68115944,0.537037,0.9259259,0.6791666848318917,1.4379464285714285,560.0,0.6638211616035812,0.2282148802873894,0.002841922829013286,0.122385375,Cyanophyceae,class,
mgiseq_t7__GCA_000016425.1,2,markers,0.18115942,0.02173913,0.28703704,0.037037037,0.3076923076923077,0.03496503496503497,286.0,0.5871752190146252,0.06146360501485839,0.0025758496766471214,0.24443498,Actinomycetes,class,
proton__GCA_000015805.1,3,markers + neural network,0.9782609,0.1594203,0.5185185,0.10185185,0.9842144130085009,0.2830396475770925,454.0,0.9819916091975907,0.24140962699004084,0.0014220094428862352,0.5232995,Thermoproteaceae,family,
pacbio__GCA_000021565.1,3,markers + neural network,0.5072464,0.050724637,0.9907407,0.0,1.0,0.0,383.0,0.9895756932103752,0.008117072459345134,0.001239510428679992,0.64192295,Bacteria,superkingdom,
mgiseq_2000__GCA_000007225.1,2,markers,0.123188406,0.007246377,0.083333336,0.009259259,0.16018518518518518,0.011111111111111112,270.0,0.5756228069113588,0.0,0.0022845934816647442,0.20527929,Thermoprotei,class,
minion__GCA_000016065.1,2,markers,0.04347826,0.072463766,0.10185185,0.1574074,0.2563929279958169,0.4818897637795276,635.0,0.609767663738277,0.250070915719535,0.0030862637649435236,0.11004589,Alteromonadales,order,
pacbio__GCA_000018565.1,3,markers + neural network,0.5,0.10144927,0.9907407,0.018518519,0.9719626168224299,0.040498442367601244,321.0,0.9318465988442224,0.03393468399984405,0.000916982705399631,0.3871819,Bacteria,superkingdom,
proton__GCA_000021565.1,3,markers + neural network,0.5072464,0.07971015,0.9907407,0.027777778,1.0,0.06109660474812082,383.0,1.0,0.10012603684335121,0.0012823229054505737,0.59588647,Bacteria,superkingdom,
proton__GCA_000008085.1,3,markers + neural network,0.73188406,0.072463766,0.4351852,0.046296295,0.6971153846153846,0.09134615384615384,208.0,0.7222982291719185,0.10604719745165556,0.001270076815642458,0.34623095,Archaea,superkingdom,
pacbio__GCA_000016785.1,3,markers + neural network,0.51449275,0.06521739,0.9814815,0.009259259,1.0,0.005588428978854147,507.0,0.9977254211016077,0.00719864618128023,0.0013835946150036935,0.65177655,Thermotogales,order,
minion__GCA_000017945.1,2,markers,0.95652175,0.7173913,0.5185185,0.6111111,0.9819277108433735,0.9899598393574297,249.0,0.9505413112827397,0.2492992955349056,0.0020710991854898425,0.27002516,Thermoprotei,class,
proton__GCA_000011105.1,3,markers + neural network,1.0,0.02173913,0.5277778,0.037037037,1.0,0.023265653051902396,591.0,1.0,0.012329051360989406,0.0013188008662007246,0.7282532,Thermococcaceae,family,
illumina__GCA_000308215.1,2,markers,0.11594203,0.0,0.037037037,0.0,0.14181286549707603,0.0,171.0,0.5907400721113125,0.0,0.0015742817761682116,0.1660439,Archaea,superkingdom,
mgiseq_t7__GCA_000017945.1,3,markers + neural network,0.9710145,0.007246377,0.5185185,0.027777778,1.0,0.0,222.0,0.9931738987315607,0.0,0.00102637735831597,0.59973335,Thermoprotei,class,
minion__GCA_003019295.1,2,markers,0.47826087,0.64492756,0.9814815,1.0185186,0.9944852941176471,1.4166871613147212,816.0,1.0,0.15208294383040394,0.002971304649469213,0.2200211,Fusobacterium,genus,
s5__GCA_000011105.1,3,markers + neural network,1.0,0.007246377,0.5277778,0.027777778,1.0,0.01833051433014587,591.0,1.0,0.0,0.0013080749870834074,0.74157894,Thermococcaceae,family,
illumina__GCA_000015805.1,3,markers + neural network,0.98550725,0.036231883,0.5185185,0.046296295,0.998898678414097,0.045521290816924645,454.0,1.0,0.02193671806981163,0.00116168852861507,0.68444437,Thermoproteaceae,family,
mgiseq_2000__GCA_000010305.1,3,markers + neural network,0.48550725,0.07971015,0.9537037,0.009259259,1.0,0.0,259.0,0.9774200109139339,0.0,0.0009825935939817114,0.5237494,Bacteria,superkingdom,
mgiseq_2000__GCA_000017945.1,3,markers + neural network,0.9710145,0.007246377,0.5185185,0.027777778,1.0,0.0,222.0,0.9931738987315607,0.0,0.0010263583633169805,0.59973335,Thermoprotei,class,
illumina__GCA_000018565.1,3,markers + neural network,0.5,0.07971015,0.9907407,0.018518519,0.9719626168224299,0.04205607476635514,321.0,0.9325161578562924,0.040274032792420714,0.0009291357326707631,0.38706437,Bacteria,superkingdom,
proton__GCA_000016085.1,3,markers + neural network,0.5,0.17391305,1.0,0.23148148,0.998371335504886,0.09751628664495114,614.0,1.0,0.07456592234715584,0.0013432193197185404,0.6331051,Chlorobiaceae,family,
s5__GCA_000011585.1,2,markers,0.16666667,0.028985508,0.046296295,0.009259259,0.3442528823326374,0.09689655303955078,580.0,0.5885601481919295,0.09248376937726366,0.00194317193671089,0.30344605,Methanococcales,order,
s5__GCA_000091665.1,3,markers + neural network,1.0,0.007246377,0.5185185,0.027777778,0.9995941558441559,0.01461038961038961,616.0,1.0,0.011820921487336072,0.001262666374778557,0.75920755,Methanococcales,order,
mgiseq_t7__GCA_000008565.1,2,markers,0.08695652,0.028985508,0.17592593,0.0,0.2832778702163062,0.050471434378980995,601.0,0.5650473058096324,0.05764934524237993,0.002229885836623792,0.2657466,Deinococcus,genus,
mgiseq_t7__GCA_000008085.1,3,markers + neural network,0.7463768,0.04347826,0.4351852,0.037037037,0.7068965517241379,0.04310344827586207,232.0,0.7107035646290933,0.031249940529721375,0.0012471348836575354,0.36949158,Archaea,superkingdom,
proton__GCA_000018265.1,2,markers,0.1521739,0.028985508,0.2685185,0.055555556,0.2778688524590164,0.07540983606557378,305.0,0.5934154276076525,0.10595903725119604,0.0019638795487210117,0.20452146,Actinomycetes,class,
mgiseq_t7__GCA_002952055.1,3,markers + neural network,0.49275362,0.10869565,0.9444444,0.0,0.9963369963369964,0.0,273.0,0.9720823684050608,0.0,0.0010339716088783202,0.5426689,Bacteria,superkingdom,
pacbio__GCA_000022325.1,1,rejected,0.0,0.0,0.009259259,0.0,0.0469208211143695,0.0,341.0,0.5952215486112397,0.0,0.0012956504891988763,0.09998388,Bacteria,superkingdom,
mgiseq_t7__GCA_000018945.1,3,markers + neural network,0.5217391,0.057971016,0.9722222,0.0,0.9983849340631056,0.011304909868757854,516.0,0.9956989942760075,0.012592143499647442,0.0013696307701494064,0.6440794,Thermotogales,order,
proton__GCA_000022565.1,3,markers + neural network,0.3768116,0.1594203,0.6666667,0.12962963,0.6320513211763822,0.21666666177602914,520.0,0.641114417185301,0.1935246095325509,0.0017580052637350587,0.31850624,Acidobacteriaceae,family,
minion__GCA_000018565.1,2,markers,0.49275362,0.49275362,0.9722222,0.5555556,0.9849246231155779,0.6055276381909548,199.0,0.9343398261057846,0.09611552003612936,0.0016422519042952944,0.21186867,Bacteria,superkingdom,
s5__GCA_000016085.1,3,markers + neural network,0.5,0.08695652,1.0,0.027777778,0.997387171578486,0.06023102310231023,606.0,1.0,0.039322630882250215,0.001298700654705794,0.6502044,Chlorobiaceae,family,
mgiseq_2000__GCA_000015125.1,3,markers + neural network,0.48550725,0.0942029,0.9907407,0.06481481,0.9970544918998527,0.07425135189724952,679.0,1.0,0.057356006617448885,0.0012283299245736225,0.63168716,Chlorobiaceae,family,
minion__GCA_000018865.1,2,markers,0.47826087,0.76086956,0.9166667,1.1574074,0.9166666666666666,1.3218953749712776,204.0,0.8733915312479096,0.12221234525498198,0.0024162978996977555,0.14171712,Bacteria,superkingdom,
mgiseq_2000__GCA_000008185.1,3,markers + neural network,0.49275362,0.19565217,0.9351852,0.21296297,0.9780419409691871,0.26144520152698864,715.0,0.9687863187788138,0.2286666858012205,0.0014034586747599322,0.54561985,Treponema,genus,
s5__GCA_000021645.1,1,rejected,0.057971016,0.04347826,0.083333336,0.046296295,0.11019736842105263,0.05263157894736842,152.0,0.5897891740120158,0.01699398761506992,0.002707325060951203,0.12124175,Bacteria,superkingdom,
illumina__GCA_000010505.1,3,markers + neural network,0.49275362,0.07971015,0.9907407,0.0,1.0,0.0,505.0,1.0,0.0007091614480351435,0.0011207712550091863,0.7299781,Porphyromonas,genus,
minion__GCA_000016125.1,2,markers,0.82608694,0.89855075,0.5092593,0.6388889,0.8415254237288136,1.6757627325542903,590.0,0.8214298183701594,0.19202629440241364,0.003328023919059611,0.16611658,Methanococcales,order,
illumina__GCA_000020225.1,3,markers + neural network,0.45652175,0.057971016,0.9444444,0.018518519,1.0,0.04067796610169491,295.0,1.0,0.03302737635187398,0.0009981659034753387,0.581492,Bacteria,superkingdom,
pacbio__GCA_000008185.1,3,markers + neural network,0.2753623,0.06521739,0.6388889,0.009259259,0.7643122746394231,0.07289043506542286,715.0,0.744136474849143,0.06841102282760528,0.0011679423943784326,0.5689401,Treponema,genus,
s5__GCA_000017325.1,1,rejected,0.06521739,0.007246377,0.083333336,0.0,0.10024407518458665,0.004881450321883836,478.0,0.5595473726498007,0.001146692085160099,0.0010602727221444433,0.15737498,Bacteria,superkingdom,
s5__GCA_000015125.1,3,markers + neural network,0.442029,0.10144927,0.8981481,0.083333336,0.9683115921795628,0.1283260727482368,689.0,0.9687514910580542,0.12274085969138854,0.0012800344947919806,0.58163065,Chlorobiaceae,family,
s5__GCA_000015805.1,3,markers + neural network,0.98550725,0.17391305,0.5185185,0.083333336,0.9955947136563876,0.2294419914615312,454.0,0.9990336845435634,0.20683689246963852,0.0013568263595569341,0.5622491,Thermoproteaceae,family,
illumina__GCA_000172575.2,2,markers,0.24637681,0.04347826,0.4537037,0.046296295,0.4569455159832562,0.06676052274573549,1243.0,0.5977445808666475,0.09717506420239044,0.002625517053476333,0.36318162,Enterococcus faecalis,species,
minion__GCA_000010505.1,2,markers,0.47826087,0.4347826,0.9537037,0.6574074,0.953503561863028,0.9535036218189772,509.0,0.9449461745916025,0.23899976532118172,0.002075321897684065,0.29119223,Bacteroidales,order,
mgiseq_t7__GCA_000008665.1,2,markers,0.884058,0.21014492,0.4722222,0.1574074,0.906021897810219,0.30261559033915947,274.0,0.8971031446290465,0.20605465273332166,0.0021028188419666364,0.37854192,Euryarchaeota,phylum,
illumina__GCA_000020325.1,3,markers + neural network,0.48550725,0.0942029,0.962963,0.055555556,0.9948586118251928,0.1006855216921142,389.0,1.0,0.09682789221212437,0.0014895296379481993,0.56890154,Bacteria,superkingdom,
illumina__GCA_000016065.1,3,markers + neural network,0.3478261,0.1521739,0.7685185,0.12962963,0.8915656360227671,0.2604966234804979,1072.0,0.8608269069661422,0.25972503464109176,0.0017274479649799944,0.4836528,Shewanella,genus,
pacbio__GCA_000010305.1,3,markers + neural network,0.48550725,0.07971015,0.9537037,0.009259259,1.0,0.0,279.0,0.9789663900877158,0.0,0.0009846488797300777,0.52399933,Bacteria,superkingdom,
illumina__GCA_000195675.1,2,markers,0.24637681,0.028985508,0.32407406,0.027777778,0.39332628038194445,0.0701234605577257,675.0,0.5900667474489297,0.0908500996110092,0.0027589966281716966,0.3009264,Alcaligenaceae,family,
mgiseq_t7__GCA_000009145.1,3,markers + neural network,0.5,0.072463766,0.9907407,0.009259259,1.0,0.0,634.0,1.0,0.0,0.0013018474872203878,0.66049707,Nitrosomonadaceae,family,
minion__GCA_000012825.1,2,markers,0.5,0.9637681,0.9537037,1.6018518,0.9522237437561922,1.9933620840901585,757.0,0.9025666366380201,0.13481880563168558,0.0031435624084425965,0.14995345,Bacteroidaceae,family,
minion__GCA_000091665.1,2,markers,1.0,0.6304348,0.5185185,0.3611111,1.0,1.0473527954695097,617.0,1.0,0.2619647948324437,0.002406907940953596,0.31679335,Methanococcales,order,
proton__GCA_000018565.1,3,markers + neural network,0.5,0.08695652,0.9907407,0.027777778,0.9725609756097561,0.07621951219512195,328.0,0.9495477064574731,0.05210060377241792,0.0009703283949054678,0.37666816,Bacteria,superkingdom,
mgiseq_t7__GCA_000021665.1,3,markers + neural network,0.4710145,0.13043478,0.9259259,0.06481481,0.9594922567856142,0.1888758550391792,1339.0,0.9537470678689888,0.17668080511270043,0.001363913131723158,0.5821328,Shewanella,genus,
illumina__GCA_000016785.1,3,markers + neural network,0.5072464,0.06521739,0.9722222,0.0,0.9901380670611439,0.0036160421559561402,507.0,0.987065218736882,0.007038531471060296,0.0013999903448941732,0.651547,Thermotogales,order,
mgiseq_2000__GCA_000013645.1,3,markers + neural network,0.3478261,0.13768116,0.6111111,0.12037037,0.6933608485298205,0.19250317662007624,787.0,0.6536484350031273,0.15681992540947132,0.0022647309347654135,0.3553035,Burkholderiaceae,family,
mgiseq_2000__GCA_000008565.1,2,markers,0.11594203,0.028985508,0.22222222,0.037037037,0.28861786845669096,0.03455284331318394,574.0,0.5762679287466298,0.032714054573935246,0.002217904621085421,0.2742088,Deinococcus,genus,
mgiseq_2000__GCA_000016785.1,3,markers + neural network,0.5072464,0.057971016,0.9722222,0.0,0.9894805848010664,0.0036160419208293364,507.0,0.9858074671251136,0.008649127579336544,0.0014057881090756915,0.65133965,Thermotogales,order,
mgiseq_t7__GCA_000021645.1,2,markers,0.08695652,0.028985508,0.1388889,0.009259259,0.23348017621145375,0.02643171806167401,227.0,0.582420627868503,0.024369311483447613,0.0027893536325143647,0.22789402,Bacteria,superkingdom,
pacbio__GCA_000021665.1,3,markers + neural network,0.5,0.23188406,1.0,0.18518518,0.9992531740104555,0.025848476988241866,1339.0,1.0,0.01417276854208381,0.0011592560007747104,0.7515601,Shewanella,genus,
pacbio__GCA_000011105.1,3,markers + neural network,1.0,0.0,0.5277778,0.018518519,1.0,0.0,591.0,1.0,0.0,0.001273959381434606,0.7596106,Thermococcaceae,family,
illumina__GCA_000012825.1,3,markers + neural network,0.47826087,0.17391305,0.9444444,0.12037037,0.985781990521327,0.19048182772234154,844.0,0.9902164642994579,0.14155401106608853,0.0013178534957618583,0.54617304,Bacteroidaceae,family,
proton__GCA_000012825.1,2,markers,0.45652175,0.22463769,0.9166667,0.41666666,0.9343676146004252,0.4641209422546241,838.0,0.9110242102144721,0.24187815003194024,0.0017914653737075464,0.38397035,Bacteroidaceae,family,
pacbio__GCA_000166095.1,3,markers + neural network,1.0,0.0,0.5277778,0.018518519,1.0,0.0,424.0,1.0,0.0,0.0013344974009457246,0.675673,Euryarchaeota,phylum,
mgiseq_t7__GCA_000166095.1,3,markers + neural network,1.0,0.0,0.5277778,0.018518519,1.0,0.0047169811320754715,424.0,1.0,0.0,0.0013509316644272772,0.67375296,Euryarchaeota,phylum,
minion__GCA_000196115.1,2,markers,0.47826087,0.48550725,0.9722222,0.5648148,1.0,0.7925844570613643,454.0,0.9826671422771958,0.2414843635915918,0.0014569863250945927,0.28672093,Planctomycetia,class,
illumina__GCA_000017325.1,1,rejected,0.08695652,0.014492754,0.083333336,0.0,0.36266332440867655,0.025338653210112597,1378.0,0.5655681493114553,0.0328635086750211,0.0013169790363472607,0.34331775,Shewanella,genus,
illumina__GCA_000018945.1,3,markers + neural network,0.5217391,0.06521739,0.9722222,0.0,0.997093023255814,0.01065891472868217,516.0,0.9942499790862015,0.011354153590560356,0.001368321780744929,0.6440093,Thermotogales,order,
pacbio__GCA_000011585.1,3,markers + neural network,1.0,0.007246377,0.5648148,0.027777778,1.0,0.003484320557491289,574.0,1.0,0.0328469780867852,0.001311145398078311,0.75125766,Methanococcales,order,
proton__GCA_000013645.1,2,markers,0.36956522,0.14492753,0.5833333,0.17592593,0.5491794357100603,0.18994778067885118,766.0,0.6205862940640389,0.15232182274366474,0.0020912220132677335,0.2919216,Burkholderiaceae,family,
pacbio__GCA_000018865.1,3,markers + neural network,0.5072464,0.072463766,0.9907407,0.027777778,1.0,0.0058997050147492625,339.0,0.9807459920802589,0.0,0.0010027723032002163,0.51961905,Bacteria,superkingdom,
pacbio__GCA_000015805.1,3,markers + neural network,0.98550725,0.007246377,0.5185185,0.027777778,1.0,0.003303964757709251,454.0,1.0,0.0,0.0010883699681551008,0.7331721,Thermoproteaceae,family,
pacbio__GCA_000022565.1,2,markers,0.3188406,0.08695652,0.5833333,0.074074075,0.5681497606180482,0.13029661016949154,472.0,0.628325038203584,0.15744662744574714,0.001264285238486309,0.3463984,Acidobacteriaceae,family,
illumina__GCA_000021645.1,2,markers,0.26811594,0.050724637,0.46296296,0.06481481,0.5210813794817243,0.09920635677519299,336.0,0.6403128088517176,0.12311819945158406,0.0025151328326420805,0.3193274,Bacteria,superkingdom,
mgiseq_t7__GCA_000020325.1,2,markers,0.39855072,0.19565217,0.8055556,0.2037037,0.8428079767744671,0.3326442826933947,387.0,0.7753528847355986,0.2609144079753508,0.0022667222155222507,0.39549464,Bacteria,superkingdom,
proton__GCA_000008665.1,2,markers,0.95652175,0.2753623,0.5,0.19444445,0.9736363636363636,0.38636363636363635,275.0,0.9765302719071618,0.2218039844132188,0.0018178587537416454,0.39440203,Euryarchaeota,phylum,
mgiseq_t7__GCA_000006985.1,3,markers + neural network,0.5,0.072463766,1.0,0.009259259,0.9971181556195965,0.026777138284029122,694.0,1.0,0.005465438200215965,0.0013370963155829294,0.7018445,Chlorobiaceae,family,
mgiseq_t7__GCA_000007225.1,2,markers,0.123188406,0.0,0.083333336,0.0,0.16238317757009346,0.014018691588785047,214.0,0.5871502704853687,0.0,0.0025680728124173875,0.19302894,Thermoprotei,class,
illumina__GCA_000007565.2,3,markers + neural network,0.5072464,0.13043478,0.9907407,0.074074075,0.9976533114413796,0.04212717753662294,1321.0,1.0,0.006756082274142407,0.0013199945110448689,0.7063708,Pseudomonas,genus,
s5__GCA_000022325.1,3,markers + neural network,0.16666667,0.06521739,0.3888889,0.046296295,0.6574311261959764,0.24377182060126237,859.0,0.6336167640123469,0.26626919815304256,0.0019010911742493293,0.3998825,Caldicellulosiruptor,genus,
pacbio__GCA_000020325.1,3,markers + neural network,0.48550725,0.06521739,0.9722222,0.009259259,0.9885786802030457,0.024957698008735773,394.0,0.9949896959357041,0.014006011517947559,0.0013250822602479176,0.6341651,Bacteria,superkingdom,
illumina__GCA_000007305.1,2,markers,0.2826087,0.02173913,0.14814815,0.009259259,0.2922308019689612,0.04054054054054054,555.0,0.5773833087989766,0.02877050934245106,0.0025433163465307723,0.29192612,Thermococcaceae,family,
s5__GCA_000007225.1,1,rejected,0.007246377,0.007246377,0.037037037,0.0,0.049723756906077346,0.0055248618784530384,181.0,0.5784750993257024,0.0,0.002085694853774654,0.12213963,Archaea,superkingdom,
illumina__GCA_000018865.1,3,markers + neural network,0.5072464,0.11594203,0.9907407,0.074074075,0.9942748091603053,0.07061068702290077,262.0,1.0,0.04105526405024399,0.001113414886591416,0.46825016,Bacteria,superkingdom,
illumina__GCA_001481685.1,3,markers + neural network,0.884058,0.007246377,0.49074075,0.018518519,0.9345794392523364,0.009345794392523364,214.0,0.9296353862575285,0.0,0.0008476914058459099,0.5416331,Thermoprotei,class,
mgiseq_2000__GCA_000020325.1,2,markers,0.45652175,0.18115942,0.8703704,0.18518518,0.8863198164570538,0.33501926047264496,346.0,0.8447828919108846,0.2516426057453473,0.0020631659120332736,0.41695628,Bacteria,superkingdom,
mgiseq_2000__GCA_001639275.1,3,markers + neural network,0.9927536,0.0,0.5462963,0.018518519,0.9816143224057595,0.008968609865470852,446.0,0.9842302306714171,0.0,0.0009166973901787465,0.68688333,Methanobacteriaceae,family,
s5__GCA_000018565.1,3,markers + neural network,0.49275362,0.10144927,0.9814815,0.06481481,0.9463276836158192,0.09745762711864407,354.0,0.9389364177913391,0.08686537000324127,0.0009604340693489033,0.36610916,Bacteria,superkingdom,
s5__GCA_000010305.1,3,markers + neural network,0.48550725,0.10144927,0.9537037,0.06481481,1.0,0.075,300.0,1.0,0.06828926127193595,0.001026822750629223,0.48982245,Bacteria,superkingdom,
pacbio__GCA_000016085.1,3,markers + neural network,0.5,0.06521739,1.0,0.0,0.997387171578486,0.007425742574257425,606.0,1.0,0.0,0.001269848039656222,0.6870448,Chlorobiaceae,family,
mgiseq_t7__GCA_000007565.2,3,markers + neural network,0.49275362,0.26086956,0.9814815,0.19444445,0.978311866454154,0.22433404684247255,1321.0,0.9767242469332359,0.20423281369324697,0.0016201940658416073,0.54471385,Pseudomonas,genus,
s5__GCA_000020325.1,2,markers,0.44927537,0.16666667,0.8240741,0.25925925,0.883376875994411,0.4149260359084326,383.0,0.8280493115242487,0.2657627019105754,0.0020763366557717063,0.38640785,Bacteria,superkingdom,
mgiseq_2000__GCA_000007985.2,2,markers,0.442029,0.18115942,0.7962963,0.14814815,0.824942301713884,0.3088235294117647,578.0,0.7290776983697969,0.24353993540984958,0.002188637171715398,0.38472763,Geobacteraceae,family,
mgiseq_t7__GCA_000018865.1,3,markers + neural network,0.5072464,0.19565217,0.962963,0.25,0.9785714285714285,0.28677247062562006,315.0,0.9913113495107915,0.16634681272740987,0.0014605449908085828,0.35442904,Bacteria,superkingdom,
illumina__GCA_000016545.1,3,markers + neural network,0.5,0.10144927,1.0,0.018518519,1.0,0.0010649627263045794,939.0,1.0,0.0,0.0012836530337279922,0.77752787,Caldicellulosiruptor,genus,
minion__GCA_000011105.1,2,markers,1.0,0.78985506,0.5185185,0.41666666,0.9982608695652174,1.0125050951086956,575.0,1.0,0.23817444220801534,0.0025970404799570464,0.30152526,Thermococcaceae,family,
s5__GCA_000019085.1,3,markers + neural network,0.49275362,0.07971015,1.0,0.0,1.0,0.01929260450160772,622.0,0.9974207275015345,0.0,0.0014810285281838882,0.70360535,Thermoanaerobacteraceae,family,
mgiseq_t7__GCA_000020225.1,3,markers + neural network,0.46376812,0.13768116,0.9351852,0.1574074,0.9843205574912892,0.27177700348432055,287.0,1.0,0.21807960539239107,0.0013051214202849434,0.44723785,Bacteria,superkingdom,
mgiseq_t7__GCA_000011105.1,3,markers + neural network,1.0,0.0,0.5277778,0.018518519,1.0,0.0,591.0,1.0,0.0,0.001285864139894641,0.75827676,Thermococcaceae,family,
mgiseq_2000__GCA_001481685.1,3,markers + neural network,0.884058,0.036231883,0.49074075,0.027777778,0.9220183486238532,0.04357798165137615,218.0,0.9307600415398134,0.044938907023343515,0.0008788279020998716,0.52749634,Thermoprotei,class,
minion__GCA_000015805.1,2,markers,0.9347826,1.1884058,0.5,0.7777778,0.9537444933920705,1.5130323502460765,454.0,0.9612613420238537,0.1569880498041829,0.0026270821142144333,0.20027833,Thermoproteaceae,family,
illumina__GCA_000009145.1,3,markers + neural network,0.5,0.072463766,0.9907407,0.009259259,1.0,0.0,634.0,1.0,0.0,0.0013035013945331651,0.6595224,Nitrosomonadaceae,family,
minion__GCA_000019085.1,2,markers,0.49275362,0.4710145,1.0,0.75,0.9977029096477795,0.9272588055130169,653.0,1.0,0.20352900290090895,0.002831541816423026,0.30477628,Thermoanaerobacteraceae,family,
pacbio__GCA_000016125.1,3,markers + neural network,1.0,0.007246377,0.5648148,0.027777778,0.9982608695652174,0.00782608695652174,575.0,1.0,0.028155378679254175,0.0012308146349561417,0.727058,Methanococcales,order,
proton__GCA_000010305.1,3,markers + neural network,0.48550725,0.0942029,0.9537037,0.027777778,1.0,0.04038461538461539,260.0,0.9935508395334133,0.022208671696979126,0.0010341465121058546,0.48964068,Bacteria,superkingdom,
mgiseq_t7__GCA_000008185.1,2,markers,0.5,0.23188406,0.9537037,0.25,0.9602564671656468,0.35247085677993883,715.0,0.9423558031103607,0.27778202061168006,0.001588114352485467,0.48506328,Treponema,genus,
illumina__GCA_000011205.1,2,markers,0.3115942,0.02173913,0.18518518,0.018518519,0.34593023255813954,0.02616279069767442,344.0,0.5902247203934893,0.009097399942213362,0.002124695149996298,0.28953743,Archaea,superkingdom,
minion__GCA_000016085.1,2,markers,0.5,0.5,1.0,0.7314815,0.9960876369327074,1.1099374021909234,639.0,1.0,0.24007819056711158,0.002733093822464054,0.25911394,Chlorobiaceae,family,
proton__GCA_000091665.1,3,markers + neural network,1.0,0.02173913,0.5185185,0.037037037,0.9995948136142626,0.04389519281866485,617.0,1.0,0.03821819811250755,0.0012919067994612474,0.729751,Methanococcales,order,
pacbio__GCA_000020225.1,3,markers + neural network,0.45652175,0.050724637,0.9444444,0.009259259,1.0,0.003367003367003367,297.0,0.9966882822487424,0.0,0.0009421398510893539,0.61391735,Bacteria,superkingdom,
mgiseq_t7__GCA_000016545.1,3,markers + neural network,0.5,0.10869565,1.0,0.018518519,1.0,0.0010649627263045794,939.0,1.0,0.0,0.0012836421961264022,0.7770626,Caldicellulosiruptor,genus,
mgiseq_t7__GCA_000022325.1,3,markers + neural network,0.38405797,0.07971015,0.6851852,0.12037037,0.724012139502992,0.2144807369151014,940.0,0.6355483893407835,0.2655368718994406,0.0021643533205773784,0.4430563,Caldicellulosiruptor,genus,
mgiseq_t7__GCA_003019295.1,3,markers + neural network,0.47826087,0.10144927,0.9722222,0.074074075,0.9987760097919217,0.06358628757434784,817.0,1.0,0.03696415919787706,0.0013101376801262265,0.7303802,Fusobacterium,genus,
illumina__GCA_000328665.1,1,rejected,0.08695652,0.014492754,0.009259259,0.009259259,0.07297297297297298,0.016216216216216217,185.0,0.5886586002584192,0.0,0.002421340259178097,0.11896436,Archaea,superkingdom,
minion__GCA_000016545.1,2,markers,0.5,0.557971,1.0,0.5740741,0.9957815396583687,0.954403703765007,885.0,1.0,0.22869603505040834,0.0024091388104371283,0.31472844,Caldicellulosiruptor,genus,
illumina__GCA_000013645.1,3,markers + neural network,0.48550725,0.20289855,0.8796296,0.19444445,0.922985975310188,0.2680788051920372,811.0,0.9071169094709259,0.18996858782051876,0.0017560887202799356,0.3996398,Paraburkholderia,genus,
s5__GCA_000016785.1,3,markers + neural network,0.5072464,0.06521739,0.9351852,0.009259259,0.9371769631555839,0.013242894364881885,516.0,0.9320058904848614,0.0,0.0014503656117005707,0.6070435,Thermotogales,order,
mgiseq_t7__GCA_001481685.1,3,markers + neural network,0.8768116,0.057971016,0.49074075,0.018518519,0.927536231884058,0.06884057971014493,207.0,0.9410685440946314,0.06518962365921044,0.0009074397009217906,0.49869817,Thermoprotei,class,
minion__GCA_000022325.1,1,rejected,0.02173913,0.036231883,0.055555556,0.11111111,0.03365384615384615,0.0673076923076923,208.0,0.610756961189291,0.0,0.003056713843213017,0.06290245,Bacteria,superkingdom,
illumina__GCA_002952055.1,3,markers + neural network,0.49275362,0.10869565,0.9444444,0.0,0.9963369963369964,0.0,273.0,0.9722797950818507,0.0,0.0010371169617467634,0.54331964,Bacteria,superkingdom,
s5__GCA_000196115.1,3,markers + neural network,0.4710145,0.123188406,0.9722222,0.027777778,1.0,0.024229074889867842,454.0,0.9968546256288622,0.0011110647437448107,0.0008957528125078015,0.57310086,Planctomycetia,class,
mgiseq_2000__GCA_000006805.1,3,markers + neural network,1.0,0.02173913,0.5462963,0.037037037,1.0,0.006085192697768763,493.0,1.0,0.0,0.0011432041263902057,0.6559595,Halobacteria,class,
mgiseq_t7__GCA_000021565.1,3,markers + neural network,0.5072464,0.050724637,0.9907407,0.0,1.0,0.0,383.0,0.9895756932103752,0.008117072459345134,0.001242642977247197,0.64192295,Bacteria,superkingdom,
mgiseq_2000__GCA_000016085.1,3,markers + neural network,0.5,0.06521739,1.0,0.0,0.997387171578486,0.007425742574257425,606.0,1.0,0.0,0.0012717378899591049,0.6878674,Chlorobiaceae,family,
illumina__GCA_003019295.1,3,markers + neural network,0.47826087,0.072463766,0.9814815,0.0,1.0,0.0010199918887022804,817.0,1.0,0.0,0.0012225420064308802,0.79109484,Fusobacterium,genus,
s5__GCA_000012825.1,2,markers,0.46376812,0.2173913,0.8981481,0.32407406,0.9479299782180298,0.4118010732184299,781.0,0.9326371985429349,0.2476259175541401,0.0016725821850751138,0.40330198,Bacteroidaceae,family,
proton__GCA_000020325.1,2,markers,0.45652175,0.29710144,0.8796296,0.41666666,0.8959537572254336,0.5202312138728323,346.0,0.842048796854462,0.25672036462817255,0.0023021361018548837,0.3491038,Bacteria,superkingdom,
mgiseq_2000__GCA_000007565.2,3,markers + neural network,0.48550725,0.22463769,0.9444444,0.22222222,0.9755361298554599,0.24992249320620033,1321.0,0.9691723127531241,0.23110897293397045,0.0016577905796050314,0.5237472,Pseudomonas,genus,
illumina__GCA_000009225.1,3,markers + neural network,0.49275362,0.0942029,0.9814815,0.055555556,0.9975655430711611,0.027991797057876872,1335.0,1.0,0.0,0.0013037958073617729,0.7127634,Pseudomonas,genus,
minion__GCA_000007985.2,1,rejected,0.014492754,0.0,0.018518519,0.018518519,0.053763440860215055,0.0967741935483871,186.0,0.6072149581109073,0.02589063148907863,0.0027089954283577777,0.078752,Bacteria,superkingdom,
minion__GCA_000009145.1,2,markers,0.5,0.5072464,0.9907407,0.6296296,0.9968454258675079,0.679232431887076,634.0,0.9859185361719386,0.23233736992326992,0.002146503131748069,0.34120587,Nitrosomonadaceae,family,
proton__GCA_000007565.2,3,markers + neural network,0.29710144,0.1594203,0.6851852,0.18518518,0.903557984599735,0.2383620141583081,1321.0,0.8795969710722953,0.24987356742233863,0.0016560708487420904,0.5017358,Pseudomonas,genus,
illumina__GCA_000196115.1,3,markers + neural network,0.4710145,0.10869565,0.9722222,0.018518519,1.0,0.0,454.0,0.9921916827386017,0.0,0.0008719016252105096,0.5938009,Planctomycetia,class,
proton__GCA_000021645.1,1,rejected,0.08695652,0.02173913,0.083333336,0.018518519,0.17333333333333334,0.04,75.0,0.6130655455831554,0.0,0.0029848561250548984,0.122854374,-,-,
s5__GCA_000011065.1,2,markers,0.17391305,0.028985508,0.2962963,0.06481481,0.4824519157409668,0.13365385165581337,832.0,0.5828767112990395,0.16793957688694203,0.002102912555187847,0.30450732,Bacteroides,genus,
mgiseq_2000__GCA_000015865.1,3,markers + neural network,0.42753622,0.1521739,0.6574074,0.12962963,0.7278229834910653,0.18066846645944487,369.0,0.6922867487243932,0.17224824599058844,0.0020305354720165257,0.34174904,Eubacteriales,order,
illumina__GCA_000007185.1,3,markers + neural network,0.9202899,0.06521739,0.49074075,0.055555556,0.878993034362793,0.14003472328186034,480.0,0.8934419051112821,0.16519968036771004,0.001102066634428928,0.5150568,Euryarchaeota,phylum,
proton__GCA_000009705.1,2,markers,0.5,0.23188406,1.0,0.28703704,0.9828683906364721,0.3408642739451404,681.0,0.9907465272027138,0.19661284788208097,0.001414565143163748,0.38570935,Nostocales,order,
pacbio__GCA_000196115.1,3,markers + neural network,0.4710145,0.10869565,0.9722222,0.018518519,1.0,0.0,454.0,0.9916452783958796,0.0,0.0008805088118042189,0.59503776,Planctomycetia,class,
pacbio__GCA_000172575.2,2,markers,0.26811594,0.028985508,0.30555555,0.037037037,0.20458672546885645,0.01634877384196185,367.0,0.5826873189892381,0.0,0.0014195805601914223,0.24271478,Lactobacillales,order,
illumina__GCA_000019785.1,1,rejected,0.050724637,0.0,0.055555556,0.0,0.07421875,0.0,256.0,0.5500466335700331,0.01572417393774799,0.002896077366638223,0.15797724,Bacteria,superkingdom,
minion__GCA_000008665.1,2,markers,0.884058,1.1521739,0.4537037,0.5925926,0.9049586776859504,1.414600592999419,242.0,0.8628938089128066,0.19932011801099503,0.00300381188652682,0.17769061,Euryarchaeota,phylum,
mgiseq_t7__GCA_000091665.1,3,markers + neural network,1.0,0.007246377,0.5185185,0.018518519,0.9995948136142626,0.008914100486223663,617.0,1.0,0.004848796125323199,0.001245417612742006,0.7679677,Methanococcales,order,
mgiseq_t7__GCA_000015125.1,3,markers + neural network,0.49275362,0.10869565,0.9907407,0.046296295,0.9985272459499264,0.10211093998095776,679.0,1.0,0.09314717448605987,0.001267728692821569,0.6107245,Chlorobiaceae,family,
minion__GCA_000016785.1,2,markers,0.5072464,0.39130434,0.9722222,0.5277778,0.9720052480697632,0.7858073115348816,512.0,0.9457646860433856,0.25307779855244833,0.002436553518291442,0.30794072,Thermotogales,order,
pacbio__GCA_000009145.1,3,markers + neural network,0.5,0.057971016,0.9907407,0.009259259,1.0,0.0,634.0,1.0,0.0,0.0013547378589369406,0.66287005,Nitrosomonadaceae,family,
proton__GCA_000166095.1,3,markers + neural network,1.0,0.028985508,0.5277778,0.046296295,1.0,0.05764563106796117,412.0,1.0,0.02686462399255788,0.001431007877852676,0.62893623,Euryarchaeota,phylum,
mgiseq_t7__GCA_000006805.1,3,markers + neural network,1.0,0.0,0.5462963,0.027777778,1.0,0.0,491.0,1.0,0.0,0.0011321103265240062,0.66226566,Halobacteria,class,
pacbio__GCA_000016065.1,3,markers + neural network,0.42028984,0.20289855,0.8425926,0.24074075,0.7876210568556145,0.06840796257132914,1072.0,0.7779724677944492,0.07606418404580548,0.0012977406684251097,0.5654432,Shewanella,genus,
pacbio__GCA_000018265.1,3,markers + neural network,0.5072464,0.13043478,1.0,0.027777778,0.9897572078907435,0.02959028831562974,659.0,0.9907569622963792,0.0,0.0011064322355759091,0.5257591,Micromonosporaceae,family,
minion__GCA_000196135.1,2,markers,0.20289855,0.36231884,0.3148148,0.6203704,0.40026614861098114,0.7443778824187562,501.0,0.5893889896163189,0.3068624322610005,0.003043364365010005,0.14383946,Campylobacterales,order,
mgiseq_t7__GCA_000020785.1,3,markers + neural network,0.47826087,0.10144927,0.9074074,0.10185185,0.9610951008645533,0.16090297424140512,347.0,0.9917434730615827,0.15982184586656095,0.0015521687910595079,0.49593046,Bacteria,superkingdom,
pacbio__GCA_001481685.1,3,markers + neural network,0.884058,0.007246377,0.49074075,0.018518519,0.9345794392523364,0.018691588785046728,214.0,0.9321018481598236,0.006142091068893442,0.0008486524417035264,0.5384742,Thermoprotei,class,
proton__GCA_000008185.1,2,markers,0.5,0.2536232,0.9259259,0.25,0.9846153846153847,0.49741257887620194,715.0,0.9722489077043478,0.271630945737759,0.001586696614578515,0.46055886,Treponema,genus,
pacbio__GCA_000017325.1,3,markers + neural network,0.5,0.28985506,1.0,0.24074075,1.0,0.029873039581777446,1339.0,1.0,0.012026352486708788,0.0011533538449068367,0.7591193,Shewanella,genus,
illumina__GCA_000011105.1,3,markers + neural network,1.0,0.0,0.5277778,0.018518519,1.0,0.0,591.0,1.0,0.0,0.0012838490865008415,0.7598971,Thermococcaceae,family,
minion__GCA_000018945.1,2,markers,0.5217391,0.38405797,0.9722222,0.5648148,1.0,0.775884856588592,518.0,0.9684669408265065,0.21767996098216347,0.0023757916492014295,0.32334685,Thermotogales,order,
illumina__GCA_000021665.1,3,markers + neural network,0.49275362,0.1594203,0.9907407,0.12037037,0.94876135290564,0.1543668454831785,1332.0,0.941870532317765,0.15774073675697464,0.001298657145025807,0.5945711,Shewanella,genus,
illumina__GCA_000196135.1,3,markers + neural network,0.4710145,0.10144927,0.9722222,0.027777778,0.9932088285229203,0.07017543643763596,589.0,1.0,0.043832276264672766,0.0014290157074555367,0.6012553,Campylobacterales,order,
s5__GCA_003019295.1,3,markers + neural network,0.47826087,0.072463766,0.9722222,0.018518519,0.9833948339483395,0.11226254283722037,813.0,0.9850136773664153,0.08709731179826014,0.0013767657153004854,0.6818464,Fusobacterium,genus,
minion__GCA_000009225.1,2,markers,0.29710144,0.4347826,0.7037037,0.5277778,0.9659623457978775,0.9814423514830302,1278.0,1.0,0.23023438152421413,0.0025256607822159087,0.270179,Pseudomonas,genus,
mgiseq_t7__GCA_000013645.1,3,markers + neural network,0.35507247,0.13768116,0.6944444,0.1574074,0.7548261958397239,0.2732106214652032,815.0,0.6856306820393852,0.22710913915000394,0.0022741165049080755,0.34560734,Burkholderiaceae,family,
mgiseq_2000__GCA_000020465.1,3,markers + neural network,0.5072464,0.072463766,1.0,0.0,1.0,0.0019212296441927423,694.0,1.0,0.0,0.001198216374614503,0.70117307,Chlorobiaceae,family,
proton__GCA_000015125.1,3,markers + neural network,0.4710145,0.11594203,0.9537037,0.18518518,0.9738751814223512,0.2518142013660536,689.0,0.9705272801752223,0.22617728119949643,0.0013892158318454914,0.51201844,Chlorobiaceae,family,
mgiseq_2000__GCA_000011105.1,3,markers + neural network,1.0,0.0,0.5277778,0.018518519,1.0,0.0,591.0,1.0,0.0,0.001285673699357509,0.7585044,Thermococcaceae,family,
mgiseq_2000__GCA_000020785.1,3,markers + neural network,0.48550725,0.10144927,0.9259259,0.046296295,0.9536784741144414,0.08038147138964577,367.0,0.971086172234942,0.06532559181427675,0.0014436333931678509,0.533961,Bacteria,superkingdom,
illumina__GCA_000018265.1,3,markers + neural network,0.4347826,0.1884058,0.8240741,0.14814815,0.8072509765625,0.2673187255859375,639.0,0.714978246991131,0.2136791444008738,0.0018478566022564998,0.34335032,Micromonosporaceae,family,
pacbio__GCA_000009705.1,3,markers + neural network,0.5,0.07971015,1.0,0.055555556,0.9946684645014777,0.03314788882026089,719.0,0.9922165664139083,0.0,0.0010479548824772604,0.54641795,Nostocales,order,
mgiseq_2000__GCA_000195675.1,2,markers,0.13043478,0.007246377,0.22222222,0.009259259,0.1954394214720441,0.036076662908680945,887.0,0.5829433769495274,0.009028859687187828,0.0030541507339336377,0.21288374,Polynucleobacter,genus,
illumina__GCA_000166095.1,3,markers + neural network,1.0,0.0,0.5277778,0.018518519,1.0,0.0047169811320754715,424.0,1.0,0.0,0.0013479945950756933,0.6729715,Euryarchaeota,phylum,
proton__GCA_000017945.1,3,markers + neural network,0.9637681,0.07971015,0.5185185,0.074074075,0.9858490566037735,0.10023584905660378,212.0,1.0,0.10043326872828995,0.001136891118108047,0.53340715,Thermoprotei,class,
minion__GCA_000017325.1,2,markers,0.057971016,0.050724637,0.11111111,0.046296295,0.09059473884550863,0.06224066390041494,482.0,0.6015966678582026,0.0,0.0018612896700530433,0.09760913,Pseudomonadota,phylum,
s5__GCA_000016125.1,3,markers + neural network,1.0,0.08695652,0.5648148,0.10185185,0.9965217391304347,0.10231883836829143,575.0,0.9984280921405457,0.1209585209757861,0.0013302728940850445,0.6420849,Methanococcales,order,
proton__GCA_000019085.1,3,markers + neural network,0.49275362,0.10869565,1.0,0.046296295,1.0,0.0396570193422569,622.0,0.9999150250497586,0.01653829024117607,0.0015212821074643676,0.68075645,Thermoanaerobacteraceae,family,
illumina__GCA_000010305.1,3,markers + neural network,0.48550725,0.07971015,0.9537037,0.009259259,1.0,0.0,259.0,0.9774222535178059,0.0,0.000985381494501019,0.52352077,Bacteria,superkingdom,
s5__GCA_000007985.2,2,markers,0.44927537,0.23913044,0.8796296,0.25925925,0.8843859220805921,0.37826021428693807,570.0,0.8311431926627171,0.25577581118441933,0.001980942379636867,0.3724167,Geobacteraceae,family,
mgiseq_2000__GCA_000008665.1,2,markers,0.9492754,0.26086956,0.49074075,0.1574074,0.9669354838709677,0.3115591233776462,310.0,0.9769639353925431,0.2018873507397563,0.0019758245344573986,0.4051858,Euryarchaeota,phylum,
proton__GCA_001481685.1,3,markers + neural network,0.884058,0.036231883,0.49074075,0.055555556,0.9392523364485982,0.05763240172484211,214.0,0.9527742344579773,0.06183337085242877,0.0008854609966339873,0.506465,Thermoprotei,class,
s5__GCA_000015865.1,3,markers + neural network,0.4057971,0.24637681,0.6203704,0.23148148,0.6902173913043478,0.2982336956521739,368.0,0.6662210642007411,0.2262792126877257,0.001973336314117308,0.31092516,Clostridia,class,
minion__GCA_000020225.1,2,markers,0.46376812,0.8115942,0.9444444,1.0092592,0.990625,1.62578125,320.0,0.9338633808071841,0.2143612053982657,0.0023576112463539267,0.19477856,Verrucomicrobiota,phylum,
mgiseq_t7__GCA_000020465.1,3,markers + neural network,0.5072464,0.072463766,1.0,0.0,1.0,0.001440922190201729,694.0,1.0,0.0,0.0011974374321381265,0.70278984,Chlorobiaceae,family,
mgiseq_2000__GCA_000156375.1,2,markers,0.5072464,0.2753623,0.962963,0.2685185,0.9664005728776821,0.327677957074133,501.0,0.9681948404322709,0.23682947748685007,0.0014735052866504102,0.4436853,Desulfovibrio,genus,
mgiseq_2000__GCA_002952055.1,3,markers + neural network,0.49275362,0.10869565,0.9444444,0.0,0.9963369963369964,0.0,273.0,0.9723798086165154,0.0,0.001032657898574488,0.5446904,Bacteria,superkingdom,
mgiseq_t7__GCA_000010505.1,3,markers + neural network,0.49275362,0.07971015,0.9907407,0.0,1.0,0.0,505.0,1.0,0.001133915869432664,0.0011141040622709897,0.7298995,Porphyromonas,genus,
mgiseq_2000__GCA_000018945.1,3,markers + neural network,0.5217391,0.06521739,0.9722222,0.0,0.999031007751938,0.011304909868757854,516.0,0.9968568421656026,0.011168616727382424,0.0013716418515617832,0.6430882,Thermotogales,order,
pacbio__GCA_000195675.1,1,rejected,0.04347826,0.028985508,0.055555556,0.0,0.13145939373685717,0.03492333901192504,587.0,0.5708181592322642,0.01727976213545284,0.0014343483654719635,0.18806025,Burkholderiales,order,
pacbio__GCA_000007985.2,3,markers + neural network,0.28985506,0.10144927,0.6759259,0.11111111,0.8109126989392267,0.11805556476980016,552.0,0.7790594287388714,0.12594915981112306,0.0013875674345811418,0.4938178,Geobacteraceae,family,
illumina__GCA_000006805.1,3,markers + neural network,1.0,0.0,0.5462963,0.027777778,1.0,0.0,491.0,1.0,0.0,0.001127337144343927,0.6622611,Halobacteria,class,
proton__GCA_000195675.1,1,rejected,0.0,0.0,0.018518519,0.0,0.015625,0.0,192.0,0.5833241422545625,0.0,0.0023617248209660217,0.0868702,Bacteria,superkingdom,
pacbio__GCA_002952055.1,3,markers + neural network,0.49275362,0.10869565,0.9444444,0.0,0.9963369963369964,0.0,273.0,0.9727034351900314,0.0,0.001040203542531025,0.5441233,Bacteria,superkingdom,
s5__GCA_000009225.1,3,markers + neural network,0.4347826,0.13768116,0.8611111,0.24074075,0.9397886750843604,0.2262035244507409,1278.0,0.9262586012376661,0.22316650724600662,0.0015361694514232234,0.5171318,Pseudomonas,genus,
s5__GCA_000016065.1,3,markers + neural network,0.16666667,0.11594203,0.32407406,0.06481481,0.6928548136433879,0.25797536204030347,1001.0,0.6386300270230643,0.2959592547167604,0.001879113110299451,0.38795117,Shewanella,genus,
mgiseq_2000__GCA_000017325.1,2,markers,0.06521739,0.014492754,0.12037037,0.0,0.2387322521115387,0.04302670623145401,1011.0,0.5539777390882479,0.044331004256707655,0.001564346464672962,0.24630283,Shewanella,genus,
minion__GCA_000011585.1,2,markers,0.22463769,0.5289855,0.046296295,0.06481481,0.4398227907576651,0.9749570555384327,583.0,0.5758292740093038,0.3148258568853789,0.0035331002418995286,0.1295473,Methanococcales,order,
mgiseq_2000__GCA_000021565.1,3,markers + neural network,0.5072464,0.050724637,0.9907407,0.0,1.0,0.0,383.0,0.9895756932103752,0.008117072459345134,0.0012429879650648573,0.64192295,Bacteria,superkingdom,
proton__GCA_000016065.1,3,markers + neural network,0.1521739,0.0942029,0.30555555,0.055555556,0.6501528658975478,0.277260158372962,966.0,0.6188426141308222,0.2905268160455946,0.0019236739458996215,0.370173,Shewanella,genus,
illumina__GCA_000009705.1,3,markers + neural network,0.5,0.10869565,1.0,0.055555556,0.9951048951048951,0.06748251748251748,715.0,0.9940244868508726,0.0009031867479715253,0.0011067716633589592,0.5176679,Nostocales,order,
s5__GCA_000156375.1,2,markers,0.48550725,0.2173913,0.9537037,0.22222222,0.9320026329177582,0.34627412655158435,501.0,0.9202147100964102,0.24441157313086245,0.0014892484512948614,0.43303424,Desulfovibrio,genus,
minion__GCA_000021665.1,2,markers,0.44927537,0.33333334,0.8888889,0.41666666,0.9656566273082386,0.8111489960641572,1320.0,0.9988431885711053,0.24398878426450674,0.002035506038544486,0.31972975,Shewanella,genus,
s5__GCA_000195675.1,1,rejected,0.04347826,0.014492754,0.09259259,0.027777778,0.04992816365998367,0.008620689655172414,232.0,0.5828837412009082,0.0,0.0024254614292475154,0.10458403,Bacteria,superkingdom,
mgiseq_2000__GCA_000016125.1,3,markers + neural network,0.9927536,0.13768116,0.5462963,0.083333336,0.9965156794425087,0.1416666648944496,574.0,0.9970305798643556,0.16347406695403507,0.0013390913332672603,0.63523406,Methanococcales,order,
pacbio__GCA_000016425.1,3,markers + neural network,0.34057972,0.14492753,0.7777778,0.18518518,0.9142567534424942,0.10299340049244315,657.0,0.9221968114105159,0.04138296515373226,0.0012070030652330294,0.49519265,Micromonosporaceae,family,
proton__GCA_000016125.1,3,markers + neural network,0.9782609,0.16666667,0.5555556,0.11111111,0.985726643598616,0.23858133071846616,578.0,0.9883955349718637,0.22204761927976197,0.0014897470351112928,0.560537,Methanococcales,order,
minion__GCA_000020325.1,2,markers,0.34057972,0.64492756,0.7222222,1.037037,0.7938461538461539,1.7441025015024039,325.0,0.7566351176973108,0.2876813618948627,0.0034625455026461886,0.1526354,Bacteria,superkingdom,
s5__GCA_000010505.1,3,markers + neural network,0.49275362,0.07971015,0.9907407,0.009259259,1.0,0.020792081096384786,505.0,1.0,0.026749461741435113,0.00116459258058043,0.7128322,Porphyromonas,genus,
pacbio__GCA_000091665.1,3,markers + neural network,1.0,0.007246377,0.5185185,0.018518519,0.9995948136142626,0.008914100486223663,617.0,1.0,0.006821221592497546,0.0012345700269814678,0.7689885,Methanococcales,order,
minion__GCA_000020785.1,1,rejected,0.04347826,0.10144927,0.074074075,0.074074075,0.15879828326180256,0.26824034334763946,233.0,0.602861681511425,0.13676972438352475,0.0030310223309657275,0.11017018,Bacteria,superkingdom,
mgiseq_2000__GCA_000196115.1,3,markers + neural network,0.4710145,0.10869565,0.9722222,0.018518519,1.0,0.0,454.0,0.9920633952888878,0.0,0.0008707653271883743,0.59275603,Planctomycetia,class,
mgiseq_2000__GCA_000016425.1,2,markers,0.0942029,0.0,0.1388889,0.0,0.23316498316498316,0.03198653198653199,297.0,0.5752296157344009,0.056470042388186446,0.0024424940279678987,0.21809332,Actinomycetes,class,
minion__GCA_000013645.1,2,markers,0.41304347,0.84782606,0.712963,1.175926,0.742266879517616,1.169255306846217,722.0,0.7736057587096343,0.23703005869387517,0.0028372221750264607,0.15572831,Paraburkholderia,genus,
mgiseq_t7__GCA_000009225.1,3,markers + neural network,0.49275362,0.16666667,0.9722222,0.1574074,0.9784905317209235,0.1778869393067161,1294.0,0.9778546814347597,0.1580084462260813,0.00150750073349237,0.5714284,Pseudomonas,genus,
illumina__GCA_000007985.2,3,markers + neural network,0.46376812,0.2173913,0.9351852,0.17592593,0.9755434782608695,0.23179347273232281,552.0,0.9777072569111112,0.19877960437354822,0.001615605710344642,0.48373407,Geobacteraceae,family,
minion__GCA_000021565.1,2,markers,0.5,0.3115942,0.9814815,0.35185185,0.9974160206718347,0.9018949760023014,387.0,0.9503607508753926,0.24975912795599708,0.00223294571270882,0.29971534,Bacteria,superkingdom,
proton__GCA_000006985.1,3,markers + neural network,0.41304347,0.32608697,0.8333333,0.3611111,0.9444444444444444,0.19894894894894896,666.0,0.9448035448134053,0.20200060523040647,0.0014883169999836555,0.5601392,Chlorobiaceae,family,
proton__GCA_000007185.1,2,markers,0.92753625,0.19565217,0.4722222,0.1574074,0.8701388676961263,0.30656248728434243,480.0,0.8468122733817844,0.25808858767158543,0.0012829406661974722,0.42679837,Euryarchaeota,phylum,
pacbio__GCA_000019085.1,3,markers + neural network,0.49275362,0.072463766,1.0,0.009259259,1.0,0.0,622.0,0.9966097849819292,0.0,0.0014444616555316576,0.7146101,Thermoanaerobacteraceae,family,
illumina__GCA_000008565.1,2,markers,0.2536232,0.072463766,0.49074075,0.09259259,0.5923188051970109,0.12884058413298233,575.0,0.6219300236970476,0.17264059033936205,0.001987593480305291,0.37402785,Deinococcus,genus,
mgiseq_t7__GCA_000019085.1,3,markers + neural network,0.49275362,0.072463766,1.0,0.0,1.0,0.0,622.0,0.9968985675826804,0.0,0.0014577181661843193,0.71626896,Thermoanaerobacteraceae,family,
mgiseq_2000__GCA_000009705.1,3,markers + neural network,0.49275362,0.16666667,0.962963,0.2037037,0.9631360015393788,0.2703790159611687,642.0,0.9667432202849066,0.18185562609642955,0.0014056803841022815,0.40253744,Cyanophyceae,class,
proton__GCA_000018945.1,3,markers + neural network,0.5217391,0.0942029,0.9722222,0.018518519,1.0,0.0397135391831398,512.0,1.0,0.03320013710273279,0.001417378280978092,0.6284932,Thermotogales,order,
proton__GCA_000156375.1,2,markers,0.46376812,0.2536232,0.9259259,0.2037037,0.9186293550594125,0.3481703280450817,501.0,0.8947152520724537,0.23841544296029651,0.0015729491187516007,0.41018957,Desulfovibrio,genus,
pacbio__GCA_000009225.1,3,markers + neural network,0.5072464,0.06521739,1.0,0.0,1.0,0.0,1335.0,1.0,0.0,0.001266957286863853,0.7440753,Pseudomonas,genus,
minion__GCA_000018265.1,2,markers,0.24637681,0.33333334,0.5277778,0.4537037,0.6296296033440326,0.7736865297460432,387.0,0.6897563352402467,0.3105676046921266,0.0023521757175054615,0.15321079,Actinomycetes,class,
mgiseq_2000__GCA_000012825.1,2,markers,0.44927537,0.1884058,0.8333333,0.19444445,0.8972636360434157,0.3492123048696945,804.0,0.8636097023606986,0.255262168186905,0.0018823657125022898,0.39933792,Bacteroidaceae,family,
illumina__GCA_000021565.1,3,markers + neural network,0.5072464,0.050724637,0.9907407,0.0,1.0,0.0,383.0,0.9894350631799793,0.007907503049254597,0.0012423672504310124,0.6415305,Bacteria,superkingdom,
minion__GCA_000020465.1,2,markers,0.5072464,0.5289855,1.0,0.787037,1.0,1.0188214548651675,642.0,0.9913861264711387,0.22032176730347608,0.002301728242522717,0.29077044,Chlorobiaceae,family,
minion__GCA_000156375.1,2,markers,0.5,0.82608694,0.9722222,1.0833334,0.9439918533604889,1.31507118364944,491.0,0.9297858587981968,0.2176280219528295,0.0023017614908030924,0.1947262,Desulfovibrionales,order,
proton__GCA_000009225.1,3,markers + neural network,0.47826087,0.13768116,0.9259259,0.22222222,0.9534745910357981,0.2777517017251076,1278.0,0.9398022344637922,0.253540888633186,0.0015866337309738217,0.5014125,Pseudomonas,genus,
proton__GCA_003019295.1,3,markers + neural network,0.49275362,0.1521739,0.9814815,0.14814815,0.9987623762376238,0.2972153200961576,808.0,0.993569473899548,0.2377673181816322,0.001559017181093131,0.57539046,Fusobacterium,genus,
mgiseq_2000__GCA_000196135.1,3,markers + neural network,0.4710145,0.1521739,0.9722222,0.21296297,0.9886905125209263,0.27044642312186107,560.0,0.9969564226326315,0.21177863934480853,0.001698917684664854,0.4861552,Campylobacterales,order,
mgiseq_2000__GCA_000172575.2,2,markers,0.057971016,0.014492754,0.14814815,0.027777778,0.17699115044247787,0.011799410029498525,339.0,0.5782459162915784,0.0,0.0029962888604976577,0.22082655,Lactobacillales,order,
proton__GCA_000016785.1,3,markers + neural network,0.5072464,0.06521739,0.9722222,0.0,0.9928385615348816,0.02783203125,512.0,0.9933819954197127,0.027905704719098014,0.0014595441670014419,0.63030285,Thermotogales,order,
illumina__GCA_000008665.1,3,markers + neural network,0.9782609,0.07971015,0.5092593,0.09259259,0.9897260273972602,0.09646118503727324,292.0,0.9934924587951389,0.04746001368766837,0.001540630600170681,0.5030182,Euryarchaeota,phylum,
mgiseq_t7__GCA_000018265.1,3,markers + neural network,0.32608697,0.08695652,0.5277778,0.09259259,0.6024046561018152,0.15796019900497513,402.0,0.6476786102916539,0.14954912256003763,0.0022601889752945628,0.30169547,Actinomycetes,class,
proton__GCA_000021665.1,3,markers + neural network,0.44927537,0.18115942,0.8518519,0.11111111,0.9203442712237632,0.04366566716641679,1334.0,0.916861065166726,0.021984965355945525,0.0012116414378090374,0.66451466,Shewanella,genus,
proton__GCA_000017325.1,2,markers,0.06521739,0.014492754,0.14814815,0.0,0.12190082644628099,0.008264462809917356,242.0,0.5548096581615571,0.042548405997561455,0.0011146534985737228,0.17838788,Bacteria,superkingdom,
minion__GCA_000006805.1,2,markers,1.0,0.3768116,0.5462963,0.3148148,0.9947698744769874,0.5631101600295829,478.0,0.9885750559214997,0.24751913632769812,0.0017611876548282923,0.35692894,Halobacteria,class,
s5__GCA_002952055.1,3,markers + neural network,0.5,0.11594203,0.9444444,0.037037037,0.9928825622775801,0.042704626334519574,281.0,0.9861811379013352,0.04928770888663865,0.001080339426532256,0.506957,Bacteria,superkingdom,
minion__GCA_001639275.1,2,markers,0.9927536,0.5797101,0.5462963,0.37037036,0.9767441860465116,0.8344256217585557,473.0,0.9685969522488529,0.25185734456637054,0.0015491793917489067,0.34085685,Methanobacteriaceae,family,
minion__GCA_000015865.1,2,markers,0.1594203,0.26086956,0.24074075,0.2685185,0.2713004484304933,0.44693574777098516,446.0,0.6166745262631882,0.2039110482107499,0.0027654034440841298,0.111543484,Clostridia,class,
mgiseq_2000__GCA_000006985.1,3,markers + neural network,0.5,0.072463766,1.0,0.018518519,1.0,0.044788665661550736,694.0,1.0,0.020607859328666232,0.0013485751498913518,0.6948643,Chlorobiaceae,family,
mgiseq_2000__GCA_000019085.1,3,markers + neural network,0.49275362,0.072463766,1.0,0.0,0.9991961414790996,0.0,622.0,0.9955971240465258,0.0,0.001459034392606253,0.715386,Thermoanaerobacteraceae,family,
minion__GCA_000007565.2,2,markers,0.51449275,0.68115944,1.0,1.1944444,0.9920981954606582,1.2463478628168307,1371.0,1.0,0.20268226169778542,0.0027342812778690714,0.24256673,Pseudomonas,genus,
s5__GCA_000172575.2,1,rejected,0.02173913,0.014492754,0.046296295,0.027777778,0.07760416865348815,0.01875,320.0,0.5941421566267916,0.0,0.002844754653130288,0.13170189,Lactobacillales,order,
s5__GCA_000018945.1,3,markers + neural network,0.5217391,0.08695652,0.9722222,0.009259259,1.0,0.02810077334559241,516.0,1.0,0.024015806451043342,0.0014082162468505033,0.6347419,Thermotogales,order,
s5__GCA_000017945.1,3,markers + neural network,0.92753625,0.036231883,0.4814815,0.037037037,0.9547956214760834,0.03773584905660377,212.0,0.9675088637640459,0.02917611781351214,0.0011057291151633627,0.5470187,Thermoprotei,class,
minion__GCA_000010305.1,2,markers,0.48550725,0.2536232,0.9537037,0.2777778,1.0,0.4032846715328467,274.0,1.0,0.21006251593861444,0.0013473595142425743,0.3417126,Bacteria,superkingdom,
mgiseq_t7__GCA_000018565.1,3,markers + neural network,0.5,0.07971015,0.9907407,0.018518519,0.9548022598870056,0.0423728813559322,354.0,0.9227156200476335,0.04336884784994711,0.0009354227126005467,0.387955,Bacteria,superkingdom,
mgiseq_2000__GCA_003019295.1,3,markers + neural network,0.47826087,0.072463766,0.9814815,0.009259259,0.9987760097919217,0.012892697403159544,817.0,1.0,0.0,0.001251229011585506,0.7721615,Fusobacterium,genus,
proton__GCA_000196135.1,2,markers,0.47826087,0.1884058,1.0,0.18518518,0.9945750452079566,0.3195900942921423,553.0,1.0,0.22094089964928895,0.0017557617847704504,0.4739646,Campylobacterales,order,
s5__GCA_000196135.1,3,markers + neural network,0.4710145,0.123188406,1.0,0.11111111,0.9963702359346642,0.1919842700992868,551.0,1.0,0.15844148393189636,0.0015865508179996072,0.5253938,Campylobacterales,order,
mgiseq_t7__GCA_001639275.1,3,markers + neural network,0.9927536,0.0,0.5462963,0.018518519,0.9816143224057595,0.008968609865470852,446.0,0.9843213112088107,0.0,0.0009175191770096318,0.6863775,Methanobacteriaceae,family,
mgiseq_t7__GCA_000015865.1,3,markers + neural network,0.34057972,0.13768116,0.6388889,0.074074075,0.66517091408754,0.13803419455503807,390.0,0.6651048699568443,0.13815113421604816,0.002176854923031513,0.34953666,Clostridia,class,
minion__GCA_000015125.1,2,markers,0.49275362,0.8043478,1.0,1.212963,0.9985486211901307,1.6672714078374455,689.0,0.9532017466277709,0.16323920525131447,0.0027240723604080616,0.19041127,Chlorobiaceae,family,
proton__GCA_000008565.1,1,rejected,0.057971016,0.007246377,0.06481481,0.0,0.10582010582010581,0.021164021164021163,189.0,0.5757153453115802,0.0,0.0019239629093693424,0.14004117,Bacteria,superkingdom,
s5__GCA_000007185.1,3,markers + neural network,0.9202899,0.14492753,0.49074075,0.12037037,0.8623263676961263,0.2508680502573649,480.0,0.8509710841605339,0.24145834899634064,0.0012378055440130258,0.4479166,Euryarchaeota,phylum,
illumina__GCA_000022565.1,2,markers,0.41304347,0.20289855,0.8518519,0.33333334,0.9148706896551724,0.3441092063640726,464.0,0.8803636014340219,0.23052305293125797,0.0015727760645669368,0.37757385,Acidobacteriaceae,family,
minion__GCA_000166095.1,2,markers,1.0,0.5507246,0.5277778,0.3148148,0.9975308641975309,0.9425514503761574,405.0,1.0,0.255008052506427,0.00260549983886406,0.29822883,Euryarchaeota,phylum,
mgiseq_2000__GCA_000021665.1,3,markers + neural network,0.47826087,0.13043478,0.9351852,0.06481481,0.9537595257286943,0.2029082629145408,1323.0,0.9493697071279483,0.207745146972013,0.0013627321773210328,0.58469313,Shewanella,genus,
proton__GCA_000010505.1,3,markers + neural network,0.49275362,0.0942029,0.9907407,0.018518519,1.0,0.03696369888758896,505.0,1.0,0.03976090055911678,0.0011681061670654825,0.69477195,Porphyromonas,genus,
proton__GCA_000007985.2,2,markers,0.42753622,0.17391305,0.8518519,0.23148148,0.8577898550724637,0.3989130379497141,552.0,0.7807604856968156,0.26364531457834345,0.00205079893098832,0.37794098,Geobacteraceae,family,
illumina__GCA_001639275.1,3,markers + neural network,0.9927536,0.0,0.5462963,0.018518519,0.9816143224057595,0.008968609865470852,446.0,0.984320348996763,0.0,0.0009070829508803543,0.6865975,Methanobacteriaceae,family,
mgiseq_t7__GCA_000016085.1,3,markers + neural network,0.5,0.06521739,1.0,0.0,0.997387171578486,0.007425742574257425,606.0,1.0,0.0,0.0012615003922927732,0.68749326,Chlorobiaceae,family,
mgiseq_t7__GCA_000022565.1,3,markers + neural network,0.34057972,0.11594203,0.6944444,0.14814815,0.7471779143192854,0.23240371339349633,502.0,0.6866135976310093,0.22945717064663954,0.0019666011132962236,0.35578653,Acidobacteriaceae,family,
mgiseq_2000__GCA_000016065.1,3,markers + neural network,0.3115942,0.08695652,0.6018519,0.1388889,0.7077856216072477,0.19826515448485182,1065.0,0.6413170316923644,0.24457933611146904,0.002155950747792862,0.41745186,Shewanella,genus,
s5__GCA_000018265.1,2,markers,0.24637681,0.07971015,0.3148148,0.055555556,0.3496784565916399,0.09485530546623794,311.0,0.6104383778096206,0.12519230219853691,0.002035941205781902,0.21145785,Actinomycetes,class,
mgiseq_t7__GCA_000016125.1,3,markers + neural network,1.0,0.0942029,0.5740741,0.10185185,0.9956521739130435,0.15011594025985053,575.0,0.9985668509741112,0.1655486534417517,0.001368104310700283,0.6237609,Methanococcales,order,
pacbio__GCA_000015125.1,3,markers + neural network,0.49275362,0.07971015,1.0,0.018518519,1.0,0.0,689.0,1.0,0.0,0.0011138617396108592,0.6942545,Chlorobiaceae,family,
s5__GCA_000020785.1,3,markers + neural network,0.48550725,0.17391305,0.9259259,0.17592593,0.9564032697547684,0.17529519312388242,367.0,0.9837781865291582,0.17633497143714805,0.0014998061828957055,0.49461344,Bacteria,superkingdom,
pacbio__GCA_000196135.1,3,markers + neural network,0.4710145,0.07971015,0.962963,0.027777778,0.9670264154887028,0.0683453237410072,556.0,0.9812922243935678,0.031517921335880404,0.0014235040129735037,0.60986984,Campylobacterales,order,
mgiseq_2000__GCA_000021645.1,2,markers,0.22463769,0.02173913,0.3611111,0.018518519,0.4556818181818182,0.05151515440507368,220.0,0.6211393312088186,0.07464763053222043,0.0027492042990912863,0.29424864,Bacteria,superkingdom,
mgiseq_2000__GCA_000018265.1,2,markers,0.28985506,0.04347826,0.5277778,0.10185185,0.49416909620991256,0.09766763848396501,343.0,0.6242112906891712,0.12585142431024746,0.002271488819241934,0.28381923,Actinomycetes,class,
pacbio__GCA_000007185.1,3,markers + neural network,0.9492754,0.014492754,0.49074075,0.018518519,0.8935763676961263,0.039652776718139646,480.0,0.91277162695587,0.050829401668594516,0.0009798605869240883,0.5806833,Euryarchaeota,phylum,
pacbio__GCA_000011065.1,3,markers + neural network,0.51449275,0.08695652,0.9907407,0.037037037,0.9676541588162682,0.032137906477010175,962.0,0.9755753907725779,0.003315429981875985,0.0011513120434690656,0.6769499,Bacteroides,genus,
s5__GCA_001639275.1,3,markers + neural network,0.9927536,0.0,0.5462963,0.018518519,0.9816143224057595,0.03699551569506727,446.0,0.986404847885799,0.010651857821449728,0.0009635120676821871,0.67003506,Methanobacteriaceae,family,
mgiseq_2000__GCA_000011585.1,3,markers + neural network,0.3768116,0.072463766,0.22222222,0.037037037,0.6413527188235766,0.20319634267728623,584.0,0.6371556309577397,0.2673274732325362,0.0021135626000475176,0.41273966,Methanococcales,order,
minion__GCA_002952055.1,2,markers,0.48550725,0.49275362,0.9351852,0.6111111,0.9962546816479401,0.5905118792244558,267.0,0.9799989963317017,0.2258306814154585,0.001633702202732357,0.2998323,Thermodesulfobacteriota,phylum,
proton__GCA_000007225.1,1,rejected,0.072463766,0.036231883,0.027777778,0.018518519,0.08231707317073171,0.03048780487804878,164.0,0.6008788113472711,0.0,0.0022725491732622834,0.109915406,Archaea,superkingdom,
s5__GCA_001481685.1,3,markers + neural network,0.884058,0.06521739,0.49074075,0.06481481,0.9371980676328503,0.06561997086529571,207.0,0.9519179952409035,0.07403994106489392,0.0008702439993159413,0.5047532,Thermoprotei,class,
proton__GCA_000016425.1,1,rejected,0.07971015,0.02173913,0.046296295,0.018518519,0.10223764843410915,0.020833333333333332,432.0,0.5763177959124959,0.0,0.0020959705853619546,0.12893671,Actinomycetes,class,
illumina__GCA_000020465.1,3,markers + neural network,0.5072464,0.072463766,1.0,0.0,1.0,0.0,694.0,1.0,0.0,0.0011864982695055557,0.7068057,Chlorobiaceae,family,
pacbio__GCA_000020465.1,3,markers + neural network,0.5072464,0.072463766,1.0,0.0,1.0,0.0,694.0,1.0,0.0,0.0011736040989356537,0.70846003,Chlorobiaceae,family,
mgiseq_t7__GCA_000010305.1,3,markers + neural network,0.48550725,0.07971015,0.9537037,0.009259259,1.0,0.0,259.0,0.9773538392849677,0.0,0.000982612398562258,0.52374506,Bacteria,superkingdom,
proton__GCA_002952055.1,3,markers + neural network,0.49275362,0.13043478,0.9444444,0.046296295,0.9963369963369964,0.06532356765244034,273.0,1.0,0.06682303300727638,0.0010982061128582668,0.5004502,Bacteria,superkingdom,
mgiseq_t7__GCA_000007985.2,2,markers,0.36956522,0.2536232,0.712963,0.21296297,0.8250399595939073,0.339485450078977,596.0,0.7272013664941176,0.25725388903115715,0.00222309396816104,0.36748722,Geobacteraceae,family,
pacbio__GCA_000007565.2,3,markers + neural network,0.51449275,0.07971015,1.0,0.0,1.0,0.0,1334.0,1.0,0.0,0.0012544183680705137,0.7565276,Pseudomonas,genus,
mgiseq_t7__GCA_000015805.1,3,markers + neural network,0.95652175,0.13043478,0.5,0.083333336,0.9741189427312775,0.20576359416944864,454.0,0.9711551837147628,0.19048928300104562,0.0013887519049603737,0.5442396,Thermoproteaceae,family,
mgiseq_t7__GCA_000011205.1,1,rejected,0.028985508,0.0,0.018518519,0.0,0.07248062311216842,-4.620515236569571e-11,215.0,0.5795800500471817,0.0,0.0024665530244330804,0.1269341,Thermoprotei,class,
pacbio__GCA_003019295.1,3,markers + neural network,0.47826087,0.072463766,0.9814815,0.0,1.0,0.0010199918887022804,817.0,1.0,0.0,0.0012155277477463428,0.7914039,Fusobacterium,genus,
mgiseq_t7__GCA_000016785.1,3,markers + neural network,0.5072464,0.06521739,0.9722222,0.0,0.9901380670611439,0.0036160421559561402,507.0,0.9866361120408116,0.007682065904419909,0.0014058318301153477,0.65156156,Thermotogales,order,
mgiseq_2000__GCA_000020225.1,3,markers + neural network,0.44927537,0.11594203,0.9166667,0.11111111,0.981203007518797,0.21522556390977443,266.0,1.0,0.18943680055889825,0.0012054590473557214,0.46985823,Bacteria,superkingdom,
proton__GCA_000006805.1,3,markers + neural network,0.95652175,0.11594203,0.5185185,0.10185185,0.898972602739726,0.2092846387053189,438.0,0.8849436854993427,0.18959428055350544,0.0014609993744632576,0.4633784,Halobacteriales,order,
mgiseq_t7__GCA_000011585.1,2,markers,0.36956522,0.057971016,0.1574074,0.027777778,0.5677990531256806,0.152148668774329,574.0,0.6169600460001364,0.21248024002993113,0.0022344559159096686,0.39720154,Methanococcales,order,
s5__GCA_000022565.1,3,markers + neural network,0.36231884,0.11594203,0.6851852,0.1388889,0.7125,0.23493589254525993,520.0,0.6775891049279406,0.2189497396642429,0.0016692922762630495,0.33816698,Acidobacteriaceae,family,
illumina__GCA_000016085.1,3,markers + neural network,0.5,0.06521739,1.0,0.0,0.997387171578486,0.007425742574257425,606.0,1.0,0.0,0.0012690245114843142,0.687206,Chlorobiaceae,family,
mgiseq_t7__GCA_000019785.1,1,rejected,0.0,0.0,0.009259259,0.0,0.04896142433234421,0.002967359050445104,337.0,0.5816491074290636,0.0,0.0030244444019065487,0.109332636,Bacteria,superkingdom,
illumina__GCA_000011585.1,3,markers + neural network,0.6594203,0.06521739,0.33333334,0.046296295,0.8536585365853658,0.1140243849272512,574.0,0.8459093598812245,0.16699103611290486,0.0015239007429881189,0.5955563,Methanococcales,order,
proton__GCA_000020785.1,3,markers + neural network,0.47826087,0.11594203,0.9166667,0.12962963,0.9505347593582888,0.2647058823529412,374.0,0.9787307909885503,0.21846373293798352,0.001628411607130042,0.45462945,Bacteria,superkingdom,
minion__GCA_000006985.1,2,markers,0.5,0.4710145,1.0,0.7777778,0.9954954954954955,1.0734484789965748,666.0,1.0,0.24090270275786732,0.0025745132030432745,0.26852807,Chlorobiaceae,family,
s5__GCA_000006985.1,3,markers + neural network,0.49275362,0.13768116,0.9814815,0.12962963,0.9769769158807244,0.12374875638578031,666.0,0.9805383034833625,0.10280979119253919,0.0014180006287270585,0.6216707,Chlorobiaceae,family,
s5__GCA_000020225.1,3,markers + neural network,0.45652175,0.11594203,0.9444444,0.09259259,0.9966101694915255,0.211864406779661,295.0,1.0,0.20135620053447173,0.0011768805281655202,0.4796516,Bacteria,superkingdom,
mgiseq_t7__GCA_000011065.1,2,markers,0.18115942,0.028985508,0.3425926,0.018518519,0.43276939296483397,0.06495405020271626,798.0,0.5865272956888181,0.08607229179401416,0.002459911270620221,0.31390968,Bacteroides,genus,
pacbio__GCA_000006805.1,3,markers + neural network,1.0,0.0,0.5462963,0.027777778,1.0,0.0,493.0,1.0,0.0,0.0011209546338374374,0.659291,Halobacteria,class,
pacbio__GCA_000016545.1,3,markers + neural network,0.5,0.10144927,1.0,0.037037037,1.0,0.01810436634717785,939.0,1.0,0.0,0.0012624304963705535,0.7698101,Caldicellulosiruptor,genus,
illumina__GCA_000011965.2,2,markers,0.07971015,0.0,0.1388889,0.009259259,0.11616161891392299,0.004329004329004329,231.0,0.5628549033666665,0.0,0.00291584546019061,0.17099302,Bacteria,superkingdom,
minion__GCA_001481685.1,2,markers,0.85507244,0.54347825,0.4814815,0.39814815,0.875,0.7913011249743009,228.0,0.858297893625068,0.2922489516609101,0.0014554798205506003,0.29046765,Thermoprotei,class,
mgiseq_2000__GCA_000022325.1,3,markers + neural network,0.41304347,0.16666667,0.712963,0.12962963,0.8023147410005669,0.23280422703749468,882.0,0.7150302138408959,0.26663505224083345,0.0020011727302559025,0.4641203,Caldicellulosiruptor,genus,
s5__GCA_000021565.1,3,markers + neural network,0.5072464,0.072463766,0.9907407,0.018518519,1.0,0.03089643333972901,383.0,0.9992261336967283,0.04580774046174215,0.0012762925371804968,0.621189,Bacteria,superkingdom,
mgiseq_t7__GCA_000196135.1,3,markers + neural network,0.45652175,0.13768116,0.9351852,0.16666667,0.9607142857142857,0.284226199558803,560.0,0.9651415238333183,0.22111850946441927,0.00179320807203364,0.4695441,Campylobacterales,order,
illumina__GCA_000020785.1,3,markers + neural network,0.48550725,0.050724637,0.9259259,0.0,0.968299711815562,0.008645533141210375,347.0,0.9681107327568603,0.0,0.001317565582940463,0.581703,Bacteria,superkingdom,
minion__GCA_000008565.1,1,rejected,0.02173913,0.050724637,0.055555556,0.11111111,0.12696165911919247,0.17079646017699116,565.0,0.5977882116257279,0.08573566711253322,0.0020721585800698465,0.11332286,Deinococcus,genus,
illumina__GCA_000091665.1,3,markers + neural network,1.0,0.007246377,0.5185185,0.018518519,0.9995948136142626,0.008914100486223663,617.0,1.0,0.006944268325328441,0.0012373052424548274,0.7690828,Methanococcales,order,
s5__GCA_000007565.2,3,markers + neural network,0.34057972,0.07971015,0.6296296,0.12037037,0.8802225024839136,0.22590208667232448,1321.0,0.8492469035147435,0.24321356466966293,0.0016112142672078764,0.50009406,Pseudomonas,genus,
pacbio__GCA_000008565.1,3,markers + neural network,0.5072464,0.11594203,0.9814815,0.037037037,0.9886637134248372,0.11913892467184108,691.0,0.9938653114237628,0.1029712331036263,0.0011926583620947484,0.62567514,Deinococcus,genus,
illumina__GCA_000016425.1,2,markers,0.2173913,0.057971016,0.37037036,0.046296295,0.45244693491927807,0.05817174515235457,361.0,0.6107383099411465,0.0729632788830896,0.002144002610787958,0.27954102,Actinomycetes,class,
proton__GCA_000172575.2,1,rejected,0.04347826,0.007246377,0.027777778,0.0,0.05737704918032787,0.020491803278688523,244.0,0.5825545986017665,0.0,0.002890539080672318,0.119896084,Bacteria,superkingdom,
s5__GCA_000016425.1,2,markers,0.06521739,0.0,0.12962963,0.0,0.14805555979410806,0.011666666666666667,300.0,0.5736211355368823,0.0,0.0021055515896193423,0.16751194,Actinomycetes,class,
proton__GCA_001639275.1,3,markers + neural network,0.98550725,0.06521739,0.5462963,0.055555556,0.9771300174730241,0.0609118115207005,446.0,0.984013847878926,0.03508039968866575,0.0010058383966117883,0.648483,Methanobacteriaceae,family,
proton__GCA_000020225.1,2,markers,0.44927537,0.1594203,0.9166667,0.19444445,0.981203007518797,0.31390977443609025,266.0,1.0,0.22864192482484672,0.0012810698192741896,0.4333699,Bacteria,superkingdom,
