genome_id	selected_stage	tool_scored	pred_completeness	pred_contamination	official_completeness_fraction	official_contamination_fraction	selection_method
genome_309	2	True	58.99052994974544	0.59691011235955	0.5899052994974544	0.0059691011235955	markers
genome_660	3	True	73.05785182151745	0.0	0.7305785182151745	0.0	markers + neural network
genome_823	3	True	85.33317843555494	0.0	0.8533317843555493	0.0	markers + neural network
genome_921	3	True	99.92925732887716	0.14854559183964	0.9992925732887716	0.0014854559183964	markers + neural network
genome_634	3	True	69.77718587819616	0.0	0.6977718587819616	0.0	markers + neural network
genome_600	3	True	78.57976480651968	0.0	0.7857976480651967	0.0	markers + neural network
genome_739	3	True	83.25610208168351	0.0	0.832561020816835	0.0	markers + neural network
genome_941	3	True	98.4022254671506	0.0	0.9840222546715058	0.0	markers + neural network
genome_55	2	True	38.57230298659381	0.73529411764705	0.3857230298659381	0.0073529411764705	markers
genome_795	2	True	55.04879994435353	0.45045045045045	0.5504879994435353	0.0045045045045045	markers
genome_808	3	True	92.53060487925272	0.43429498983333	0.9253060487925272	0.0043429498983333	markers + neural network
genome_694	3	True	99.98750867361804	1.3728934415143	0.9998750867361804	0.013728934415143	markers + neural network
genome_977	3	True	99.93991431233442	1.11425573276475	0.9993991431233442	0.0111425573276475	markers + neural network
genome_955	3	True	99.47802885511824	0.0	0.9947802885511824	0.0	markers + neural network
genome_386	3	True	76.70391816097552	0.0	0.7670391816097553	0.0	markers + neural network
genome_968	3	True	99.29479759520405	0.0	0.9929479759520404	0.0	markers + neural network
genome_907	3	True	100.0	0.0	1.0	0.0	markers + neural network
genome_935	3	True	99.9330725511884	0.0	0.9993307255118838	0.0	markers + neural network
genome_232	2	True	58.14376673282866	0.59084194977843	0.5814376673282866	0.0059084194977843	markers
genome_170	3	True	84.50832832861343	0.14262692364197	0.8450832832861342	0.0014262692364197	markers + neural network
genome_277	2	True	54.95525857676631	-7.244904322200507e-08	0.5495525857676631	-7.244904322200505e-10	markers
genome_51	3	True	94.88521340520283	0.0	0.9488521340520284	0.0	markers + neural network
genome_651	3	True	84.69956515676228	0.0	0.8469956515676227	0.0	markers + neural network
genome_326	3	True	60.291065561753584	3.71359712819703	0.6029106556175359	0.0371359712819703	markers + neural network
genome_142	3	True	100.0	0.0	1.0	0.0	markers + neural network
genome_562	3	True	75.6110663772004	0.0	0.756110663772004	0.0	markers + neural network
genome_495	3	True	67.12734973632541	0.0	0.6712734973632541	0.0	markers + neural network
genome_38	2	True	79.8780487804878	33.739836623029014	0.7987804878048781	0.3373983662302901	markers
genome_22	2	True	51.64319248826291	0.0	0.5164319248826291	0.0	markers
genome_452	3	True	81.95392561051142	0.0	0.8195392561051142	0.0	markers + neural network
genome_73	3	True	75.2280366533002	0.0	0.752280366533002	0.0	markers + neural network
genome_327	3	True	74.84701318652074	0.0	0.7484701318652074	0.0	markers + neural network
genome_499	3	True	99.99723369809952	0.0	0.9999723369809952	0.0	markers + neural network
genome_959	3	True	99.322933025493	0.0	0.99322933025493	0.0	markers + neural network
genome_855	3	True	100.0	1.93958930016901	1.0	0.0193958930016901	markers + neural network
genome_531	3	True	89.17892373636627	0.52762215061068	0.8917892373636627	0.0052762215061068	markers + neural network
genome_126	3	True	100.0	0.0	1.0	0.0	markers + neural network
genome_627	3	True	85.06626209837485	0.0	0.8506626209837486	0.0	markers + neural network
genome_544	3	True	78.31925943281388	0.0	0.7831925943281388	0.0	markers + neural network
genome_115	2	True	52.0815860523897	-1.8365577816706823e-08	0.5208158605238971	-1.8365577816706822e-10	markers
genome_813	3	True	83.70694352080528	0.0	0.8370694352080528	0.0	markers + neural network
genome_528	3	True	84.71024265722002	0.0	0.8471024265722003	0.0	markers + neural network
genome_817	3	True	72.51412697568111	0.13201748665597	0.7251412697568111	0.0013201748665597	markers + neural network
genome_601	3	True	78.30898890624592	0.0	0.7830898890624591	0.0	markers + neural network
genome_894	3	True	99.7963235556086	1.44654555101826	0.997963235556086	0.0144654555101826	markers + neural network
genome_593	3	True	79.52457470563519	0.10374493811723	0.7952457470563519	0.0010374493811723	markers + neural network
genome_775	3	True	63.34937852461853	0.0	0.6334937852461853	0.0	markers + neural network
genome_834	3	True	100.0	0.0	1.0	0.0	markers + neural network
genome_532	3	True	75.74293095973906	13.50380609874674	0.7574293095973905	0.1350380609874674	markers + neural network
genome_480	3	True	76.14193250136682	0.0	0.7614193250136683	0.0	markers + neural network
genome_934	3	True	99.92571291426268	0.0	0.9992571291426268	0.0	markers + neural network
genome_438	2	True	80.67632850241546	39.29146660698784	0.8067632850241546	0.3929146660698784	markers
genome_932	3	True	100.0	0.0	1.0	0.0	markers + neural network
genome_837	3	True	100.0	0.0	1.0	0.0	markers + neural network
genome_398	2	True	59.74268863075658	-7.494151576107119e-09	0.5974268863075658	-7.494151576107119e-11	markers
genome_307	2	True	59.16990602171266	0.03246748989278	0.5916990602171266	0.0003246748989278	markers
genome_618	3	True	80.1728008908275	0.0	0.801728008908275	0.0	markers + neural network
genome_281	2	True	57.68143905610248	-1.3015786179527469e-08	0.5768143905610248	-1.3015786179527467e-10	markers
genome_566	3	True	78.00955760100354	0.0	0.7800955760100354	0.0	markers + neural network
genome_803	3	True	99.85092866287724	0.01841493598917	0.9985092866287724	0.0001841493598917	markers + neural network
genome_406	3	True	71.40661840438554	0.0	0.7140661840438554	0.0	markers + neural network
genome_92	2	True	53.98022667836335	-2.6939953845882527e-09	0.5398022667836335	-2.6939953845882528e-11	markers
genome_581	3	True	100.0	0.0	1.0	0.0	markers + neural network
genome_594	3	True	100.0	0.0	1.0	0.0	markers + neural network
genome_212	3	True	60.770762449249936	0.0	0.6077076244924994	0.0	markers + neural network
genome_105	2	True	39.55651148194407	-2.13178281893997e-08	0.3955651148194407	-2.1317828189399702e-10	markers
genome_397	3	True	62.61219142109853	0.0	0.6261219142109853	0.0	markers + neural network
genome_842	3	True	100.0	0.0	1.0	0.0	markers + neural network
genome_120	2	True	32.85216008270136	0.418410041841	0.3285216008270136	0.00418410041841	markers
genome_6	2	True	53.07125886098425	0.5753739930955101	0.5307125886098425	0.0057537399309551	markers
genome_857	3	True	99.77957990055675	0.0	0.9977957990055676	0.0	markers + neural network
genome_695	3	True	71.50650992188629	0.85740462057694	0.715065099218863	0.0085740462057694	markers + neural network
genome_509	3	True	69.76991320856284	0.0	0.6976991320856284	0.0	markers + neural network
genome_218	2	True	55.79580014890379	0.05630626603289	0.5579580014890378	0.0005630626603289	markers
genome_630	3	True	88.19343934117337	1.1128600206739498	0.8819343934117337	0.0111286002067395	markers + neural network
genome_590	3	True	100.0	0.0	1.0	0.0	markers + neural network
genome_300	3	True	99.72727375041754	0.92087094745008	0.9972727375041754	0.0092087094745008	markers + neural network
genome_98	2	True	51.98243449208656	0.13781219797849	0.5198243449208656	0.0013781219797849	markers
genome_356	3	True	68.67237794543568	0.0	0.6867237794543568	0.0	markers + neural network
genome_494	3	True	83.63829584552461	0.0	0.8363829584552461	0.0	markers + neural network
genome_698	3	True	99.98800612129872	0.7907802856405	0.9998800612129872	0.007907802856405	markers + neural network
genome_540	3	True	79.4336374705998	0.0	0.794336374705998	0.0	markers + neural network
genome_589	3	True	80.47635819646288	0.0	0.8047635819646288	0.0	markers + neural network
genome_918	3	True	99.70754827978624	0.3625597448242	0.9970754827978624	0.003625597448242	markers + neural network
genome_889	3	True	100.0	0.0	1.0	0.0	markers + neural network
genome_59	3	True	74.88310136299383	0.0	0.7488310136299383	0.0	markers + neural network
genome_724	2	True	90.57591623036647	43.80453619033254	0.9057591623036648	0.4380453619033254	markers
genome_762	3	True	81.46011978964911	0.0	0.8146011978964911	0.0	markers + neural network
genome_743	3	True	84.32960868829701	0.0	0.8432960868829701	0.0	markers + neural network
genome_981	3	True	99.82667479164942	0.0	0.9982667479164942	0.0	markers + neural network
genome_385	3	True	100.0	0.0	1.0	0.0	markers + neural network
genome_13	2	True	52.49571248295185	0.18975326413221	0.5249571248295185	0.0018975326413221	markers
genome_235	2	True	55.534483810950974	0.6896551724137899	0.5553448381095097	0.0068965517241379	markers
genome_497	3	True	73.29954691310098	0.0	0.7329954691310099	0.0	markers + neural network
genome_707	3	True	99.6935506234106	1.36820703290202	0.996935506234106	0.0136820703290202	markers + neural network
genome_489	3	True	62.96277345070557	0.0	0.6296277345070557	0.0	markers + neural network
genome_474	3	True	71.19628728692187	2.05411870393271	0.7119628728692187	0.0205411870393271	markers + neural network
genome_449	3	True	62.83000736210565	0.0	0.6283000736210566	0.0	markers + neural network
genome_944	3	True	100.0	0.0	1.0	0.0	markers + neural network
genome_363	3	True	62.443976137650935	0.3138170439794699	0.6244397613765094	0.0031381704397947	markers + neural network
genome_769	3	True	77.66888231679297	0.0	0.7766888231679298	0.0	markers + neural network
genome_74	2	True	54.15164918453313	0.16322087930258	0.5415164918453312	0.0016322087930258	markers
genome_177	3	True	60.651819206200685	0.0	0.6065181920620069	0.0	markers + neural network
genome_417	3	True	72.69130538869419	0.0	0.7269130538869419	0.0	markers + neural network
genome_680	3	True	100.0	0.0	1.0	0.0	markers + neural network
genome_171	3	True	100.0	0.0	1.0	0.0	markers + neural network
genome_108	2	True	50.72674418604651	-8.663465810376545e-09	0.5072674418604651	-8.663465810376544e-11	markers
genome_652	3	True	87.68132275602345	0.0	0.8768132275602345	0.0	markers + neural network
genome_224	3	True	93.3200837764174	0.0	0.933200837764174	0.0	markers + neural network
genome_928	3	True	99.49966492575344	0.29725887988827	0.9949966492575344	0.0029725887988827	markers + neural network
genome_401	3	True	85.1043386876309	0.0	0.851043386876309	0.0	markers + neural network
genome_355	3	True	71.58566620588252	0.0	0.7158566620588251	0.0	markers + neural network
genome_455	3	True	72.16865656267979	0.0	0.7216865656267979	0.0	markers + neural network
genome_559	3	True	90.14283459200034	0.0	0.9014283459200034	0.0	markers + neural network
genome_710	2	True	89.93506493506493	36.36363636363636	0.8993506493506493	0.3636363636363636	markers
genome_251	3	True	62.356856274822135	0.0	0.6235685627482214	0.0	markers + neural network
genome_835	3	True	99.30292274988244	0.0	0.9930292274988244	0.0	markers + neural network
genome_10	3	True	84.69145034344136	0.0	0.8469145034344137	0.0	markers + neural network
genome_323	3	True	66.51436787164042	0.0	0.6651436787164042	0.0	markers + neural network
genome_785	3	True	89.73196754120758	0.0	0.8973196754120758	0.0	markers + neural network
genome_971	3	True	99.16027468011724	0.0	0.9916027468011726	0.0	markers + neural network
genome_608	3	True	64.09106643780804	0.0	0.6409106643780804	0.0	markers + neural network
genome_252	3	True	67.6615854885583	0.0	0.676615854885583	0.0	markers + neural network
genome_66	2	True	52.385368529689366	0.11961720349115	0.5238536852968937	0.0011961720349115	markers
genome_49	2	True	50.62520663395714	-9.366848374856596e-09	0.5062520663395714	-9.366848374856596e-11	markers
genome_345	3	True	65.99759476283668	0.0	0.6599759476283669	0.0	markers + neural network
genome_339	3	True	65.62674796817143	0.0	0.6562674796817143	0.0	markers + neural network
genome_846	3	True	100.0	0.0	1.0	0.0	markers + neural network
genome_542	3	True	69.67905676536287	2.66668202168414	0.6967905676536287	0.0266668202168414	markers + neural network
genome_493	3	True	99.84398533913978	0.16320961302911	0.9984398533913978	0.0016320961302911	markers + neural network
genome_924	3	True	100.0	0.0	1.0	0.0	markers + neural network
genome_231	3	True	71.53551639816517	0.0	0.7153551639816518	0.0	markers + neural network
genome_623	3	True	86.08917395345507	0.0	0.8608917395345508	0.0	markers + neural network
genome_424	3	True	65.5974125103994	0.14997166596956	0.6559741251039939	0.0014997166596956	markers + neural network
genome_78	2	True	55.87407430013021	0.44444444444444	0.558740743001302	0.0044444444444444	markers
genome_969	3	True	100.0	0.0	1.0	0.0	markers + neural network
genome_546	3	True	79.59386039074761	0.0	0.7959386039074761	0.0	markers + neural network
genome_9	2	True	41.86244606971741	0.5859375	0.4186244606971741	0.005859375	markers
genome_641	3	True	61.0834221197047	2.44991878935513	0.610834221197047	0.0244991878935513	markers + neural network
genome_507	3	True	79.40326440025918	0.0	0.7940326440025918	0.0	markers + neural network
genome_196	3	True	60.48809165923976	0.0	0.6048809165923976	0.0	markers + neural network
genome_358	3	True	69.8932512501525	0.42320584379594	0.698932512501525	0.0042320584379594	markers + neural network
genome_256	3	True	66.13822617789815	0.0	0.6613822617789815	0.0	markers + neural network
genome_868	3	True	100.0	0.0	1.0	0.0	markers + neural network
genome_221	2	True	54.5346152124503	0.70159027128157	0.545346152124503	0.0070159027128157	markers
genome_870	3	True	100.0	0.70408675114756	1.0	0.0070408675114756	markers + neural network
genome_809	3	True	88.1281715391712	0.0	0.8812817153917121	0.0	markers + neural network
genome_412	3	True	100.0	0.86798173939991	1.0	0.0086798173939991	markers + neural network
genome_26	2	True	56.98492538988889	-2.5459269310278303e-08	0.569849253898889	-2.5459269310278305e-10	markers
genome_191	2	True	58.36778584883303	0.17433747586844	0.5836778584883303	0.0017433747586844	markers
genome_157	2	True	59.473085009362094	0.0590318349907999	0.5947308500936209	0.000590318349908	markers
genome_997	3	True	100.0	0.94925484744677	1.0	0.0094925484744677	markers + neural network
genome_516	3	True	73.78067553975501	0.0	0.73780675539755	0.0	markers + neural network
genome_335	3	True	72.5903975975692	0.0	0.7259039759756919	0.0	markers + neural network
genome_35	3	True	79.24256243909151	0.0	0.7924256243909151	0.0	markers + neural network
genome_176	3	True	64.70808079811616	0.56020722099138	0.6470808079811615	0.0056020722099138	markers + neural network
genome_52	3	True	73.76103251326364	5.12485766340898	0.7376103251326365	0.0512485766340898	markers + neural network
genome_222	3	True	62.42185771780757	0.0	0.6242185771780757	0.0	markers + neural network
genome_246	3	True	64.16360605074134	0.0	0.6416360605074134	0.0	markers + neural network
genome_678	3	True	79.39082491933466	0.0	0.7939082491933466	0.0	markers + neural network
genome_974	3	True	100.0	0.0	1.0	0.0	markers + neural network
genome_781	3	True	92.15475342303505	0.0	0.9215475342303504	0.0	markers + neural network
genome_350	3	True	65.24312623081956	0.0	0.6524312623081956	0.0	markers + neural network
genome_689	3	True	100.0	1.6772654104672098	1.0	0.0167726541046721	markers + neural network
genome_184	3	True	67.09921653480342	0.0	0.6709921653480342	0.0	markers + neural network
genome_188	3	True	68.47076771872132	0.0	0.6847076771872131	0.0	markers + neural network
genome_906	3	True	100.0	0.0	1.0	0.0	markers + neural network
genome_150	2	True	49.86944656531348	0.3001043841336099	0.4986944656531348	0.0030010438413361	markers
genome_897	3	True	100.0	0.0	1.0	0.0	markers + neural network
genome_416	2	True	58.471641698813535	0.62240663900414	0.5847164169881354	0.0062240663900414	markers
genome_638	3	True	80.08537541640057	0.0	0.8008537541640056	0.0	markers + neural network
genome_437	3	True	76.65281384929486	0.0	0.7665281384929485	0.0	markers + neural network
genome_893	3	True	100.0	0.47985477463519	1.0	0.0047985477463519	markers + neural network
genome_146	2	True	40.51271082537933	-3.134337148574441e-08	0.4051271082537933	-3.134337148574441e-10	markers
genome_591	3	True	87.8104515365717	0.0	0.878104515365717	0.0	markers + neural network
genome_8	2	True	57.63792587089274	-3.5923060292155186e-08	0.5763792587089274	-3.5923060292155187e-10	markers
genome_602	3	True	79.81674320643677	0.31655901954094	0.7981674320643677	0.0031655901954094	markers + neural network
genome_62	2	True	46.26723240761861	-3.5772455557358685e-08	0.4626723240761861	-3.577245555735868e-10	markers
genome_194	2	True	52.23248417878536	-1.147125627743679e-08	0.5223248417878537	-1.1471256277436791e-10	markers
genome_925	2	True	88.19095477386935	31.4070351758794	0.8819095477386935	0.314070351758794	markers
genome_530	3	True	79.69717145535238	0.10393381469959	0.7969717145535238	0.0010393381469959	markers + neural network
genome_220	2	True	43.18637050150012	-3.9260671435481126e-08	0.4318637050150012	-3.9260671435481127e-10	markers
genome_311	2	True	44.57696637194872	0.45871559633027	0.4457696637194872	0.0045871559633027	markers
genome_302	3	True	85.577241359903	0.0	0.85577241359903	0.0	markers + neural network
genome_211	3	True	70.60111723829404	0.0	0.7060111723829403	0.0	markers + neural network
genome_460	2	True	59.137499319650985	0.4501607512609999	0.5913749931965099	0.00450160751261	markers
genome_213	2	True	59.85343588057474	-2.670727335544372e-08	0.5985343588057475	-2.670727335544372e-10	markers
genome_53	3	True	75.9992416827678	0.0	0.759992416827678	0.0	markers + neural network
genome_798	3	True	75.97995768953352	0.0	0.7597995768953352	0.0	markers + neural network
genome_888	3	True	95.91697954566486	0.0	0.9591697954566486	0.0	markers + neural network
genome_757	3	True	85.13027922775251	0.4791033226343399	0.8513027922775251	0.0047910332263434	markers + neural network
genome_346	3	True	69.46218358913363	1.40160917836481	0.6946218358913363	0.0140160917836481	markers + neural network
genome_936	3	True	99.59826568681682	0.0	0.9959826568681682	0.0	markers + neural network
genome_814	3	True	83.58689957674676	0.0	0.8358689957674675	0.0	markers + neural network
genome_336	3	True	61.5991062711752	0.0	0.615991062711752	0.0	markers + neural network
genome_708	3	True	86.65406973609893	0.0	0.8665406973609893	0.0	markers + neural network
genome_43	3	True	100.0	0.0	1.0	0.0	markers + neural network
genome_560	3	True	80.34369136352797	0.0	0.8034369136352797	0.0	markers + neural network
genome_771	3	True	92.4847351226884	0.7590271208765199	0.924847351226884	0.0075902712087652	markers + neural network
genome_960	3	True	100.0	0.0	1.0	0.0	markers + neural network
genome_268	3	True	69.65756303267044	0.0	0.6965756303267043	0.0	markers + neural network
genome_136	3	True	100.0	0.0	1.0	0.0	markers + neural network
genome_482	3	True	74.32268436574041	0.0	0.7432268436574041	0.0	markers + neural network
genome_759	3	True	79.65497326330461	1.91727154182061	0.7965497326330462	0.0191727154182061	markers + neural network
genome_236	3	True	63.43225025858181	0.0	0.6343225025858181	0.0	markers + neural network
genome_672	3	True	74.4264702316748	0.0	0.744264702316748	0.0	markers + neural network
genome_333	3	True	65.31897954224753	0.0	0.6531897954224753	0.0	markers + neural network
genome_711	3	True	92.43225252372858	0.0	0.9243225252372858	0.0	markers + neural network
genome_673	3	True	100.0	0.0	1.0	0.0	markers + neural network
genome_207	2	True	56.01380546137972	0.40431263633172	0.5601380546137972	0.0040431263633172	markers
genome_234	3	True	60.5377892060833	0.0	0.605377892060833	0.0	markers + neural network
genome_257	3	True	62.256896878935045	0.0	0.6225689687893504	0.0	markers + neural network
genome_131	3	True	67.4584136126323	0.13205649093376	0.674584136126323	0.0013205649093376	markers + neural network
genome_301	2	True	54.36494065633	1.02389078498293	0.5436494065633	0.0102389078498293	markers
genome_668	3	True	62.87300095542467	0.0	0.6287300095542467	0.0	markers + neural network
genome_745	3	True	100.0	0.0	1.0	0.0	markers + neural network
genome_549	3	True	88.69012533670913	0.0	0.8869012533670912	0.0	markers + neural network
genome_829	3	True	69.26404272729525	0.0	0.6926404272729525	0.0	markers + neural network
genome_209	3	True	69.22206791129872	0.07177316656681	0.6922206791129872	0.0007177316656681	markers + neural network
genome_240	2	True	57.224443973927606	0.58997050147492	0.5722444397392761	0.0058997050147492	markers
genome_316	2	True	59.39357349206511	0.13054828730949	0.5939357349206511	0.0013054828730949	markers
genome_349	3	True	84.03509982758483	0.0	0.8403509982758484	0.0	markers + neural network
genome_143	3	True	99.90289572544508	0.0	0.9990289572544508	0.0	markers + neural network
genome_165	2	True	54.12251437305111	-4.3575237031608805e-08	0.5412251437305111	-4.357523703160881e-10	markers
genome_643	3	True	76.4708936190499	0.0	0.7647089361904991	0.0	markers + neural network
genome_631	3	True	68.08268047485451	3.24482099650555	0.6808268047485452	0.0324482099650555	markers + neural network
genome_520	3	True	92.81652437348528	0.0	0.9281652437348528	0.0	markers + neural network
genome_179	3	True	62.82701725925924	0.0	0.6282701725925923	0.0	markers + neural network
genome_890	3	True	99.73047394212398	0.0	0.9973047394212398	0.0	markers + neural network
genome_578	3	True	93.7689864933007	0.0	0.937689864933007	0.0	markers + neural network
genome_399	3	True	73.74571000064104	0.0	0.7374571000064104	0.0	markers + neural network
genome_82	3	True	62.95779399777825	0.0	0.6295779399777826	0.0	markers + neural network
genome_503	3	True	83.94274890664603	0.0	0.8394274890664604	0.0	markers + neural network
genome_629	3	True	70.54393558070667	0.4263459889343199	0.7054393558070667	0.0042634598893432	markers + neural network
genome_134	2	True	57.29341742209737	0.18975332068311	0.5729341742209737	0.0018975332068311	markers
genome_249	3	True	71.97721800952839	0.0	0.7197721800952839	0.0	markers + neural network
genome_675	3	True	87.30450930813022	0.0	0.8730450930813022	0.0	markers + neural network
genome_114	2	True	58.78787647594105	-1.8062014106590144e-08	0.5878787647594105	-1.8062014106590144e-10	markers
genome_879	3	True	100.0	0.0	1.0	0.0	markers + neural network
genome_617	3	True	82.27417091330412	0.0	0.8227417091330412	0.0	markers + neural network
genome_27	2	True	59.37179800180289	-1.2226594164461018e-08	0.5937179800180289	-1.2226594164461018e-10	markers
genome_337	3	True	64.24902837753339	0.33885587535249	0.6424902837753339	0.0033885587535249	markers + neural network
genome_946	3	True	99.9264050317636	0.0	0.999264050317636	0.0	markers + neural network
genome_69	2	True	59.69715854577851	-2.5893413884771506e-08	0.5969715854577851	-2.58934138847715e-10	markers
genome_963	3	True	100.0	0.0	1.0	0.0	markers + neural network
genome_713	3	True	75.1830298855244	2.46084260794834	0.7518302988552441	0.0246084260794834	markers + neural network
genome_28	2	True	52.14118317691765	1.8796992481203	0.5214118317691765	0.018796992481203	markers
genome_95	2	True	53.81297235903533	-4.113502177484297e-09	0.5381297235903533	-4.113502177484297e-11	markers
genome_36	2	True	35.22727272727273	1.13636363636363	0.3522727272727273	0.0113636363636363	markers
genome_984	3	True	100.0	0.0	1.0	0.0	markers + neural network
genome_784	3	True	99.7127502190828	0.17840625091928	0.997127502190828	0.0017840625091928	markers + neural network
genome_244	2	True	57.78752114872911	0.8812856155087	0.577875211487291	0.008812856155087	markers
genome_173	2	True	56.08210704465533	0.15961688133781	0.5608210704465533	0.0015961688133781	markers
genome_611	3	True	83.34457898267111	0.0	0.8334457898267111	0.0	markers + neural network
genome_847	3	True	99.11714030715557	0.0	0.9911714030715556	0.0	markers + neural network
genome_293	3	True	100.0	0.0	1.0	0.0	markers + neural network
genome_178	3	True	62.84245504613941	0.0	0.6284245504613941	0.0	markers + neural network
genome_989	3	True	99.78634507055716	0.0	0.9978634507055716	0.0	markers + neural network
genome_71	2	True	35.63519991361178	0.52447552447552	0.3563519991361178	0.0052447552447552	markers
genome_259	3	True	66.27444329931006	0.0	0.6627444329931006	0.0	markers + neural network
genome_392	3	True	69.5007318938489	0.0	0.6950073189384889	0.0	markers + neural network
genome_91	2	True	51.96021827491554	0.45045045045045	0.5196021827491554	0.0045045045045045	markers
genome_190	3	True	60.984774697825074	0.0	0.6098477469782507	0.0	markers + neural network
genome_217	2	True	57.4052491906571	0.13698628503982	0.574052491906571	0.0013698628503982	markers
genome_510	3	True	62.60900533605979	0.0	0.6260900533605979	0.0	markers + neural network
genome_272	2	True	52.03783940874247	1.26661640795843	0.5203783940874247	0.0126661640795843	markers
genome_973	3	True	99.73669623701116	0.0	0.9973669623701118	0.0	markers + neural network
genome_263	3	True	64.37202898422505	0.0	0.6437202898422505	0.0	markers + neural network
genome_845	3	True	100.0	0.88991942370346	1.0	0.0088991942370346	markers + neural network
genome_830	3	True	85.40287906284192	0.0	0.8540287906284192	0.0	markers + neural network
genome_304	3	True	76.43127330408747	0.0	0.7643127330408747	0.0	markers + neural network
genome_558	3	True	80.88701507697407	0.0	0.8088701507697407	0.0	markers + neural network
genome_262	3	True	64.70115823339104	0.0	0.6470115823339104	0.0	markers + neural network
genome_779	3	True	100.0	0.0	1.0	0.0	markers + neural network
genome_693	2	True	59.6256307690169	-6.632838860202623e-08	0.596256307690169	-6.632838860202622e-10	markers
genome_118	2	True	57.66836791370438	-1.0962937330246005e-08	0.5766836791370438	-1.0962937330246003e-10	markers
genome_351	3	True	79.5118386685278	0.0	0.795118386685278	0.0	markers + neural network
genome_621	3	True	83.5250691259125	0.0	0.8352506912591249	0.0	markers + neural network
genome_488	3	True	67.99133951110387	0.0	0.6799133951110388	0.0	markers + neural network
genome_242	3	True	62.163932915572296	0.0	0.621639329155723	0.0	markers + neural network
genome_185	3	True	85.56067136604536	0.0	0.8556067136604536	0.0	markers + neural network
genome_469	3	True	67.53293702223726	0.0	0.6753293702223726	0.0	markers + neural network
genome_998	3	True	99.50110002996324	0.0	0.9950110002996324	0.0	markers + neural network
genome_199	3	True	67.1859556441167	0.74233542027999	0.671859556441167	0.0074233542027999	markers + neural network
genome_992	3	True	99.84411835231631	0.0	0.9984411835231632	0.0	markers + neural network
genome_50	2	True	58.30155776488824	0.35587188612099	0.5830155776488823	0.0035587188612099	markers
genome_766	3	True	87.99259541768484	0.0	0.8799259541768484	0.0	markers + neural network
genome_63	2	True	45.54356636760904	0.47961630695443	0.4554356636760904	0.0047961630695443	markers
genome_749	3	True	88.19512889236212	0.0	0.8819512889236212	0.0	markers + neural network
genome_367	3	True	64.27425873785744	0.0	0.6427425873785744	0.0	markers + neural network
genome_324	3	True	62.00638278156819	0.0	0.6200638278156819	0.0	markers + neural network
genome_198	3	True	69.27145565817172	0.78030801118534	0.6927145565817172	0.0078030801118534	markers + neural network
genome_382	3	True	69.5034423192416	0.0	0.6950344231924159	0.0	markers + neural network
genome_926	3	True	100.0	0.0	1.0	0.0	markers + neural network
genome_780	2	True	58.202511155010725	0.2044153525414	0.5820251115501073	0.002044153525414	markers
genome_570	3	True	64.63714387628801	0.0	0.6463714387628801	0.0	markers + neural network
genome_456	3	True	79.94609026568396	1.0331541755810298	0.7994609026568397	0.0103315417558103	markers + neural network
genome_255	3	True	71.67334806797632	0.0	0.7167334806797632	0.0	markers + neural network
genome_295	3	True	62.40973178475512	2.23381954187994	0.6240973178475512	0.0223381954187994	markers + neural network
genome_854	3	True	100.0	0.0	1.0	0.0	markers + neural network
genome_260	3	True	98.64835951027509	0.0	0.9864835951027509	0.0	markers + neural network
genome_525	3	True	77.19451026389518	0.0	0.7719451026389519	0.0	markers + neural network
genome_697	3	True	83.53920088141787	0.0	0.8353920088141787	0.0	markers + neural network
genome_987	3	True	100.0	0.0	1.0	0.0	markers + neural network
genome_473	3	True	63.58483121311711	0.0	0.6358483121311711	0.0	markers + neural network
genome_538	3	True	72.64561029184502	0.0	0.7264561029184502	0.0	markers + neural network
genome_127	2	True	48.01630746131053	-1.2526540786914841e-08	0.4801630746131053	-1.2526540786914839e-10	markers
genome_481	3	True	79.09155962305583	2.89640611644983	0.7909155962305583	0.0289640611644983	markers + neural network
genome_226	2	True	47.17269939964528	-1.701803687138233e-08	0.4717269939964528	-1.701803687138233e-10	markers
genome_677	2	True	47.66238618969151	-2.7653833351241528e-08	0.4766238618969151	-2.765383335124153e-10	markers
genome_645	3	True	80.84857475301925	2.14956006736642	0.8084857475301925	0.0214956006736642	markers + neural network
genome_430	3	True	71.02217086216899	0.0	0.71022170862169	0.0	markers + neural network
genome_895	3	True	99.89948001121832	0.0	0.9989948001121832	0.0	markers + neural network
genome_325	2	True	56.03186646433991	0.03034898923633	0.5603186646433991	0.0003034898923633	markers
genome_433	3	True	76.4418536702016	0.0	0.764418536702016	0.0	markers + neural network
genome_714	3	True	82.48142271122818	0.0	0.8248142271122818	0.0	markers + neural network
genome_80	2	True	55.683941769033474	-1.2015335978385708e-08	0.5568394176903347	-1.2015335978385708e-10	markers
genome_24	3	True	63.62385264420112	0.59098885800976	0.6362385264420112	0.0059098885800976	markers + neural network
genome_587	3	True	72.18921856392006	0.0	0.7218921856392007	0.0	markers + neural network
genome_958	3	True	99.29741676682232	0.0	0.9929741676682232	0.0	markers + neural network
genome_319	2	True	53.66684982261943	1.86104218362282	0.5366684982261942	0.0186104218362282	markers
genome_472	3	True	80.35778566559202	0.0	0.8035778566559202	0.0	markers + neural network
genome_511	3	True	66.72438810170658	0.0	0.6672438810170658	0.0	markers + neural network
genome_702	3	True	98.47582023107717	0.0	0.9847582023107716	0.0	markers + neural network
genome_205	3	True	69.21334033318105	0.0	0.6921334033318105	0.0	markers + neural network
genome_663	3	True	83.89581324016957	0.0	0.8389581324016957	0.0	markers + neural network
genome_421	3	True	72.77767602071637	0.0	0.7277767602071636	0.0	markers + neural network
genome_299	3	True	68.09123803420394	0.0	0.6809123803420394	0.0	markers + neural network
genome_588	3	True	82.76491095903124	0.0	0.8276491095903125	0.0	markers + neural network
genome_741	3	True	65.62580000911402	0.0	0.6562580000911402	0.0	markers + neural network
genome_470	3	True	73.21526425218885	0.0	0.7321526425218884	0.0	markers + neural network
genome_487	3	True	79.72516348304055	0.0	0.7972516348304054	0.0	markers + neural network
genome_995	3	True	99.89140176446986	1.58480954911649	0.9989140176446986	0.0158480954911649	markers + neural network
genome_0	3	True	64.47427176083845	0.0	0.6447427176083844	0.0	markers + neural network
genome_372	2	True	90.71856287425148	32.13572702008093	0.907185628742515	0.3213572702008093	markers
genome_137	3	True	61.86012380864181	0.0	0.6186012380864181	0.0	markers + neural network
genome_825	3	True	82.72255274928636	0.0	0.8272255274928637	0.0	markers + neural network
genome_370	3	True	70.7025763077481	0.0	0.707025763077481	0.0	markers + neural network
genome_943	3	True	99.80898394273576	0.0	0.9980898394273576	0.0	markers + neural network
genome_261	3	True	71.35824401832609	0.0	0.7135824401832609	0.0	markers + neural network
genome_463	3	True	64.17212115765675	0.0	0.6417212115765675	0.0	markers + neural network
genome_964	3	True	100.0	0.64735041548073	1.0	0.0064735041548073	markers + neural network
genome_344	3	True	64.51799741618	2.03080970621131	0.6451799741618	0.0203080970621131	markers + neural network
genome_604	3	True	68.16728151523364	0.0	0.6816728151523364	0.0	markers + neural network
genome_377	3	True	100.0	0.96895541552585	1.0	0.0096895541552585	markers + neural network
genome_227	3	True	69.84507802015938	1.52586844195746	0.6984507802015938	0.0152586844195746	markers + neural network
genome_265	3	True	61.06749388347571	0.0	0.6106749388347571	0.0	markers + neural network
genome_68	2	True	51.13260841960139	0.0773993531247699	0.5113260841960139	0.0007739935312477	markers
genome_48	2	True	52.84313642954488	0.20283975659229	0.5284313642954488	0.0020283975659229	markers
genome_79	3	True	66.21155584399416	0.0	0.6621155584399416	0.0	markers + neural network
genome_649	3	True	76.0531536343019	0.0	0.7605315363430191	0.0	markers + neural network
genome_684	3	True	76.10008671321793	0.0	0.7610008671321794	0.0	markers + neural network
genome_979	3	True	99.699455223865	0.0	0.99699455223865	0.0	markers + neural network
genome_836	3	True	99.74416415517756	1.18109814217042	0.9974416415517756	0.0118109814217042	markers + neural network
genome_313	2	True	56.36870078815692	0.5893909626718999	0.5636870078815692	0.005893909626719	markers
genome_279	2	True	59.2407679153701	0.10593216550552	0.592407679153701	0.0010593216550552	markers
genome_556	3	True	77.1619363728651	0.0	0.771619363728651	0.0	markers + neural network
genome_458	3	True	76.67918150268495	0.0	0.7667918150268496	0.0	markers + neural network
genome_550	3	True	82.12457252567108	0.0	0.8212457252567109	0.0	markers + neural network
genome_994	3	True	99.98719867807402	0.0	0.9998719867807402	0.0	markers + neural network
genome_229	3	True	65.92099623170078	0.0	0.6592099623170079	0.0	markers + neural network
genome_387	3	True	67.61310128909562	0.0	0.6761310128909562	0.0	markers + neural network
genome_5	3	True	63.76916667351319	4.67085333426377	0.6376916667351319	0.0467085333426377	markers + neural network
genome_396	3	True	63.704104317466935	0.0	0.6370410431746694	0.0	markers + neural network
genome_274	3	True	75.51255216565141	0.0	0.7551255216565141	0.0	markers + neural network
genome_521	3	True	86.55722590525087	0.0	0.8655722590525088	0.0	markers + neural network
genome_147	2	True	52.780666892243374	0.09247840700255	0.5278066689224338	0.0009247840700255	markers
genome_687	3	True	89.11349690308532	0.0	0.8911349690308532	0.0	markers + neural network
genome_564	3	True	74.21335079251136	0.0	0.7421335079251137	0.0	markers + neural network
genome_479	3	True	70.32767326996112	0.0	0.7032767326996112	0.0	markers + neural network
genome_909	3	True	100.0	0.0	1.0	0.0	markers + neural network
genome_787	3	True	100.0	0.0	1.0	0.0	markers + neural network
genome_33	3	True	95.19255271697632	4.20297780682594	0.9519255271697632	0.0420297780682594	markers + neural network
genome_761	3	True	100.0	0.0	1.0	0.0	markers + neural network
genome_792	3	True	82.27497187243601	0.0	0.8227497187243601	0.0	markers + neural network
genome_988	3	True	100.0	8.63936247230059	1.0	0.0863936247230059	markers + neural network
genome_884	3	True	99.77955563945252	0.0	0.9977955563945252	0.0	markers + neural network
genome_248	3	True	62.93279499607646	0.0	0.6293279499607646	0.0	markers + neural network
genome_632	3	True	80.95229803491192	0.0	0.8095229803491192	0.0	markers + neural network
genome_939	3	True	100.0	0.0	1.0	0.0	markers + neural network
genome_676	2	True	53.35981929460777	-5.019393139740332e-08	0.5335981929460777	-5.019393139740332e-10	markers
genome_93	3	True	70.95185036395213	0.0	0.7095185036395213	0.0	markers + neural network
genome_873	3	True	100.0	0.0	1.0	0.0	markers + neural network
genome_674	3	True	91.72124393281604	0.0	0.9172124393281604	0.0	markers + neural network
genome_435	3	True	68.95040535109536	0.0	0.6895040535109536	0.0	markers + neural network
genome_640	3	True	79.56998861650204	0.0	0.7956998861650204	0.0	markers + neural network
genome_186	3	True	77.95379357344304	0.0	0.7795379357344303	0.0	markers + neural network
genome_999	3	True	100.0	1.1073192664557	1.0	0.011073192664557	markers + neural network
genome_122	2	True	51.55090287834903	0.2172338884866	0.5155090287834903	0.002172338884866	markers
genome_130	2	True	56.44189672532425	-4.760673017747e-08	0.5644189672532425	-4.760673017747e-10	markers
genome_394	3	True	62.43362364708855	2.41258989021328	0.6243362364708854	0.0241258989021328	markers + neural network
genome_978	3	True	100.0	0.0	1.0	0.0	markers + neural network
genome_153	2	True	57.87722540239916	0.29550824604981	0.5787722540239916	0.0029550824604981	markers
genome_70	2	True	47.75510111813822	-1.5543161192767726e-08	0.4775510111813822	-1.5543161192767727e-10	markers
genome_732	3	True	61.45435286694229	0.0	0.6145435286694229	0.0	markers + neural network
genome_461	3	True	100.0	0.0	1.0	0.0	markers + neural network
genome_86	2	True	42.294610565032194	-1.8731939357170043e-08	0.4229461056503219	-1.8731939357170039e-10	markers
genome_331	3	True	100.0	0.0	1.0	0.0	markers + neural network
genome_357	3	True	65.83507564015065	0.1019390822969899	0.6583507564015065	0.0010193908229699	markers + neural network
genome_500	3	True	62.75375734359838	0.0	0.6275375734359838	0.0	markers + neural network
genome_573	3	True	87.35650468813922	0.0	0.8735650468813922	0.0	markers + neural network
genome_957	3	True	99.75357915075004	0.5700371193873099	0.9975357915075004	0.0057003711938731	markers + neural network
genome_571	3	True	77.58674423713813	0.94977419452415	0.7758674423713813	0.0094977419452415	markers + neural network
genome_567	3	True	73.2680274087866	0.0	0.732680274087866	0.0	markers + neural network
genome_765	3	True	89.85446683943856	0.0	0.8985446683943856	0.0	markers + neural network
genome_203	3	True	64.4487515802844	0.0	0.6444875158028439	0.0	markers + neural network
genome_642	3	True	85.50526384759635	0.0	0.8550526384759636	0.0	markers + neural network
genome_843	3	True	100.0	0.0895445726890799	1.0	0.0008954457268908	markers + neural network
genome_788	3	True	73.02449904258353	0.0	0.7302449904258353	0.0	markers + neural network
genome_922	3	True	100.0	0.0	1.0	0.0	markers + neural network
genome_806	3	True	63.597256648723885	0.0	0.6359725664872389	0.0	markers + neural network
genome_938	3	True	100.0	2.77274113931624	1.0	0.0277274113931624	markers + neural network
genome_448	3	True	75.90887332903704	0.0	0.7590887332903704	0.0	markers + neural network
genome_815	3	True	87.86527165906057	0.0	0.8786527165906056	0.0	markers + neural network
genome_555	3	True	76.52355181863261	0.0	0.7652355181863262	0.0	markers + neural network
genome_271	3	True	74.53738690544537	0.0	0.7453738690544538	0.0	markers + neural network
genome_210	2	True	54.259634888438136	0.0	0.5425963488843814	0.0	markers
genome_871	3	True	100.0	0.42547810060928	1.0	0.0042547810060928	markers + neural network
genome_366	3	True	70.13485064821111	0.22534257439352	0.7013485064821111	0.0022534257439352	markers + neural network
genome_799	3	True	100.0	0.0	1.0	0.0	markers + neural network
genome_486	3	True	72.345240149636	0.2106662263005499	0.7234524014963599	0.0021066622630055	markers + neural network
genome_197	3	True	65.44948541571809	1.2243814937262	0.6544948541571809	0.012243814937262	markers + neural network
genome_696	3	True	82.28493600254451	0.0	0.8228493600254452	0.0	markers + neural network
genome_238	3	True	70.21807902926301	0.0	0.70218079029263	0.0	markers + neural network
genome_402	3	True	70.06205341642347	0.0	0.7006205341642346	0.0	markers + neural network
genome_374	3	True	75.67065390965499	0.12393422497937	0.75670653909655	0.0012393422497937	markers + neural network
genome_647	3	True	84.46001232952253	0.0	0.8446001232952253	0.0	markers + neural network
genome_962	3	True	100.0	0.0	1.0	0.0	markers + neural network
genome_767	3	True	79.3007502196045	0.0	0.793007502196045	0.0	markers + neural network
genome_167	3	True	72.20604911556437	0.0	0.7220604911556436	0.0	markers + neural network
genome_31	2	True	57.95040956773776	0.18832390591249	0.5795040956773776	0.0018832390591249	markers
genome_912	3	True	99.26831865353398	0.0	0.9926831865353398	0.0	markers + neural network
genome_605	3	True	79.53767461300868	0.0	0.7953767461300867	0.0	markers + neural network
genome_454	3	True	71.17369555771064	0.0	0.7117369555771065	0.0	markers + neural network
genome_930	3	True	100.0	0.0	1.0	0.0	markers + neural network
genome_681	3	True	95.02034183633349	0.0	0.9502034183633348	0.0	markers + neural network
genome_703	3	True	64.81552905653794	0.04009974107237	0.6481552905653793	0.0004009974107237	markers + neural network
genome_504	3	True	77.49189635425384	0.0	0.7749189635425384	0.0	markers + neural network
genome_858	3	True	100.0	0.70136728854434	1.0	0.0070136728854434	markers + neural network
genome_388	3	True	83.78769431943059	0.0	0.8378769431943058	0.0	markers + neural network
genome_405	3	True	99.48380523336223	0.0	0.9948380523336224	0.0	markers + neural network
genome_733	3	True	83.19564977916892	0.0	0.8319564977916891	0.0	markers + neural network
genome_419	3	True	77.94539977157216	0.0	0.7794539977157215	0.0	markers + neural network
genome_661	3	True	80.85063562292557	0.0	0.8085063562292557	0.0	markers + neural network
genome_283	3	True	63.36851800439823	0.0	0.6336851800439822	0.0	markers + neural network
genome_805	3	True	100.0	0.8300889494008	1.0	0.008300889494008	markers + neural network
genome_395	3	True	76.21094512929348	0.0	0.7621094512929347	0.0	markers + neural network
genome_158	2	True	51.37795275590551	1.18110236220472	0.5137795275590551	0.0118110236220472	markers
genome_40	2	True	50.09892044435953	0.18115942028985	0.5009892044435953	0.0018115942028985	markers
genome_172	2	True	58.23346879747179	1.6435184743669298	0.5823346879747179	0.0164351847436693	markers
genome_768	3	True	87.60505582918599	0.0	0.8760505582918598	0.0	markers + neural network
genome_982	3	True	99.96653207868658	0.0	0.9996653207868658	0.0	markers + neural network
genome_64	2	True	50.8094976100252	-2.2477695127825057e-08	0.508094976100252	-2.2477695127825056e-10	markers
genome_2	2	True	54.1507382424462	0.13245031533651	0.541507382424462	0.0013245031533651	markers
genome_790	2	True	84.0909090909091	36.36363636363636	0.8409090909090909	0.3636363636363636	markers
genome_563	3	True	90.33233003927744	0.0	0.9033233003927744	0.0	markers + neural network
genome_679	3	True	85.5339144657424	0.0	0.855339144657424	0.0	markers + neural network
genome_778	3	True	89.64297785237738	0.37240318391905	0.8964297785237738	0.0037240318391905	markers + neural network
genome_751	3	True	80.61334243633837	0.0	0.8061334243633836	0.0	markers + neural network
genome_100	2	True	56.73366910848186	-1.7971250395135602e-08	0.5673366910848187	-1.79712503951356e-10	markers
genome_425	3	True	82.5722077588093	0.0	0.825722077588093	0.0	markers + neural network
genome_42	3	True	64.91884375512218	3.88268349738081	0.6491884375512218	0.0388268349738081	markers + neural network
genome_423	3	True	66.48707419694664	0.0	0.6648707419694664	0.0	markers + neural network
genome_534	3	True	73.2503438947805	0.0	0.732503438947805	0.0	markers + neural network
genome_502	3	True	81.7545628550076	0.0	0.8175456285500761	0.0	markers + neural network
genome_723	3	True	76.38537790433935	0.0	0.7638537790433935	0.0	markers + neural network
genome_701	3	True	80.41411373676284	0.20836277650985	0.8041411373676285	0.0020836277650985	markers + neural network
genome_314	2	True	56.80190183291134	-7.698286036121298e-08	0.5680190183291134	-7.698286036121297e-10	markers
genome_216	2	True	55.68914538330246	2.05605334039395	0.5568914538330246	0.0205605334039395	markers
genome_83	3	True	100.0	0.0	1.0	0.0	markers + neural network
genome_572	3	True	83.15524064890714	0.0	0.8315524064890714	0.0	markers + neural network
genome_811	3	True	97.50801515987752	0.0	0.9750801515987751	0.0	markers + neural network
genome_609	2	True	52.54710533930312	1.16959064327485	0.5254710533930312	0.0116959064327485	markers
genome_514	3	True	73.46148936647009	0.0	0.7346148936647009	0.0	markers + neural network
genome_214	3	True	65.3752237405179	0.0	0.653752237405179	0.0	markers + neural network
genome_625	3	True	83.86901095765738	0.0	0.8386901095765738	0.0	markers + neural network
genome_561	2	True	51.93181818181818	3.03030317479913	0.5193181818181818	0.0303030317479913	markers
genome_25	2	True	42.76992377884891	-3.8480743430313675e-08	0.4276992377884891	-3.848074343031367e-10	markers
genome_444	3	True	68.53858657349177	2.57089929413506	0.6853858657349177	0.0257089929413506	markers + neural network
genome_46	3	True	61.20324074990712	0.0	0.6120324074990712	0.0	markers + neural network
genome_4	2	True	43.11611488217213	0.49180327868852	0.4311611488217213	0.0049180327868852	markers
genome_88	2	True	57.29452159306775	-2.194349177250544e-08	0.5729452159306775	-2.1943491772505439e-10	markers
genome_101	2	True	56.36236807409443	0.6420993725059401	0.5636236807409443	0.0064209937250594	markers
genome_841	3	True	99.66114749167232	1.81147150618151	0.9966114749167232	0.0181147150618151	markers + neural network
genome_970	3	True	99.99334489421604	0.58969667293044	0.9999334489421604	0.0058969667293044	markers + neural network
genome_174	2	True	46.2406015037594	0.0	0.462406015037594	0.0	markers
genome_764	3	True	88.44586265641163	0.0	0.8844586265641163	0.0	markers + neural network
genome_904	3	True	100.0	0.0	1.0	0.0	markers + neural network
genome_310	3	True	97.80651498302858	3.9506513835705497	0.9780651498302858	0.0395065138357055	markers + neural network
genome_758	3	True	83.9229698611239	0.0	0.8392296986112391	0.0	markers + neural network
genome_241	2	True	55.46757279478047	-4.4950713839930215e-09	0.5546757279478047	-4.495071383993021e-11	markers
genome_41	2	True	54.89690838698738	0.05636973875619	0.5489690838698739	0.0005636973875619	markers
genome_61	3	True	70.21967623349333	0.0	0.7021967623349333	0.0	markers + neural network
genome_626	3	True	82.7226897686017	0.0	0.827226897686017	0.0	markers + neural network
genome_375	3	True	68.05236389013069	0.0	0.680523638901307	0.0	markers + neural network
genome_972	3	True	100.0	0.24667076583137	1.0	0.0024667076583137	markers + neural network
genome_731	3	True	80.49471918144427	0.0	0.8049471918144426	0.0	markers + neural network
genome_933	3	True	100.0	0.0	1.0	0.0	markers + neural network
genome_77	3	True	73.29494916827693	0.0	0.7329494916827693	0.0	markers + neural network
genome_517	3	True	77.66823975238569	2.60021154042058	0.7766823975238568	0.0260021154042058	markers + neural network
genome_584	3	True	81.42546303677688	0.0	0.8142546303677687	0.0	markers + neural network
genome_195	3	True	61.99933903463134	0.0	0.6199933903463134	0.0	markers + neural network
genome_886	3	True	99.9202691786204	0.0	0.999202691786204	0.0	markers + neural network
genome_527	3	True	100.0	0.75141019472197	1.0	0.0075141019472197	markers + neural network
genome_794	3	True	83.6338409277162	0.0	0.836338409277162	0.0	markers + neural network
genome_72	2	True	50.37943522135416	0.08250821148208	0.5037943522135416	0.0008250821148208	markers
genome_215	3	True	99.9423007244776	0.73860359927383	0.999423007244776	0.0073860359927383	markers + neural network
genome_948	3	True	100.0	0.0	1.0	0.0	markers + neural network
genome_996	3	True	100.0	1.01611992681972	1.0	0.0101611992681972	markers + neural network
genome_12	2	True	54.79230885630452	0.15392504085816	0.5479230885630452	0.0015392504085816	markers
genome_496	2	True	48.09263471366601	-2.4239918243010223e-08	0.4809263471366601	-2.4239918243010224e-10	markers
genome_117	3	True	66.66533564955768	1.38364995304663	0.6666533564955768	0.0138364995304663	markers + neural network
genome_839	3	True	100.0	0.0	1.0	0.0	markers + neural network
genome_391	3	True	64.50407264188708	0.0	0.6450407264188708	0.0	markers + neural network
genome_322	3	True	77.63223426596748	0.0	0.7763223426596748	0.0	markers + neural network
genome_861	3	True	100.0	0.0	1.0	0.0	markers + neural network
genome_225	3	True	70.46510880775858	0.0	0.7046510880775858	0.0	markers + neural network
genome_885	3	True	97.69451897761716	0.0	0.9769451897761716	0.0	markers + neural network
genome_991	3	True	100.0	0.0	1.0	0.0	markers + neural network
genome_112	2	True	55.24370805272516	-3.748719992705352e-09	0.5524370805272516	-3.748719992705352e-11	markers
genome_407	3	True	70.67422852133704	0.0	0.7067422852133705	0.0	markers + neural network
genome_410	3	True	69.41246777332678	0.0	0.6941246777332678	0.0	markers + neural network
genome_278	3	True	64.78862123378633	0.0	0.6478862123378633	0.0	markers + neural network
genome_748	3	True	73.86051154610378	19.46023227431746	0.7386051154610378	0.1946023227431746	markers + neural network
genome_47	2	True	59.82483115661827	0.16835012821236	0.5982483115661826	0.0016835012821236	markers
genome_439	3	True	75.29837251967638	0.0	0.7529837251967638	0.0	markers + neural network
genome_923	3	True	100.0	0.0	1.0	0.0	markers + neural network
genome_821	3	True	83.50729925167859	0.0	0.8350729925167859	0.0	markers + neural network
genome_164	2	True	42.99836501576542	-2.0452573258820004e-08	0.4299836501576542	-2.0452573258820003e-10	markers
genome_192	3	True	98.09212854755896	3.99761006887773	0.9809212854755897	0.0399761006887773	markers + neural network
genome_201	2	True	56.15342971930601	0.30156812564311	0.5615342971930601	0.0030156812564311	markers
genome_113	2	True	57.62270879806538	0.5804524073680101	0.5762270879806538	0.0058045240736801	markers
genome_650	3	True	79.53757973301668	0.0	0.7953757973301668	0.0	markers + neural network
genome_902	3	True	100.0	0.61439733279528	1.0	0.0061439733279528	markers + neural network
genome_606	3	True	71.02313868407639	0.0	0.7102313868407639	0.0	markers + neural network
genome_753	3	True	91.1201615153538	0.0	0.911201615153538	0.0	markers + neural network
genome_450	3	True	68.52782576634013	0.0	0.6852782576634013	0.0	markers + neural network
genome_919	3	True	99.51866045169068	0.0	0.9951866045169068	0.0	markers + neural network
genome_467	3	True	63.97218649503648	1.7245965984175	0.6397218649503648	0.017245965984175	markers + neural network
genome_116	3	True	75.78205306341704	0.0	0.7578205306341704	0.0	markers + neural network
genome_422	2	True	45.58040143582768	-6.3476726892169834e-09	0.4558040143582768	-6.347672689216982e-11	markers
genome_490	3	True	80.08805366248792	0.0	0.8008805366248792	0.0	markers + neural network
genome_181	2	True	55.85124132407901	0.37373192986255	0.5585124132407902	0.0037373192986255	markers
genome_574	3	True	81.42838113584962	0.0	0.8142838113584963	0.0	markers + neural network
genome_85	2	True	52.7862548828125	0.22616560623391	0.527862548828125	0.0022616560623391	markers
genome_90	2	True	59.16666937032807	0.16611294690952	0.5916666937032807	0.0016611294690952	markers
genome_576	3	True	82.66469927530527	0.0	0.8266469927530526	0.0	markers + neural network
genome_903	3	True	100.0	0.0	1.0	0.0	markers + neural network
genome_465	3	True	86.70781689390388	0.0	0.8670781689390389	0.0	markers + neural network
genome_911	3	True	100.0	0.0	1.0	0.0	markers + neural network
genome_81	2	True	51.88486307296427	-7.108077279321203e-08	0.5188486307296427	-7.108077279321202e-10	markers
genome_362	3	True	68.97839081172836	0.0	0.6897839081172836	0.0	markers + neural network
genome_498	3	True	72.19871851248745	0.0	0.7219871851248745	0.0	markers + neural network
genome_754	3	True	89.58608629260064	0.0	0.8958608629260064	0.0	markers + neural network
genome_484	3	True	72.01377410999474	0.0	0.7201377410999474	0.0	markers + neural network
genome_869	3	True	96.12278586533183	2.53247349865225	0.9612278586533184	0.0253247349865225	markers + neural network
genome_607	3	True	72.15047611367547	0.0855527464431	0.7215047611367547	0.000855527464431	markers + neural network
genome_161	2	True	54.16805869654605	0.2105263157894699	0.5416805869654605	0.0021052631578947	markers
genome_796	3	True	100.0	0.0	1.0	0.0	markers + neural network
genome_107	2	True	46.78780809952216	0.27063597845611	0.4678780809952216	0.0027063597845611	markers
genome_545	3	True	75.59583607347045	1.8707692715683	0.7559583607347046	0.018707692715683	markers + neural network
genome_664	3	True	100.0	0.7398420034169301	1.0	0.0073984200341693	markers + neural network
genome_729	3	True	74.06976476636832	0.0	0.7406976476636833	0.0	markers + neural network
genome_737	3	True	80.353006091891	0.0	0.80353006091891	0.0	markers + neural network
genome_950	3	True	100.0	0.0	1.0	0.0	markers + neural network
genome_330	3	True	62.596306771042286	0.0	0.6259630677104229	0.0	markers + neural network
genome_746	3	True	64.21280057283403	0.0	0.6421280057283403	0.0	markers + neural network
genome_1	2	True	55.75957504818444	-1.3095811106385556e-08	0.5575957504818444	-1.3095811106385556e-10	markers
genome_965	3	True	99.70843514256158	0.0	0.9970843514256158	0.0	markers + neural network
genome_599	3	True	80.7159320926366	0.0	0.8071593209263661	0.0	markers + neural network
genome_233	2	True	45.82617215211762	-1.8750285622294795e-08	0.4582617215211762	-1.8750285622294794e-10	markers
genome_239	2	True	56.65574893233429	0.40916530278232	0.5665574893233429	0.0040916530278232	markers
genome_457	3	True	70.00679185501617	0.90915602956258	0.7000679185501617	0.0090915602956258	markers + neural network
genome_245	2	True	54.38233369625873	0.46583850931677	0.5438233369625873	0.0046583850931677	markers
genome_522	3	True	79.11679650748975	0.0	0.7911679650748975	0.0	markers + neural network
genome_429	3	True	72.0686763316688	0.0	0.720686763316688	0.0	markers + neural network
genome_254	2	True	55.43770295245144	0.37253858435337	0.5543770295245144	0.0037253858435337	markers
genome_917	3	True	100.0	0.12600723344012	1.0	0.0012600723344012	markers + neural network
genome_14	2	True	47.80130293159609	0.6514657980456	0.4780130293159609	0.006514657980456	markers
genome_734	3	True	100.0	0.10576775731941	1.0	0.0010576775731941	markers + neural network
genome_445	3	True	71.21419277662763	0.24743883478667	0.7121419277662763	0.0024743883478667	markers + neural network
genome_980	3	True	100.0	0.0	1.0	0.0	markers + neural network
genome_976	3	True	100.0	2.215888625263	1.0	0.02215888625263	markers + neural network
genome_786	3	True	91.77333697962732	0.0	0.9177333697962732	0.0	markers + neural network
genome_29	2	True	53.27591301285193	0.03563784227486	0.5327591301285193	0.0003563784227486	markers
genome_39	2	True	55.25691071394524	0.12202558174156	0.5525691071394524	0.0012202558174156	markers
genome_887	3	True	99.88564452943024	0.0	0.9988564452943024	0.0	markers + neural network
genome_253	2	True	58.16757023909662	0.25393600812595	0.5816757023909662	0.0025393600812595	markers
genome_501	3	True	81.31328511458362	0.0	0.8131328511458362	0.0	markers + neural network
genome_34	2	True	54.32984211822463	0.0512556807314099	0.5432984211822462	0.0005125568073141	markers
genome_404	3	True	76.20274867205322	0.37503779749361	0.7620274867205321	0.0037503779749361	markers + neural network
genome_807	3	True	95.68359374072256	0.0	0.9568359374072256	0.0	markers + neural network
genome_342	3	True	80.86762855279993	0.0	0.8086762855279993	0.0	markers + neural network
genome_956	3	True	100.0	0.0	1.0	0.0	markers + neural network
genome_193	2	True	56.03606636002218	-1.5837467826336976e-08	0.5603606636002219	-1.5837467826336975e-10	markers
genome_655	3	True	76.32771343252213	0.0	0.7632771343252214	0.0	markers + neural network
genome_513	3	True	74.82215718042639	3.10345464576912	0.7482215718042639	0.0310345464576912	markers + neural network
genome_716	3	True	91.99058565648376	0.0	0.9199058565648376	0.0	markers + neural network
genome_148	2	True	58.51938173752422	-1.6633855016892952e-08	0.5851938173752422	-1.6633855016892948e-10	markers
genome_804	3	True	100.0	0.0	1.0	0.0	markers + neural network
genome_296	2	True	55.77096650094697	0.52246603970741	0.5577096650094697	0.0052246603970741	markers
genome_420	3	True	69.75376681399877	0.0	0.6975376681399876	0.0	markers + neural network
genome_826	3	True	91.97485822986408	0.0	0.9197485822986406	0.0	markers + neural network
genome_726	3	True	99.38955579137644	0.0	0.9938955579137644	0.0	markers + neural network
genome_718	3	True	79.85077318883836	1.24538933493145	0.7985077318883835	0.0124538933493145	markers + neural network
genome_656	3	True	79.86230346542519	0.0	0.7986230346542519	0.0	markers + neural network
genome_725	3	True	70.35212489092928	0.0	0.7035212489092928	0.0	markers + neural network
genome_166	2	True	52.42395437262357	1.14068441064638	0.5242395437262357	0.0114068441064638	markers
genome_856	3	True	100.0	0.43057156748049	1.0	0.0043057156748049	markers + neural network
genome_692	3	True	86.18206922862282	0.0	0.8618206922862282	0.0	markers + neural network
genome_76	2	True	52.87298387096774	-1.80255982183641e-08	0.5287298387096774	-1.80255982183641e-10	markers
genome_7	2	True	52.39425933289671	-1.7902353983809442e-08	0.5239425933289671	-1.7902353983809443e-10	markers
genome_920	3	True	99.84162928707654	2.56592426522575	0.9984162928707654	0.0256592426522575	markers + neural network
genome_966	3	True	99.63626146421436	0.0	0.9963626146421436	0.0	markers + neural network
genome_553	3	True	85.76334112243134	0.0	0.8576334112243134	0.0	markers + neural network
genome_709	3	True	89.2377045888913	0.0	0.8923770458889131	0.0	markers + neural network
genome_760	3	True	100.0	0.0	1.0	0.0	markers + neural network
genome_577	3	True	83.13664683632348	0.0	0.8313664683632348	0.0	markers + neural network
genome_275	3	True	100.0	0.0	1.0	0.0	markers + neural network
genome_750	3	True	83.70860673865283	1.67668586583585	0.8370860673865284	0.0167668586583585	markers + neural network
genome_297	3	True	62.31559145685323	0.0	0.6231559145685323	0.0	markers + neural network
genome_927	3	True	100.0	0.0	1.0	0.0	markers + neural network
genome_141	3	True	62.20585020015567	0.0	0.6220585020015567	0.0	markers + neural network
genome_866	3	True	100.0	0.26189779436057	1.0	0.0026189779436057	markers + neural network
genome_722	3	True	85.92772923947356	0.0	0.8592772923947356	0.0	markers + neural network
genome_168	3	True	68.24188964416918	5.82538684877617	0.6824188964416917	0.0582538684877617	markers + neural network
genome_291	3	True	77.61262223349854	0.0	0.7761262223349854	0.0	markers + neural network
genome_580	3	True	77.93037558648824	0.0	0.7793037558648824	0.0	markers + neural network
genome_669	3	True	65.87716977445726	0.0	0.6587716977445726	0.0	markers + neural network
genome_432	3	True	73.4218455490792	0.94819089686523	0.734218455490792	0.0094819089686523	markers + neural network
genome_653	3	True	77.06115192893867	0.0	0.7706115192893866	0.0	markers + neural network
genome_612	3	True	89.0824214195942	0.0	0.8908242141959419	0.0	markers + neural network
genome_99	3	True	62.84652715474343	0.0	0.6284652715474343	0.0	markers + neural network
genome_478	3	True	87.06352989260304	2.84197291447766	0.8706352989260304	0.0284197291447766	markers + neural network
genome_129	3	True	96.1486227822368	0.0	0.961486227822368	0.0	markers + neural network
genome_881	3	True	99.5332833903804	0.0	0.995332833903804	0.0	markers + neural network
genome_891	3	True	100.0	0.12756231584876	1.0	0.0012756231584876	markers + neural network
genome_321	3	True	60.35019682066866	0.0	0.6035019682066866	0.0	markers + neural network
genome_102	2	True	52.64275585087391	0.38084872269656	0.5264275585087391	0.0038084872269656	markers
genome_727	3	True	70.12372926076229	10.15647964527948	0.7012372926076229	0.1015647964527948	markers + neural network
genome_942	3	True	100.0	0.0	1.0	0.0	markers + neural network
genome_204	3	True	69.45189494837103	0.0	0.6945189494837104	0.0	markers + neural network
genome_320	3	True	65.37254357872516	2.29331222832405	0.6537254357872516	0.0229331222832405	markers + neural network
genome_940	3	True	99.58409040081077	0.0	0.9958409040081077	0.0	markers + neural network
genome_819	3	True	87.83546999509704	0.0	0.8783546999509705	0.0	markers + neural network
genome_747	3	True	86.30529280452421	0.0	0.8630529280452421	0.0	markers + neural network
genome_874	3	True	96.67721458390436	0.0	0.9667721458390436	0.0	markers + neural network
genome_364	3	True	83.13138143818001	0.0	0.8313138143818002	0.0	markers + neural network
genome_468	3	True	99.9576589253404	1.4519307652065498	0.999576589253404	0.0145193076520655	markers + neural network
genome_526	3	True	97.69388048523015	2.3473998812637	0.9769388048523016	0.023473998812637	markers + neural network
genome_954	3	True	100.0	0.0	1.0	0.0	markers + neural network
genome_306	3	True	67.89739492397192	0.0	0.6789739492397191	0.0	markers + neural network
genome_536	3	True	80.51131409733645	0.0	0.8051131409733645	0.0	markers + neural network
genome_182	3	True	75.57956405946597	0.0	0.7557956405946596	0.0	markers + neural network
genome_595	3	True	78.29458148170585	0.0	0.7829458148170585	0.0	markers + neural network
genome_16	2	True	54.07733651094658	-5.1529752248148565e-08	0.5407733651094658	-5.152975224814856e-10	markers
genome_582	3	True	85.0877735910307	0.0	0.8508777359103069	0.0	markers + neural network
genome_58	3	True	60.89364322199015	0.0	0.6089364322199015	0.0	markers + neural network
genome_32	3	True	100.0	0.0	1.0	0.0	markers + neural network
genome_704	3	True	100.0	0.0	1.0	0.0	markers + neural network
genome_816	3	True	99.99414993988329	0.66198417645028	0.9999414993988328	0.0066198417645028	markers + neural network
genome_850	3	True	99.98800612129872	0.7907802856405	0.9998800612129872	0.007907802856405	markers + neural network
genome_899	3	True	95.69031165392224	0.66149252697668	0.9569031165392224	0.0066149252697668	markers + neural network
genome_151	2	True	49.01832460732984	-7.801655075312909e-09	0.4901832460732984	-7.80165507531291e-11	markers
genome_736	3	True	92.20473203684725	0.0	0.9220473203684724	0.0	markers + neural network
genome_403	3	True	69.5494775585845	0.0	0.6954947755858449	0.0	markers + neural network
genome_898	3	True	100.0	0.0	1.0	0.0	markers + neural network
genome_110	2	True	54.52923536156947	0.05023101139241	0.5452923536156947	0.0005023101139241	markers
genome_312	3	True	76.4856265273896	0.0	0.7648562652738959	0.0	markers + neural network
genome_636	2	True	57.012647069142965	-2.220798625945144e-08	0.5701264706914296	-2.2207986259451439e-10	markers
genome_384	3	True	87.38294484306044	0.0	0.8738294484306044	0.0	markers + neural network
genome_60	2	True	54.65776701403381	-3.0847146465813645e-08	0.5465776701403381	-3.0847146465813647e-10	markers
genome_619	3	True	77.13566186934615	0.0	0.7713566186934615	0.0	markers + neural network
genome_644	3	True	73.3702244194916	0.0	0.733702244194916	0.0	markers + neural network
genome_849	3	True	100.0	0.0	1.0	0.0	markers + neural network
genome_512	3	True	90.14865150016452	0.0	0.9014865150016452	0.0	markers + neural network
genome_853	3	True	99.76238496407832	0.0	0.9976238496407832	0.0	markers + neural network
genome_931	3	True	100.0	0.0	1.0	0.0	markers + neural network
genome_721	3	True	91.83893874028894	0.0	0.9183893874028894	0.0	markers + neural network
genome_466	3	True	82.60110752821097	0.0	0.8260110752821097	0.0	markers + neural network
genome_665	3	True	71.35300664781312	0.0	0.7135300664781312	0.0	markers + neural network
genome_557	3	True	74.69522772929659	0.8401493652291101	0.7469522772929659	0.0084014936522911	markers + neural network
genome_464	3	True	69.59775389362512	0.0	0.6959775389362512	0.0	markers + neural network
genome_75	3	True	99.8552148486969	0.0	0.998552148486969	0.0	markers + neural network
genome_851	3	True	100.0	0.0	1.0	0.0	markers + neural network
genome_535	3	True	83.5635934406103	0.0	0.8356359344061031	0.0	markers + neural network
genome_690	3	True	94.43918866814612	0.0	0.9443918866814612	0.0	markers + neural network
genome_104	3	True	64.8763332345153	2.24916328233625	0.6487633323451529	0.0224916328233625	markers + neural network
genome_691	3	True	94.27544914900452	0.0	0.9427544914900452	0.0	markers + neural network
genome_368	3	True	76.70542685785833	0.0	0.7670542685785833	0.0	markers + neural network
genome_119	2	True	51.31626451106938	0.43478255991435	0.5131626451106938	0.0043478255991435	markers
genome_892	3	True	100.0	2.62324984327902	1.0	0.0262324984327902	markers + neural network
genome_756	3	True	86.53238679690092	3.83618965053862	0.8653238679690092	0.0383618965053862	markers + neural network
genome_328	2	True	47.61904891656369	-5.068422325828866e-09	0.4761904891656369	-5.068422325828866e-11	markers
genome_89	2	True	54.84862298792756	0.05030179287586	0.5484862298792756	0.0005030179287586	markers
genome_94	3	True	100.0	0.0	1.0	0.0	markers + neural network
genome_476	3	True	89.04288213325555	0.0	0.8904288213325555	0.0	markers + neural network
genome_901	3	True	100.0	0.0	1.0	0.0	markers + neural network
genome_802	3	True	94.56823309081535	2.39588467066224	0.9456823309081536	0.0239588467066224	markers + neural network
genome_554	3	True	79.95603807283106	0.0	0.7995603807283107	0.0	markers + neural network
genome_947	3	True	98.04077243540804	0.56040129486967	0.9804077243540804	0.0056040129486967	markers + neural network
genome_318	2	True	58.066639247276974	0.08298753208144	0.5806663924727697	0.0008298753208144	markers
genome_471	3	True	69.78034534588832	0.0	0.6978034534588833	0.0	markers + neural network
genome_755	3	True	62.52619875786736	0.0	0.6252619875786736	0.0	markers + neural network
genome_154	3	True	99.88784330992618	0.0	0.9988784330992618	0.0	markers + neural network
genome_568	3	True	92.54406211372851	0.0	0.9254406211372852	0.0	markers + neural network
genome_97	2	True	91.66666666666666	49.6415784282069	0.9166666666666666	0.496415784282069	markers
genome_54	3	True	64.01031983130477	0.0	0.6401031983130477	0.0	markers + neural network
genome_518	3	True	78.50304158232679	0.0	0.7850304158232679	0.0	markers + neural network
genome_415	3	True	72.59345495073003	0.0	0.7259345495073004	0.0	markers + neural network
genome_719	3	True	75.06322958910403	1.31517396583614	0.7506322958910402	0.0131517396583614	markers + neural network
genome_305	2	True	59.20252162136207	0.2892262851166099	0.5920252162136207	0.0028922628511661	markers
genome_317	3	True	60.13289790130549	0.0	0.6013289790130549	0.0	markers + neural network
genome_21	3	True	64.45485613444677	0.40306175659502	0.6445485613444677	0.0040306175659502	markers + neural network
genome_616	3	True	99.9374350087184	1.18882957247136	0.999374350087184	0.0118882957247136	markers + neural network
genome_683	3	True	80.23676915999839	0.0	0.8023676915999839	0.0	markers + neural network
genome_17	3	True	62.35566270839665	0.0	0.6235566270839665	0.0	markers + neural network
genome_929	3	True	100.0	0.0	1.0	0.0	markers + neural network
genome_219	3	True	80.61110156762163	0.0	0.8061110156762163	0.0	markers + neural network
genome_548	3	True	66.0967377505408	7.6837928565259395	0.660967377505408	0.0768379285652594	markers + neural network
genome_280	3	True	62.18499798454516	0.0	0.6218499798454515	0.0	markers + neural network
genome_583	3	True	62.0468731131406	0.0	0.620468731131406	0.0	markers + neural network
genome_96	2	True	51.33424352426999	-1.614971131930907e-08	0.5133424352426998	-1.6149711319309068e-10	markers
genome_247	3	True	75.50802642321683	3.85812407698748	0.7550802642321683	0.0385812407698748	markers + neural network
genome_264	3	True	65.04009828138885	0.4245342124442799	0.6504009828138885	0.0042453421244428	markers + neural network
genome_524	3	True	72.03976978588969	0.0	0.720397697858897	0.0	markers + neural network
genome_579	3	True	77.07564247468859	0.0	0.7707564247468859	0.0	markers + neural network
genome_427	3	True	69.07723251526869	0.0	0.6907723251526869	0.0	markers + neural network
genome_822	3	True	82.96068945538548	0.0	0.8296068945538548	0.0	markers + neural network
genome_506	2	True	55.99011211123217	-8.996249140951727e-09	0.5599011211123217	-8.996249140951727e-11	markers
genome_620	3	True	99.8552148486969	0.0	0.998552148486969	0.0	markers + neural network
genome_628	3	True	99.08083463497896	0.0	0.9908083463497896	0.0	markers + neural network
genome_19	2	True	52.01275449810606	0.08658005561663	0.5201275449810606	0.0008658005561663	markers
genome_133	2	True	50.655784970238095	0.09523804414839	0.5065578497023809	0.0009523804414839	markers
genome_812	3	True	100.0	0.48048389067826	1.0	0.0048048389067826	markers + neural network
genome_292	3	True	67.48567691347446	0.0	0.6748567691347447	0.0	markers + neural network
genome_442	3	True	100.0	0.0	1.0	0.0	markers + neural network
genome_793	3	True	99.6444791549997	1.01314397376274	0.996444791549997	0.0101314397376274	markers + neural network
genome_269	2	True	51.2641699135709	-2.0949477677933e-08	0.512641699135709	-2.0949477677932998e-10	markers
genome_243	2	True	58.29081632653062	0.25510204081632	0.5829081632653061	0.0025510204081632	markers
genome_200	2	True	57.35189339977401	0.19440122562841	0.5735189339977401	0.0019440122562841	markers
genome_441	3	True	73.1941701572297	0.0	0.7319417015722971	0.0	markers + neural network
genome_414	3	True	69.16032420496639	0.0	0.6916032420496638	0.0	markers + neural network
genome_686	3	True	93.19604003255856	0.0	0.9319604003255856	0.0	markers + neural network
genome_782	3	True	94.99868751608528	3.97055691670454	0.9499868751608528	0.0397055691670454	markers + neural network
genome_11	2	True	47.83464566929133	0.3374578177727699	0.4783464566929133	0.0033745781777277	markers
genome_852	3	True	100.0	0.0	1.0	0.0	markers + neural network
genome_505	3	True	77.06935508040509	0.0	0.7706935508040509	0.0	markers + neural network
genome_648	3	True	86.24451300559292	0.0	0.8624451300559293	0.0	markers + neural network
genome_202	3	True	68.97128252842677	0.0	0.6897128252842677	0.0	markers + neural network
genome_622	3	True	81.65768526521569	0.0	0.8165768526521568	0.0	markers + neural network
genome_352	3	True	68.02840675791828	0.0	0.6802840675791828	0.0	markers + neural network
genome_418	3	True	69.32177547853205	1.55865019637411	0.6932177547853204	0.0155865019637411	markers + neural network
genome_682	2	True	86.55913978494624	38.70967741935484	0.8655913978494624	0.3870967741935484	markers
genome_206	3	True	90.50937269602576	0.0	0.9050937269602576	0.0	markers + neural network
genome_284	3	True	61.64716567447882	0.0	0.6164716567447882	0.0	markers + neural network
genome_876	3	True	100.0	0.0	1.0	0.0	markers + neural network
genome_258	3	True	66.2153930131957	0.0	0.662153930131957	0.0	markers + neural network
genome_770	3	True	84.80946928049171	0.0	0.8480946928049171	0.0	markers + neural network
genome_175	3	True	100.0	0.0	1.0	0.0	markers + neural network
genome_905	3	True	99.5015311062026	0.1650953405277899	0.995015311062026	0.0016509534052779	markers + neural network
genome_844	3	True	99.82543687229143	1.41114836737097	0.9982543687229144	0.0141114836737097	markers + neural network
genome_162	2	True	55.26449188931297	1.0950563778144	0.5526449188931297	0.010950563778144	markers
genome_340	3	True	69.88571375651136	0.0	0.6988571375651136	0.0	markers + neural network
genome_208	3	True	64.97373167703529	0.0	0.649737316770353	0.0	markers + neural network
genome_389	3	True	99.99386481854344	1.14207732269788	0.9999386481854344	0.0114207732269788	markers + neural network
genome_20	2	True	52.63747529014736	0.09319662270097	0.5263747529014736	0.0009319662270097	markers
genome_575	3	True	91.53426854015515	0.0	0.9153426854015516	0.0	markers + neural network
genome_515	3	True	72.68742160875838	0.0	0.7268742160875838	0.0	markers + neural network
genome_353	3	True	75.32035277918159	0.0	0.7532035277918159	0.0	markers + neural network
genome_983	3	True	100.0	2.11376424024111	1.0	0.0211376424024111	markers + neural network
genome_840	3	True	99.30500790083424	3.56463816156874	0.9930500790083424	0.0356463816156874	markers + neural network
genome_67	2	True	59.81621527886176	0.04994999040495	0.5981621527886176	0.0004994999040495	markers
genome_818	3	True	89.96151937414028	0.0	0.8996151937414029	0.0	markers + neural network
genome_223	2	True	92.0	58.83333206176757	0.92	0.5883333206176757	markers
genome_289	3	True	81.8302054330685	2.7270020041344702	0.8183020543306849	0.0272700200413447	markers + neural network
genome_18	3	True	62.27543452818981	0.0	0.6227543452818981	0.0	markers + neural network
genome_383	3	True	73.38768724726481	0.0	0.7338768724726481	0.0	markers + neural network
genome_267	3	True	100.0	0.0	1.0	0.0	markers + neural network
genome_569	3	True	72.92336094884281	0.0	0.7292336094884281	0.0	markers + neural network
genome_824	3	True	99.2846889066914	0.0	0.992846889066914	0.0	markers + neural network
genome_900	3	True	100.0	0.0	1.0	0.0	markers + neural network
genome_400	3	True	87.18738982457678	0.0	0.8718738982457679	0.0	markers + neural network
genome_228	2	True	54.596320502192	0.0599520026351	0.54596320502192	0.000599520026351	markers
genome_519	3	True	71.11534619695573	1.0456823727268	0.7111534619695572	0.010456823727268	markers + neural network
genome_875	3	True	100.0	0.68508937357235	1.0	0.0068508937357235	markers + neural network
genome_828	3	True	86.04500960053065	0.0	0.8604500960053064	0.0	markers + neural network
genome_411	3	True	100.0	0.15698004527613	1.0	0.0015698004527613	markers + neural network
genome_413	3	True	62.09740290142511	0.0	0.620974029014251	0.0	markers + neural network
genome_381	3	True	82.57516210424556	0.0	0.8257516210424557	0.0	markers + neural network
genome_735	3	True	94.3861262490478	0.0	0.943861262490478	0.0	markers + neural network
genome_338	3	True	70.11789844268435	0.0	0.7011789844268435	0.0	markers + neural network
genome_169	2	True	54.282407407407405	1.23456790123456	0.5428240740740741	0.0123456790123456	markers
genome_44	2	True	47.88009995434519	0.57651991614255	0.4788009995434519	0.0057651991614255	markers
genome_838	3	True	100.0	0.0	1.0	0.0	markers + neural network
genome_598	3	True	99.6877524732468	0.0	0.996877524732468	0.0	markers + neural network
genome_294	2	True	53.51702431930996	0.1564945133639	0.5351702431930996	0.001564945133639	markers
genome_332	2	True	59.97369316186798	2.3782772964306	0.5997369316186798	0.023782772964306	markers
genome_688	3	True	77.65023431711924	0.0	0.7765023431711924	0.0	markers + neural network
genome_614	3	True	72.70008742614691	0.0	0.7270008742614691	0.0	markers + neural network
genome_109	3	True	82.2307538378418	0.0	0.822307538378418	0.0	markers + neural network
genome_547	3	True	82.45161770335238	0.0	0.8245161770335239	0.0	markers + neural network
genome_287	3	True	60.94161077965309	0.0	0.6094161077965309	0.0	markers + neural network
genome_103	2	True	55.73530565887983	0.0758149526262	0.5573530565887983	0.000758149526262	markers
genome_953	3	True	100.0	0.0	1.0	0.0	markers + neural network
genome_613	3	True	79.62939413554741	0.0	0.7962939413554742	0.0	markers + neural network
genome_740	3	True	70.83960813797414	0.5710219179146201	0.7083960813797414	0.0057102191791462	markers + neural network
genome_865	3	True	100.0	0.77011380377743	1.0	0.0077011380377743	markers + neural network
genome_603	3	True	99.78465537841636	0.0	0.9978465537841636	0.0	markers + neural network
genome_160	3	True	93.24769200716116	0.0	0.9324769200716114	0.0	markers + neural network
genome_393	3	True	85.62386632655448	0.0	0.8562386632655448	0.0	markers + neural network
genome_443	3	True	70.30174280235026	0.4696135716975	0.7030174280235026	0.004696135716975	markers + neural network
genome_667	3	True	78.98342701561963	0.0	0.7898342701561962	0.0	markers + neural network
genome_910	3	True	97.55980721967602	0.0	0.9755980721967602	0.0	markers + neural network
genome_986	2	True	92.0	58.83333206176757	0.92	0.5883333206176757	markers
genome_565	3	True	100.0	1.7486365026699198	1.0	0.0174863650266992	markers + neural network
genome_230	2	True	33.62573099415205	2.0467836257309897	0.3362573099415205	0.0204678362573099	markers
genome_730	3	True	83.78551623442871	0.0	0.8378551623442871	0.0	markers + neural network
genome_378	3	True	63.11672619830273	0.0	0.6311672619830273	0.0	markers + neural network
genome_533	3	True	69.97908884421659	0.0	0.699790888442166	0.0	markers + neural network
genome_282	3	True	62.198606585953975	0.0	0.6219860658595397	0.0	markers + neural network
genome_752	3	True	84.56672122744196	0.0	0.8456672122744197	0.0	markers + neural network
genome_380	3	True	72.09684783926106	0.0	0.7209684783926106	0.0	markers + neural network
genome_369	3	True	81.26401860654369	0.0	0.8126401860654369	0.0	markers + neural network
genome_379	2	True	55.982908591246	-1.0188828470384182e-08	0.55982908591246	-1.0188828470384182e-10	markers
genome_121	2	True	55.83064867102582	0.2415458937197999	0.5583064867102582	0.002415458937198	markers
genome_975	3	True	100.0	0.0	1.0	0.0	markers + neural network
genome_551	3	True	100.0	0.0	1.0	0.0	markers + neural network
genome_329	3	True	62.3186343347201	0.0	0.623186343347201	0.0	markers + neural network
genome_483	3	True	71.4343776593205	0.0	0.714343776593205	0.0	markers + neural network
genome_539	3	True	100.0	0.0	1.0	0.0	markers + neural network
genome_365	3	True	75.66368355464832	0.16336845402475	0.7566368355464832	0.0016336845402475	markers + neural network
genome_720	3	True	100.0	0.0	1.0	0.0	markers + neural network
genome_189	2	True	58.68245653537889	0.5181347150259	0.5868245653537889	0.005181347150259	markers
genome_670	3	True	99.8129154312281	0.6196539335656001	0.998129154312281	0.006196539335656	markers + neural network
genome_671	3	True	68.2173675226696	0.26878385813016	0.682173675226696	0.0026878385813016	markers + neural network
genome_985	3	True	100.0	0.0	1.0	0.0	markers + neural network
genome_298	3	True	62.62749754554697	0.13962480066337	0.6262749754554697	0.0013962480066337	markers + neural network
genome_462	2	True	49.46236559139785	32.97491176154024	0.4946236559139785	0.3297491176154024	markers
genome_637	3	True	73.54613996855679	1.19823300444171	0.7354613996855679	0.0119823300444171	markers + neural network
genome_867	3	True	100.0	0.55264025824604	1.0	0.0055264025824604	markers + neural network
genome_832	2	True	57.80321603798004	0.24096385542168	0.5780321603798004	0.0024096385542168	markers
genome_896	3	True	100.0	0.0	1.0	0.0	markers + neural network
genome_872	3	True	99.559032896045	0.0	0.99559032896045	0.0	markers + neural network
genome_290	3	True	99.57654286777073	0.93617716616833	0.9957654286777072	0.0093617716616833	markers + neural network
genome_715	3	True	100.0	0.0	1.0	0.0	markers + neural network
genome_543	3	True	74.05229218175832	0.0	0.7405229218175832	0.0	markers + neural network
genome_662	3	True	85.60700406855773	0.0	0.8560700406855772	0.0	markers + neural network
genome_585	3	True	99.70777553073248	0.95879007481806	0.9970777553073248	0.0095879007481806	markers + neural network
genome_56	2	True	48.821320404877525	-1.6556845984318036e-08	0.4882132040487753	-1.6556845984318038e-10	markers
genome_159	2	True	56.25	0.0	0.5625	0.0	markers
genome_431	3	True	100.0	0.0	1.0	0.0	markers + neural network
genome_308	3	True	67.93796396912771	0.0	0.679379639691277	0.0	markers + neural network
genome_187	3	True	96.59942435574972	0.0	0.9659942435574972	0.0	markers + neural network
genome_878	3	True	99.9882249640852	0.0	0.999882249640852	0.0	markers + neural network
genome_485	3	True	69.41603483981787	0.0	0.6941603483981786	0.0	markers + neural network
genome_3	2	True	50.15027155641649	1.72131147540983	0.5015027155641649	0.0172131147540983	markers
genome_361	3	True	72.62021562550068	0.0	0.7262021562550067	0.0	markers + neural network
genome_945	3	True	100.0	0.0	1.0	0.0	markers + neural network
genome_523	3	True	100.0	0.0	1.0	0.0	markers + neural network
genome_15	2	True	56.3078496052975	0.6842959648880901	0.563078496052975	0.0068429596488809	markers
genome_30	2	True	56.56463000239158	-1.0136844832918634e-08	0.5656463000239158	-1.0136844832918634e-10	markers
genome_428	2	True	59.432619784740695	-8.454559794574111e-09	0.5943261978474069	-8.454559794574109e-11	markers
genome_371	3	True	67.6560798727895	0.0	0.6765607987278951	0.0	markers + neural network
genome_666	2	True	59.29198861819261	0.20467834863049	0.5929198861819261	0.0020467834863049	markers
genome_914	3	True	100.0	0.0	1.0	0.0	markers + neural network
genome_286	2	True	58.47386556958395	0.14880950015688	0.5847386556958395	0.0014880950015688	markers
genome_434	3	True	83.38497293756635	0.0	0.8338497293756635	0.0	markers + neural network
genome_810	3	True	97.03336795123664	0.0	0.9703336795123664	0.0	markers + neural network
genome_315	3	True	62.39774554828215	3.09850582525561	0.6239774554828215	0.0309850582525561	markers + neural network
genome_916	3	True	100.0	0.0	1.0	0.0	markers + neural network
genome_152	3	True	100.0	0.0	1.0	0.0	markers + neural network
genome_860	3	True	100.0	0.045735183126	1.0	0.00045735183126	markers + neural network
genome_408	3	True	70.82864915438081	1.20875647801471	0.7082864915438082	0.0120875647801471	markers + neural network
genome_685	3	True	99.9374350087184	1.18882957247136	0.999374350087184	0.0118882957247136	markers + neural network
genome_624	3	True	63.70935513902533	1.09090377148326	0.6370935513902534	0.0109090377148326	markers + neural network
genome_880	3	True	99.30945275433268	0.50842440378816	0.9930945275433268	0.0050842440378816	markers + neural network
genome_774	3	True	100.0	1.69314613106415	1.0	0.0169314613106415	markers + neural network
genome_348	3	True	69.56739862326519	0.0	0.6956739862326519	0.0	markers + neural network
genome_132	3	True	81.56849091285724	0.0	0.8156849091285724	0.0	markers + neural network
genome_586	3	True	80.10106728499258	0.0	0.8010106728499258	0.0	markers + neural network
genome_145	2	True	48.528703835869656	-2.73152021021257e-08	0.4852870383586966	-2.7315202102125697e-10	markers
genome_65	2	True	56.898531000664896	-2.048604951797596e-08	0.568985310006649	-2.048604951797596e-10	markers
genome_952	3	True	100.0	0.0	1.0	0.0	markers + neural network
genome_728	3	True	65.13374804910512	4.4768529983701	0.6513374804910512	0.044768529983701	markers + neural network
genome_801	3	True	100.0	0.0	1.0	0.0	markers + neural network
genome_700	3	True	79.72518150781077	0.0	0.7972518150781077	0.0	markers + neural network
genome_990	3	True	99.99484314791329	0.0	0.9999484314791328	0.0	markers + neural network
genome_270	3	True	62.62880237044232	0.0	0.6262880237044232	0.0	markers + neural network
genome_610	3	True	82.79106055409817	0.0	0.8279106055409817	0.0	markers + neural network
genome_820	3	True	78.13168420630112	1.66918311160688	0.7813168420630112	0.0166918311160688	markers + neural network
genome_882	3	True	99.9374350087184	1.18882957247136	0.999374350087184	0.0118882957247136	markers + neural network
genome_862	3	True	100.0	0.07128550504753	1.0	0.0007128550504753	markers + neural network
genome_135	2	True	51.53282518488657	0.3914590407945	0.5153282518488657	0.003914590407945	markers
genome_831	3	True	100.0	0.0	1.0	0.0	markers + neural network
genome_459	3	True	72.3643991114705	0.0	0.723643991114705	0.0	markers + neural network
genome_347	3	True	61.61649206506936	0.0	0.6161649206506936	0.0	markers + neural network
genome_341	3	True	66.49925687489369	0.0	0.6649925687489369	0.0	markers + neural network
genome_373	3	True	63.05960922687536	0.0	0.6305960922687536	0.0	markers + neural network
genome_783	3	True	100.0	1.18224589199027	1.0	0.0118224589199027	markers + neural network
genome_446	3	True	66.366407510726	0.0	0.66366407510726	0.0	markers + neural network
genome_106	3	True	60.47447664669869	0.8328993848439201	0.6047447664669869	0.0083289938484392	markers + neural network
genome_303	2	True	51.81055925894474	-1.3019234386221164e-08	0.5181055925894474	-1.3019234386221164e-10	markers
genome_359	3	True	67.21658306578423	3.83483040937693	0.6721658306578424	0.0383483040937693	markers + neural network
genome_360	3	True	73.94370293313337	0.0	0.7394370293313336	0.0	markers + neural network
genome_915	3	True	99.5438539045164	0.0	0.995438539045164	0.0	markers + neural network
genome_859	3	True	100.0	1.09472043222202	1.0	0.0109472043222202	markers + neural network
genome_863	3	True	100.0	0.0	1.0	0.0	markers + neural network
genome_163	2	True	57.59206885318918	-1.1819616736407089e-08	0.5759206885318918	-1.181961673640709e-10	markers
genome_475	3	True	71.7473435490511	0.0	0.7174734354905109	0.0	markers + neural network
genome_592	3	True	70.95664952566135	1.28972424495117	0.7095664952566134	0.0128972424495117	markers + neural network
genome_654	3	True	75.32901910006956	1.08320347688796	0.7532901910006956	0.0108320347688796	markers + neural network
genome_596	3	True	87.58048905719991	0.0	0.8758048905719991	0.0	markers + neural network
genome_552	3	True	79.86264392122003	0.0	0.7986264392122002	0.0	markers + neural network
genome_908	3	True	100.0	0.0	1.0	0.0	markers + neural network
genome_149	3	True	84.5369461048025	0.0	0.845369461048025	0.0	markers + neural network
genome_705	3	True	84.05335018285862	1.12587626743165	0.8405335018285862	0.0112587626743165	markers + neural network
genome_597	3	True	74.15114471452759	0.0	0.7415114471452758	0.0	markers + neural network
genome_635	3	True	75.25915658611315	0.0	0.7525915658611315	0.0	markers + neural network
genome_273	3	True	72.1948836394347	0.0	0.721948836394347	0.0	markers + neural network
genome_285	3	True	100.0	0.0	1.0	0.0	markers + neural network
genome_633	3	True	83.6447251606151	0.0	0.836447251606151	0.0	markers + neural network
genome_140	2	True	46.03960396039604	0.0	0.4603960396039604	0.0	markers
genome_111	2	True	55.89499893051504	2.51346521931162	0.5589499893051504	0.0251346521931162	markers
genome_949	3	True	100.0	0.2383545061529	1.0	0.002383545061529	markers + neural network
genome_951	3	True	97.69388048523015	2.3473998812637	0.9769388048523016	0.023473998812637	markers + neural network
genome_477	3	True	76.33830746648155	0.0	0.7633830746648156	0.0	markers + neural network
genome_777	3	True	73.20132409962974	3.3187316759207697	0.7320132409962974	0.0331873167592077	markers + neural network
genome_155	3	True	62.57636248239472	0.0	0.6257636248239472	0.0	markers + neural network
genome_877	3	True	100.0	0.0	1.0	0.0	markers + neural network
genome_967	3	True	100.0	0.2009452375188	1.0	0.002009452375188	markers + neural network
genome_993	3	True	100.0	0.5997587388694601	1.0	0.0059975873886946	markers + neural network
genome_124	3	True	62.31305966210512	0.0	0.6231305966210512	0.0	markers + neural network
genome_390	3	True	68.58199643059038	0.0	0.6858199643059039	0.0	markers + neural network
genome_529	3	True	85.37743450476742	0.0	0.8537743450476742	0.0	markers + neural network
genome_409	3	True	68.08133576503894	0.0	0.6808133576503894	0.0	markers + neural network
genome_742	3	True	99.83505456397644	0.71712750822739	0.9983505456397644	0.0071712750822739	markers + neural network
genome_658	3	True	85.92111110991556	0.0	0.8592111110991556	0.0	markers + neural network
genome_744	3	True	78.02718636986525	0.0	0.7802718636986524	0.0	markers + neural network
genome_800	2	True	56.08137762267455	0.0557413135749699	0.5608137762267454	0.0005574131357497	markers
genome_738	3	True	82.26920238178882	5.18840035747599	0.8226920238178882	0.0518840035747599	markers + neural network
genome_447	3	True	75.2041892494945	0.0	0.752041892494945	0.0	markers + neural network
genome_156	2	True	32.6118119266055	-1.879733636838581e-08	0.326118119266055	-1.8797336368385806e-10	markers
genome_961	3	True	100.0	1.40971767067662	1.0	0.0140971767067662	markers + neural network
genome_827	3	True	94.45849022903732	0.0	0.9445849022903732	0.0	markers + neural network
genome_864	3	True	100.0	0.0	1.0	0.0	markers + neural network
genome_84	3	True	75.80453102999833	0.0	0.7580453102999833	0.0	markers + neural network
genome_45	3	True	80.74939313986975	17.68031502521502	0.8074939313986975	0.1768031502521502	markers + neural network
genome_712	3	True	81.39027861196963	0.0	0.8139027861196964	0.0	markers + neural network
genome_57	3	True	63.148672858914544	0.0	0.6314867285891455	0.0	markers + neural network
genome_772	3	True	86.02136390375475	0.0	0.8602136390375474	0.0	markers + neural network
genome_180	2	True	58.57467610763704	0.46301217964826	0.5857467610763704	0.0046301217964826	markers
genome_451	3	True	75.81416061312245	0.0	0.7581416061312245	0.0	markers + neural network
genome_491	3	True	71.16476571731651	0.0	0.7116476571731651	0.0	markers + neural network
genome_937	3	True	100.0	0.0	1.0	0.0	markers + neural network
genome_183	3	True	64.17051137009956	3.81323456680538	0.6417051137009956	0.0381323456680538	markers + neural network
genome_763	3	True	87.97920103103426	0.0	0.8797920103103427	0.0	markers + neural network
genome_37	3	True	70.22690722736473	0.11998608123249	0.7022690722736473	0.0011998608123249	markers + neural network
genome_848	3	True	100.0	0.0	1.0	0.0	markers + neural network
genome_791	3	True	99.76360628784586	0.98748902688804	0.9976360628784586	0.0098748902688804	markers + neural network
genome_376	3	True	72.56908646913242	0.45624937385291	0.7256908646913242	0.0045624937385291	markers + neural network
genome_537	3	True	77.47093156987962	0.0	0.7747093156987963	0.0	markers + neural network
genome_657	3	True	99.92851845345932	0.0	0.9992851845345933	0.0	markers + neural network
genome_615	3	True	71.46330810841006	0.0	0.7146330810841006	0.0	markers + neural network
genome_266	3	True	64.88058054274181	0.8782437853993	0.6488058054274182	0.008782437853993	markers + neural network
genome_144	2	True	59.27039555140904	0.4464285448193499	0.5927039555140904	0.0044642854481935	markers
genome_789	3	True	84.24680651011795	0.0	0.8424680651011794	0.0	markers + neural network
genome_250	3	True	62.37187539210777	0.0	0.6237187539210777	0.0	markers + neural network
genome_237	3	True	62.81263504207073	0.0	0.6281263504207073	0.0	markers + neural network
genome_883	3	True	99.82945105532797	1.98854811013578	0.9982945105532796	0.0198854811013578	markers + neural network
genome_913	3	True	100.0	0.0	1.0	0.0	markers + neural network
genome_773	3	True	85.16648942220105	0.0	0.8516648942220105	0.0	markers + neural network
genome_288	3	True	68.09147815827573	0.0	0.6809147815827573	0.0	markers + neural network
genome_426	3	True	76.23795069782128	0.0	0.7623795069782128	0.0	markers + neural network
genome_436	3	True	76.26748827492014	8.61448267883172	0.7626748827492014	0.0861448267883172	markers + neural network
genome_797	3	True	84.81919885421496	0.0	0.8481919885421496	0.0	markers + neural network
genome_639	3	True	89.23273308955723	0.0	0.8923273308955723	0.0	markers + neural network
genome_717	3	True	70.57109970026204	0.0	0.7057109970026204	0.0	markers + neural network
genome_453	3	True	87.6013092295347	0.0	0.8760130922953471	0.0	markers + neural network
genome_354	3	True	72.07387251360731	0.0	0.7207387251360732	0.0	markers + neural network
genome_508	3	True	71.74668838898526	0.0	0.7174668838898526	0.0	markers + neural network
genome_138	2	True	49.81583629044566	0.7936507936507899	0.4981583629044566	0.0079365079365079	markers
genome_833	3	True	77.38730873541729	0.0	0.7738730873541729	0.0	markers + neural network
genome_659	3	True	100.0	0.0	1.0	0.0	markers + neural network
genome_125	2	True	53.75892342696768	0.07930213170425	0.5375892342696769	0.0007930213170425	markers
genome_646	3	True	71.66088209056817	1.4405711022977	0.7166088209056817	0.014405711022977	markers + neural network
genome_128	2	True	40.60078785831767	0.1503759219234099	0.4060078785831767	0.0015037592192341	markers
genome_334	3	True	80.93119776156944	0.0	0.8093119776156944	0.0	markers + neural network
genome_23	3	True	60.64602018997208	0.0	0.6064602018997208	0.0	markers + neural network
genome_706	3	True	97.27898184202552	0.0	0.9727898184202554	0.0	markers + neural network
genome_276	2	True	51.31058003861091	0.28901734104046	0.5131058003861091	0.0028901734104046	markers
genome_440	3	True	69.18741307162153	0.92457795750834	0.6918741307162153	0.0092457795750834	markers + neural network
genome_492	3	True	74.55211651950614	0.0	0.7455211651950614	0.0	markers + neural network
genome_776	3	True	88.26399605641863	0.0	0.8826399605641864	0.0	markers + neural network
genome_123	2	True	55.2911501782831	0.16146390122412	0.552911501782831	0.0016146390122412	markers
genome_699	3	True	99.9891510974416	1.0789839703588	0.999891510974416	0.010789839703588	markers + neural network
genome_541	3	True	100.0	0.0	1.0	0.0	markers + neural network
genome_139	2	True	48.613699513025374	2.63095920067876	0.4861369951302537	0.0263095920067876	markers
genome_87	3	True	93.58131922467398	0.0	0.9358131922467398	0.0	markers + neural network
genome_343	3	True	71.22218564008375	2.16520419466732	0.7122218564008376	0.0216520419466732	markers + neural network
