genome_id	true_completeness	true_contamination	dominant_accession	dominant_phylum	sample_type	n_contigs	total_length	target_completeness
genome_0	51.28213938853518	0.0	RS_GCF_040267745.1	Bacillota	set_a_comp50	25	1805839	50.0
genome_1	51.2967082243012	0.0	RS_GCF_040931885.1	Bacillota	set_a_comp50	18	1482579	50.0
genome_10	74.124599071544	0.0	GB_GCA_963665795.1	Thermoplasmatota	set_a_comp50	2	1183016	50.0
genome_100	100.0	0.0	RS_GCF_013415885.1	Halobacteriota	set_a_comp50	1	4480147	50.0
genome_101	51.18182517272547	0.0	RS_GCF_030144585.1	Pseudomonadota	set_a_comp50	20	2648943	50.0
genome_102	100.0	0.0	RS_GCF_016629505.1	Pseudomonadota	set_a_comp50	3	3567646	50.0
genome_103	54.70001821816627	0.0	RS_GCF_023650835.1	Pseudomonadota	set_a_comp50	3	3155626	50.0
genome_104	100.0	0.0	RS_GCF_029855505.1	Bacillota	set_a_comp50	2	1068782	50.0
genome_105	50.091981164909136	0.0	RS_GCF_006459125.1	Campylobacterota	set_a_comp50	6	1511236	50.0
genome_106	68.95802228720797	0.0	RS_GCF_947250595.1	Pseudomonadota	set_a_comp50	3	1039667	50.0
genome_107	50.721898916636945	0.0	RS_GCF_002005425.1	Bacteroidota	set_a_comp50	23	1650695	50.0
genome_108	50.53355089685834	0.0	RS_GCF_009867075.1	Actinomycetota	set_a_comp50	30	4273774	50.0
genome_109	52.326513614253955	0.0	RS_GCF_002240205.1	Bacteroidota_A	set_a_comp50	13	1291669	50.0
genome_11	52.390107982187494	0.0	RS_GCF_004136395.1	Pseudomonadota	set_a_comp50	12	2610137	50.0
genome_110	100.0	0.0	RS_GCF_004015245.1	Verrucomicrobiota	set_a_comp50	1	2799431	50.0
genome_111	69.15390136642252	0.0	RS_GCF_033097225.1	Campylobacterota	set_a_comp50	2	1138814	50.0
genome_112	69.59198233652332	0.0	RS_GCF_024917315.1	Pseudomonadota	set_a_comp50	5	3315488	50.0
genome_113	50.27017459362722	0.0	RS_GCF_036014235.1	Actinomycetota	set_a_comp50	15	4072695	50.0
genome_114	68.57321026617723	0.0	RS_GCF_000056065.1	Bacillota	set_a_comp50	2	1278889	50.0
genome_115	61.804786059444005	0.0	RS_GCF_021165815.1	Pseudomonadota	set_a_comp50	7	3127960	50.0
genome_116	51.14066987016521	0.0	RS_GCF_024663255.1	Pseudomonadota	set_a_comp50	20	3570616	50.0
genome_117	52.00978607297411	0.0	RS_GCF_041297935.1	Bacillota	set_a_comp50	12	1678374	50.0
genome_118	52.17209784093002	0.0	RS_GCF_013341395.1	Bacillota	set_a_comp50	2	1379604	50.0
genome_119	69.01428222357117	0.0	RS_GCF_029634765.1	Bacillota	set_a_comp50	2	1971433	50.0
genome_12	50.397864416588114	0.0	RS_GCF_012974125.1	Pseudomonadota	set_a_comp50	11	1349869	50.0
genome_120	55.16605624743455	0.0	RS_GCF_000317615.1	Cyanobacteriota	set_a_comp50	4	2085833	50.0
genome_121	50.27619183352161	0.0	RS_GCF_012273375.1	Bacillota	set_a_comp50	42	2628110	50.0
genome_122	53.0698903439894	0.0	RS_GCF_002741805.2	Spirochaetota	set_a_comp50	2	777251	50.0
genome_123	51.68365298851484	0.0	RS_GCF_039912305.1	Pseudomonadota	set_a_comp50	7	2581446	50.0
genome_124	50.51508454758338	0.0	GB_GCA_009762495.1	Pseudomonadota	set_a_comp50	11	2529949	50.0
genome_125	50.354561239024555	0.0	RS_GCF_024442175.1	Pseudomonadota	set_a_comp50	34	2647809	50.0
genome_126	50.942808312647024	0.0	RS_GCF_037099855.1	Bacillota	set_a_comp50	25	1567877	50.0
genome_127	100.0	0.0	RS_GCF_000441635.1	Chlamydiota	set_a_comp50	1	1083893	50.0
genome_128	100.0	0.0	RS_GCF_026016765.1	Bacillota	set_a_comp50	2	818830	50.0
genome_129	50.073712242595015	0.0	RS_GCF_002243365.1	Pseudomonadota	set_a_comp50	57	3982135	50.0
genome_13	53.74577092505207	0.0	RS_GCF_011044275.1	Pseudomonadota	set_a_comp50	4	1223365	50.0
genome_130	56.643645309832436	0.0	RS_GCF_039784265.1	Bacillota	set_a_comp50	5	1060714	50.0
genome_131	100.0	0.0	RS_GCF_002211605.1	Fusobacteriota	set_a_comp50	1	2233010	50.0
genome_132	53.21648950976328	0.0	RS_GCF_000234745.1	Pseudomonadota	set_a_comp50	2	1250331	50.0
genome_133	52.090420536843105	0.0	GB_GCA_963662275.1	Cloacimonadota	set_a_comp50	14	2280927	50.0
genome_134	61.872119959669014	0.0	RS_GCF_000010445.1	Bacillota	set_a_comp50	1	1782021	50.0
genome_135	51.29017800186021	0.0	RS_GCF_038024175.1	Bacillota	set_a_comp50	12	3103542	50.0
genome_136	55.04150362272702	0.0	RS_GCF_002355475.1	Pseudomonadota	set_a_comp50	7	3436213	50.0
genome_137	59.23254275325392	0.0	RS_GCF_019904315.1	Desulfobacterota	set_a_comp50	3	2267741	50.0
genome_138	100.0	0.0	RS_GCF_016117655.1	Spirochaetota	set_a_comp50	3	2738066	50.0
genome_139	51.55111089155376	0.0	RS_GCF_021398465.1	Pseudomonadota	set_a_comp50	9	2504487	50.0
genome_14	59.82159567815408	0.0	RS_GCF_036232405.1	Pseudomonadota	set_a_comp50	13	4158372	50.0
genome_140	50.43693563297295	0.0	GB_GCA_030583965.1	Chloroflexota	set_a_comp50	12	1801568	50.0
genome_141	51.11691319769457	0.0	GB_GCA_001022195.1	Pseudomonadota	set_a_comp50	23	3694365	50.0
genome_142	52.181272797065915	0.0	RS_GCF_030378165.1	Bacteroidota	set_a_comp50	11	3118404	50.0
genome_143	51.526827233457965	0.0	RS_GCF_000164395.1	Pseudomonadota	set_a_comp50	23	1873855	50.0
genome_144	58.37129362800909	0.0	GB_GCA_016766715.1	Verrucomicrobiota	set_a_comp50	2	535758	50.0
genome_145	50.848693925076596	0.0	RS_GCF_026651325.1	Pseudomonadota	set_a_comp50	22	2345096	50.0
genome_146	50.50036681517924	0.0	GB_GCA_002777535.1	Actinomycetota	set_a_comp50	41	4051702	50.0
genome_147	74.0733486755129	0.0	RS_GCF_900090055.1	Thermoplasmatota	set_a_comp50	3	1391776	50.0
genome_148	50.8516197522499	0.0	RS_GCF_918419245.1	Actinomycetota	set_a_comp50	9	2248472	50.0
genome_149	51.76598394612356	0.0	RS_GCF_000339015.1	Pseudomonadota	set_a_comp50	6	2339193	50.0
genome_15	61.25046423372621	0.0	RS_GCF_020546685.1	Deinococcota	set_a_comp50	3	2008769	50.0
genome_150	50.48845108967816	0.0	RS_GCF_010119915.1	Actinomycetota	set_a_comp50	36	2268435	50.0
genome_151	53.03116608960971	0.0	RS_GCF_002201955.1	Bacillota	set_a_comp50	9	2115217	50.0
genome_152	52.712654100470424	0.0	RS_GCF_021117095.1	Pseudomonadota	set_a_comp50	11	2810207	50.0
genome_153	77.57159485887874	0.0	RS_GCF_000023905.1	Fusobacteriota	set_a_comp50	4	1912613	50.0
genome_154	55.24352753521017	0.0	RS_GCF_000626355.1	Pseudomonadota	set_a_comp50	10	2587498	50.0
genome_155	52.04757766456497	0.0	RS_GCF_008693785.1	Pseudomonadota	set_a_comp50	7	2600450	50.0
genome_156	50.948276707913344	0.0	RS_GCF_027945845.1	Pseudomonadota	set_a_comp50	17	3063607	50.0
genome_157	51.91176979068371	0.0	RS_GCF_001889005.1	Bacteroidota	set_a_comp50	6	1546394	50.0
genome_158	63.391878865772355	0.0	RS_GCF_037911025.1	Fusobacteriota	set_a_comp50	10	1578331	50.0
genome_159	52.13784642299578	0.0	RS_GCF_001975045.1	Bacillota	set_a_comp50	7	1492486	50.0
genome_16	50.3824110456935	0.0	GB_GCA_019670065.1	Pseudomonadota	set_a_comp50	35	2269251	50.0
genome_160	57.3339876834217	0.0	GB_GCA_000306725.1	Halobacteriota	set_a_comp50	3	1761741	50.0
genome_161	53.24099262626626	0.0	RS_GCF_001750065.2	Actinomycetota	set_a_comp50	8	3370174	50.0
genome_162	53.90928477858028	0.0	RS_GCF_022637495.1	Pseudomonadota	set_a_comp50	4	1897954	50.0
genome_163	51.08476115407798	0.0	RS_GCF_900104945.1	Pseudomonadota	set_a_comp50	6	1806915	50.0
genome_164	50.754273118726104	0.0	RS_GCF_001998105.1	Actinomycetota	set_a_comp50	15	2239041	50.0
genome_165	55.706756155354284	0.0	RS_GCF_028471865.1	Methanobacteriota_B	set_a_comp50	7	1157851	50.0
genome_166	56.58102808806308	0.0	RS_GCF_001889405.1	Halobacteriota	set_a_comp50	3	1144611	50.0
genome_167	58.83461208900076	0.0	RS_GCF_014900295.1	Actinomycetota	set_a_comp60	22	2611256	60.0
genome_168	59.157959098347234	0.0	RS_GCF_003181155.1	Pseudomonadota	set_a_comp60	26	2974180	60.0
genome_169	60.300085823287866	0.0	RS_GCF_019175445.1	Bacillota	set_a_comp60	9	1611079	60.0
genome_17	51.467424708051624	0.0	RS_GCF_004014855.1	Bacteroidota	set_a_comp50	12	1694847	50.0
genome_170	63.794388001352864	0.0	RS_GCF_032701645.1	Cyanobacteriota	set_a_comp60	10	3180126	60.0
genome_171	59.269976856722074	0.0	GB_GCA_009671145.1	Pseudomonadota	set_a_comp60	21	2817102	60.0
genome_172	65.22681229330807	0.0	RS_GCF_004635925.1	Pseudomonadota	set_a_comp60	15	2680021	60.0
genome_173	63.09563187233509	0.0	RS_GCF_041860165.1	Pseudomonadota	set_a_comp60	7	3208452	60.0
genome_174	58.902873305351875	0.0	RS_GCF_040267745.1	Bacillota	set_a_comp60	20	2074194	60.0
genome_175	63.54923303234765	0.0	GB_GCA_902167295.1	Bacteroidota	set_a_comp60	27	4045738	60.0
genome_176	63.91699026326299	0.0	RS_GCF_003122385.1	Bacteroidota	set_a_comp60	9	3756677	60.0
genome_177	62.51788368008646	0.0	GB_GCA_013704765.1	Pseudomonadota	set_a_comp60	9	3702059	60.0
genome_178	61.29001815501628	0.0	RS_GCF_034258555.1	Pseudomonadota	set_a_comp60	15	2513378	60.0
genome_179	56.82532072038909	0.0	GB_GCA_963678145.1	Campylobacterota	set_a_comp60	4	1500451	60.0
genome_18	50.189495998155074	0.0	RS_GCF_025147085.1	Bacteroidota	set_a_comp50	47	3490826	50.0
genome_180	67.12157872968842	0.0	RS_GCF_000190635.1	Bacillota	set_a_comp60	4	2286657	60.0
genome_181	59.869222174514825	0.0	RS_GCF_003718655.1	Pseudomonadota	set_a_comp60	8	2993694	60.0
genome_182	59.93613634689857	0.0	RS_GCF_000092565.1	Spirochaetota	set_a_comp60	38	2815880	60.0
genome_183	58.04532647575583	0.0	RS_GCF_000224745.1	Bacteroidota_A	set_a_comp60	10	1935302	60.0
genome_184	50.97469789158495	0.0	RS_GCF_033802665.1	Pseudomonadota	set_a_comp60	2	2440719	60.0
genome_185	100.0	0.0	RS_GCF_002201495.1	Verrucomicrobiota	set_a_comp60	1	2737357	60.0
genome_186	59.47640378798631	0.0	RS_GCF_036014155.1	Actinomycetota	set_a_comp60	15	6416001	60.0
genome_187	64.12272867232637	0.0	RS_GCF_009665315.1	Pseudomonadota	set_a_comp60	22	3688113	60.0
genome_188	58.25530732799456	0.0	RS_GCF_013425975.1	Pseudomonadota	set_a_comp60	7	3168692	60.0
genome_189	94.62585551647867	0.0	RS_GCF_014218035.1	Bacillota	set_a_comp60	2	1815609	60.0
genome_19	53.630465893389236	0.0	RS_GCF_019857565.1	Pseudomonadota	set_a_comp50	6	3651574	50.0
genome_190	58.876622271968046	0.0	RS_GCF_007752345.1	Planctomycetota	set_a_comp60	12	3069863	60.0
genome_191	65.20221642463908	0.0	RS_GCF_009497795.1	Bacillota	set_a_comp60	7	2662659	60.0
genome_192	100.0	0.0	GB_GCA_000200715.1	Thermoproteota	set_a_comp60	2	2045086	60.0
genome_193	100.0	0.0	RS_GCF_016454325.1	Pseudomonadota	set_a_comp60	2	4934408	60.0
genome_194	62.5438051524972	0.0	RS_GCF_001901065.1	Pseudomonadota	set_a_comp60	13	3321178	60.0
genome_195	61.983787545782576	0.0	RS_GCF_029867245.1	Actinomycetota	set_a_comp60	21	2740408	60.0
genome_196	59.995793617586656	0.0	RS_GCF_020990405.1	Pseudomonadota	set_a_comp60	38	3497297	60.0
genome_197	58.090938297768666	0.0	RS_GCF_900474605.1	Bacillota	set_a_comp60	6	1406729	60.0
genome_198	75.2017722446859	0.0	GB_GCA_900635495.1	Pseudomonadota	set_a_comp60	4	3424518	60.0
genome_199	62.65052888460875	0.0	RS_GCF_000582665.1	Bacillota	set_a_comp60	2	1919787	60.0
genome_2	54.8913155335996	0.0	RS_GCF_014900595.1	Actinomycetota	set_a_comp50	4	2426952	50.0
genome_20	66.97070952672136	0.0	RS_GCF_018118585.1	Bacillota	set_a_comp50	5	2310898	50.0
genome_200	100.0	0.0	RS_GCF_013342985.1	Pseudomonadota	set_a_comp60	2	1188809	60.0
genome_201	69.91169217589788	0.0	RS_GCF_004136395.1	Pseudomonadota	set_a_comp60	1	3483083	60.0
genome_202	58.02807032745727	0.0	RS_GCF_031583475.1	Cyanobacteriota	set_a_comp60	12	1553654	60.0
genome_203	64.5223153557294	0.0	RS_GCF_022376295.1	Cyanobacteriota	set_a_comp60	23	3517545	60.0
genome_204	59.354458341691895	0.0	RS_GCF_003194245.1	Pseudomonadota	set_a_comp60	16	4071260	60.0
genome_205	100.0	0.0	RS_GCF_000318765.1	Chlamydiota	set_a_comp60	1	1050130	60.0
genome_206	65.26844825135926	0.0	RS_GCF_024585365.1	Pseudomonadota	set_a_comp60	6	3315863	60.0
genome_207	68.5320987786489	0.0	GB_GCA_037899175.1	Fusobacteriota	set_a_comp60	4	1728409	60.0
genome_208	68.68475052199582	0.0	RS_GCF_031757735.1	Bacillota	set_a_comp60	2	1831608	60.0
genome_209	68.5023694970822	0.0	RS_GCF_025914135.1	Bacteroidota	set_a_comp60	4	3755565	60.0
genome_21	50.99227505587205	0.0	GB_GCA_030908285.1	Actinomycetota	set_a_comp50	17	4236119	50.0
genome_210	58.98518665368439	0.0	RS_GCF_022029835.1	Pseudomonadota	set_a_comp60	23	2820615	60.0
genome_211	61.06654267486134	0.0	GB_GCA_963662275.1	Cloacimonadota	set_a_comp60	3	2673972	60.0
genome_212	58.265276439900425	0.0	RS_GCF_023361855.1	Pseudomonadota	set_a_comp60	4	2443669	60.0
genome_213	69.81258853157752	0.0	RS_GCF_040409895.1	Bacillota	set_a_comp60	3	1748635	60.0
genome_214	76.20167682069498	0.0	GB_GCA_023898765.1	Pseudomonadota	set_a_comp60	1	1449759	60.0
genome_215	59.46142643927206	0.0	RS_GCF_019278425.1	Bacteroidota	set_a_comp60	27	2462504	60.0
genome_216	58.64420873971671	0.0	RS_GCF_001307565.1	Pseudomonadota	set_a_comp60	9	2404826	60.0
genome_217	58.38497191038831	0.0	RS_GCF_009931175.1	Pseudomonadota	set_a_comp60	15	3268793	60.0
genome_218	61.052588994857125	0.0	RS_GCF_018798845.1	Pseudomonadota	set_a_comp60	15	3108854	60.0
genome_219	62.31722176116816	0.0	RS_GCF_036772935.1	Bacillota	set_a_comp60	9	1947091	60.0
genome_22	51.47782441723246	0.0	RS_GCF_003590645.1	Pseudomonadota	set_a_comp50	23	2490405	50.0
genome_220	59.04914947450224	0.0	RS_GCF_902166715.1	Pseudomonadota	set_a_comp60	24	3148777	60.0
genome_221	59.929433111793216	0.0	RS_GCF_040760075.1	Bacteroidota	set_a_comp60	33	3209003	60.0
genome_222	64.74835247902256	0.0	RS_GCF_000014605.1	Pseudomonadota	set_a_comp60	4	1227452	60.0
genome_223	66.55713187268164	0.0	GB_GCA_000063505.1	Cyanobacteriota	set_a_comp60	3	1575394	60.0
genome_224	59.69738810137504	0.0	RS_GCF_013343215.1	Pseudomonadota	set_a_comp60	18	2180822	60.0
genome_225	55.69081620073174	0.0	GB_GCA_019856215.1	Bacillota	set_a_comp60	3	1147399	60.0
genome_226	58.16023850473447	0.0	RS_GCF_037911915.1	Fusobacteriota	set_a_comp60	9	1546422	60.0
genome_227	100.0	0.0	GB_GCA_016700375.1	Patescibacteriota	set_a_comp60	2	1256494	60.0
genome_228	58.94442163574964	0.0	RS_GCF_020388215.1	Bacillota	set_a_comp60	25	1630978	60.0
genome_229	59.56083343973238	0.0	RS_GCF_025398035.1	Bacillota	set_a_comp60	31	2691644	60.0
genome_23	53.13018889403156	0.0	RS_GCF_017743035.1	Pseudomonadota	set_a_comp50	3	2977691	50.0
genome_230	60.9218720557242	0.0	RS_GCF_014844495.1	Bacteroidota	set_a_comp60	22	1962472	60.0
genome_231	100.0	0.0	RS_GCF_011600855.2	Campylobacterota	set_a_comp60	1	1782312	60.0
genome_232	59.405454560465934	0.0	RS_GCF_006094335.1	Bacillota	set_a_comp60	9	2518319	60.0
genome_233	58.0172209450638	0.0	RS_GCF_000010665.1	Desulfobacterota_I	set_a_comp60	17	3083975	60.0
genome_234	100.0	0.0	RS_GCF_015245165.1	Campylobacterota	set_a_comp60	1	1601863	60.0
genome_235	58.64331711479783	0.0	RS_GCF_020097095.1	Bacillota	set_a_comp60	8	1308445	60.0
genome_236	62.01846191563089	0.0	RS_GCF_900105785.1	Actinomycetota	set_a_comp60	8	2732090	60.0
genome_237	57.81483397711346	0.0	RS_GCF_022493175.1	Pseudomonadota	set_a_comp60	9	2811503	60.0
genome_238	59.76630670913203	0.0	RS_GCF_001664525.1	Pseudomonadota	set_a_comp60	21	3872262	60.0
genome_239	61.04699559267307	0.0	RS_GCF_026967595.1	Bacillota	set_a_comp60	16	2688528	60.0
genome_24	51.582573285745916	0.0	RS_GCF_041320665.1	Pseudomonadota	set_a_comp50	7	2607415	50.0
genome_240	55.16916222178365	0.0	RS_GCF_013127315.1	Actinomycetota	set_a_comp60	11	2328564	60.0
genome_241	59.13119076544754	0.0	GB_GCA_900104375.1	Bacteroidota	set_a_comp60	13	2257429	60.0
genome_242	97.34061461371873	0.0	RS_GCF_014109745.1	Bacteroidota	set_a_comp60	2	6262571	60.0
genome_243	61.47433589963759	0.0	RS_GCF_001998105.1	Actinomycetota	set_a_comp60	6	2711960	60.0
genome_244	61.64284148013829	0.0	RS_GCF_022637495.1	Pseudomonadota	set_a_comp60	10	2170225	60.0
genome_245	58.20547456810375	0.0	RS_GCF_016027035.1	Pseudomonadota	set_a_comp60	18	3965493	60.0
genome_246	60.616592579014096	0.0	RS_GCF_022493655.1	Pseudomonadota	set_a_comp60	23	2976108	60.0
genome_247	63.311369463598	0.0	RS_GCF_000318565.1	Chlamydiota	set_a_comp60	3	665959	60.0
genome_248	59.90275433417451	0.0	RS_GCF_002356095.1	Pseudomonadota	set_a_comp60	30	4473349	60.0
genome_249	60.739658299107155	0.0	RS_GCF_013821695.1	Pseudomonadota	set_a_comp60	11	2866364	60.0
genome_25	54.94902431572061	0.0	GB_GCA_963681965.1	Electryoneota	set_a_comp50	32	2332513	50.0
genome_250	59.02834146954922	0.0	RS_GCF_011038575.1	Bacillota	set_a_comp60	1	1445682	60.0
genome_251	63.855231364552964	0.0	RS_GCF_018128925.1	Thermoproteota	set_a_comp60	6	1050999	60.0
genome_252	59.79807458577591	0.0	RS_GCF_028623165.1	Cyanobacteriota	set_a_comp60	71	4971707	60.0
genome_253	100.0	0.0	RS_GCF_964026995.1	Pseudomonadota	set_a_comp60	2	1456049	60.0
genome_254	58.35861164254127	0.0	RS_GCF_001985245.1	Pseudomonadota	set_a_comp60	5	2394256	60.0
genome_255	59.828239915454986	0.0	RS_GCF_018223785.1	Pseudomonadota	set_a_comp60	50	5552501	60.0
genome_256	68.42056305098951	0.0	RS_GCF_000590735.1	Chlamydiota	set_a_comp60	3	713478	60.0
genome_257	63.37247436426691	0.0	GB_GCA_963664305.1	Campylobacterota	set_a_comp60	4	1762315	60.0
genome_258	57.15415575642835	0.0	RS_GCF_027239755.1	Pseudomonadota	set_a_comp60	8	2332696	60.0
genome_259	59.35268138143604	0.0	RS_GCF_030127065.1	Pseudomonadota	set_a_comp60	25	2960837	60.0
genome_26	50.64264436189694	0.0	RS_GCF_003073375.1	Bacillota	set_a_comp50	14	1892979	50.0
genome_260	59.48760560587948	0.0	RS_GCF_003429525.1	Spirochaetota	set_a_comp60	9	2526463	60.0
genome_261	60.92928905199374	0.0	RS_GCF_902166465.1	Pseudomonadota	set_a_comp60	19	4165100	60.0
genome_262	59.617642590406426	0.0	RS_GCF_015244315.1	Actinomycetota	set_a_comp60	51	5042493	60.0
genome_263	70.39123025233765	0.0	RS_GCF_004014855.1	Bacteroidota	set_a_comp60	5	2318017	60.0
genome_264	59.34662841718807	0.0	RS_GCF_001895805.1	Actinomycetota	set_a_comp60	26	2590910	60.0
genome_265	60.06398287124474	0.0	RS_GCF_030053875.1	Pseudomonadota	set_a_comp60	12	3364108	60.0
genome_266	52.24102415341333	0.0	GB_GCA_019703815.1	Pseudomonadota	set_a_comp60	4	2351963	60.0
genome_267	59.23233922878966	0.0	RS_GCF_001735655.2	Bacillota	set_a_comp60	5	1735472	60.0
genome_268	100.0	0.0	RS_GCF_003213725.2	Campylobacterota	set_a_comp60	1	2154041	60.0
genome_269	58.30895906054663	0.0	RS_GCF_035666175.1	Bacteroidota	set_a_comp60	7	1500728	60.0
genome_27	50.81930544924516	0.0	RS_GCF_023516155.1	Bacillota	set_a_comp50	6	1997093	50.0
genome_270	59.09654197490506	0.0	RS_GCF_000243395.2	Actinomycetota	set_a_comp60	39	2697230	60.0
genome_271	53.035613166021875	0.0	RS_GCF_028750275.1	Pseudomonadota	set_a_comp60	3	2674866	60.0
genome_272	64.02081633496174	0.0	RS_GCF_014775655.1	Actinomycetota	set_a_comp60	6	1983580	60.0
genome_273	54.926712146868375	0.0	GB_GCA_037898875.1	Fusobacteriota	set_a_comp60	1	1418813	60.0
genome_274	59.917822212445195	0.0	RS_GCF_000292795.1	Pseudomonadota	set_a_comp60	33	3775114	60.0
genome_275	73.40913033163248	0.0	GB_GCA_000306725.1	Halobacteriota	set_a_comp60	4	2255693	60.0
genome_276	60.37801313119462	0.0	RS_GCF_025905525.1	Spirochaetota	set_a_comp60	15	1677556	60.0
genome_277	57.71304975773931	0.0	RS_GCF_019802745.1	Bacteroidota	set_a_comp60	10	1485703	60.0
genome_278	58.308410913893624	0.0	RS_GCF_022695635.1	Actinomycetota	set_a_comp60	17	4072653	60.0
genome_279	60.916686112655405	0.0	RS_GCF_038024175.1	Bacillota	set_a_comp60	12	3686037	60.0
genome_28	50.506426803906926	0.0	RS_GCF_002258175.2	Pseudomonadota	set_a_comp50	19	2910947	50.0
genome_280	59.746688115778845	0.0	RS_GCF_018243215.1	Pseudomonadota	set_a_comp60	38	3402406	60.0
genome_281	59.68933792308485	0.0	RS_GCF_000006985.1	Bacteroidota_A	set_a_comp60	20	1286273	60.0
genome_282	61.31396271406706	0.0	GB_GCA_002073515.2	Bacillota	set_a_comp60	4	1417298	60.0
genome_283	59.54823870447294	0.0	RS_GCF_001767295.1	Pseudomonadota	set_a_comp60	22	2788831	60.0
genome_284	60.72070730513386	0.0	RS_GCF_000179535.2	Pseudomonadota	set_a_comp60	18	3066352	60.0
genome_285	59.76331526032078	0.0	RS_GCF_036346895.1	Actinomycetota	set_a_comp60	55	5141037	60.0
genome_286	91.14695775727346	0.0	RS_GCF_001951015.1	Pseudomonadota	set_a_comp60	2	1155964	60.0
genome_287	60.62519006504825	0.0	RS_GCF_003851345.1	Pseudomonadota	set_a_comp60	17	4200446	60.0
genome_288	59.60212177499672	0.0	RS_GCF_036704625.1	Pseudomonadota	set_a_comp60	26	3215485	60.0
genome_289	57.250279020709435	0.0	RS_GCF_011299335.1	Bacteroidota	set_a_comp60	8	2520159	60.0
genome_29	50.887389845257324	0.0	RS_GCF_029910515.1	Pseudomonadota	set_a_comp50	6	2283020	50.0
genome_290	65.95039252136806	0.0	RS_GCF_022923915.1	Campylobacterota	set_a_comp60	2	1037339	60.0
genome_291	59.73952175528062	0.0	RS_GCF_013003965.1	Pseudomonadota	set_a_comp60	49	2726001	60.0
genome_292	59.7380882500101	0.0	RS_GCF_002056385.1	Pseudomonadota	set_a_comp60	40	3384824	60.0
genome_293	100.0	0.0	RS_GCF_034093315.1	Cyanobacteriota	set_a_comp60	1	1704447	60.0
genome_294	80.7147227120596	0.0	RS_GCF_000015345.1	Pseudomonadota	set_a_comp60	1	1121410	60.0
genome_295	60.21674713441113	0.0	RS_GCF_002761035.1	Pseudomonadota	set_a_comp60	3	2977122	60.0
genome_296	65.62466601782093	0.0	RS_GCF_009763965.1	Pseudomonadota	set_a_comp60	5	2763162	60.0
genome_297	58.51265222047072	0.0	RS_GCF_004104435.1	Verrucomicrobiota	set_a_comp60	3	1673700	60.0
genome_298	58.445321174372786	0.0	RS_GCF_002447255.1	Actinomycetota	set_a_comp60	18	2578223	60.0
genome_299	95.35101715454837	0.0	RS_GCF_001562195.1	Pseudomonadota	set_a_comp60	1	4433008	60.0
genome_3	53.54325450888632	0.0	RS_GCF_004104435.1	Verrucomicrobiota	set_a_comp50	7	1531555	50.0
genome_30	62.21971258487026	0.0	GB_GCA_001274575.1	Bacillota	set_a_comp50	2	2287504	50.0
genome_300	64.01943672610093	0.0	RS_GCF_002103235.2	Bacillota	set_a_comp60	12	1944358	60.0
genome_301	58.80597128198901	0.0	RS_GCF_014338485.1	Pseudomonadota	set_a_comp60	27	3099404	60.0
genome_302	58.36376863462793	0.0	RS_GCF_020096995.1	Actinomycetota	set_a_comp60	8	1894942	60.0
genome_303	59.72017170632174	0.0	RS_GCF_004015245.1	Verrucomicrobiota	set_a_comp60	25	1671825	60.0
genome_304	59.989070103890874	0.0	RS_GCF_015535055.1	Pseudomonadota	set_a_comp60	29	3059307	60.0
genome_305	63.87840692547542	0.0	RS_GCF_037100415.1	Pseudomonadota	set_a_comp60	8	4631028	60.0
genome_306	65.60815446437323	0.0	RS_GCF_029028125.1	Pseudomonadota	set_a_comp60	12	4190444	60.0
genome_307	80.7584528574658	0.0	GB_GCA_030316505.1	Pseudomonadota	set_a_comp60	4	3833225	60.0
genome_308	62.70514819351028	0.0	RS_GCF_009626015.1	Pseudomonadota	set_a_comp60	5	2993498	60.0
genome_309	71.82095144816559	0.0	RS_GCF_000013225.1	Cyanobacteriota	set_a_comp60	2	2188156	60.0
genome_31	50.46023505575017	0.0	RS_GCF_000737885.1	Actinomycetota	set_a_comp50	9	1111751	50.0
genome_310	61.27285622528752	0.0	RS_GCF_040436705.1	Pseudomonadota	set_a_comp60	11	2983993	60.0
genome_311	56.28619732653699	0.0	RS_GCF_041764985.1	Bacillota	set_a_comp60	3	1733222	60.0
genome_312	59.11111257890299	0.0	GB_GCA_037232885.1	Pseudomonadota	set_a_comp60	9	2684809	60.0
genome_313	60.43217554249773	0.0	RS_GCF_019252525.1	Pseudomonadota	set_a_comp60	35	3468153	60.0
genome_314	62.6469921295119	0.0	RS_GCF_002005185.1	Bacillota	set_a_comp60	3	1364776	60.0
genome_315	63.23727598452986	0.0	RS_GCF_035321765.1	Fusobacteriota	set_a_comp60	1	1600089	60.0
genome_316	59.54618097603973	0.0	RS_GCF_020911805.1	Pseudomonadota	set_a_comp60	15	3389870	60.0
genome_317	58.64134925901114	0.0	RS_GCF_038593175.1	Bacillota	set_a_comp60	6	2204109	60.0
genome_318	59.93334878366273	0.0	RS_GCF_020618415.1	Pseudomonadota	set_a_comp60	36	3664455	60.0
genome_319	59.1886414285764	0.0	GB_GCA_008704475.1	Actinomycetota	set_a_comp60	29	4591782	60.0
genome_32	53.774620431088316	0.0	RS_GCF_014169295.1	Pseudomonadota	set_a_comp50	11	2991352	50.0
genome_320	69.72519305614826	0.0	RS_GCF_000340565.2	Cyanobacteriota	set_a_comp60	6	3808579	60.0
genome_321	60.30763132199864	0.0	RS_GCF_003852215.1	Thermoproteota	set_a_comp60	6	1609595	60.0
genome_322	62.767220056310194	0.0	RS_GCF_030515755.1	Actinomycetota	set_a_comp60	8	1585505	60.0
genome_323	57.62679779722831	0.0	RS_GCF_014905015.1	Bacillota	set_a_comp60	2	1704758	60.0
genome_324	60.163025764616194	0.0	RS_GCF_028335705.1	Bacillota	set_a_comp60	14	1797889	60.0
genome_325	90.99596069785714	0.0	RS_GCF_002777035.1	Chlamydiota	set_a_comp60	1	954271	60.0
genome_326	100.0	0.0	RS_GCF_900631605.1	Actinomycetota	set_a_comp60	1	3261460	60.0
genome_327	69.91000460445186	0.0	RS_GCF_023158855.1	Pseudomonadota	set_a_comp60	1	3586256	60.0
genome_328	59.91540685294918	0.0	GB_GCA_018295965.1	Cyanobacteriota	set_a_comp60	65	3670718	60.0
genome_329	56.34409245430424	0.0	RS_GCF_001548675.1	Methanobacteriota	set_a_comp60	2	1280868	60.0
genome_33	60.18440409566337	0.0	RS_GCF_002214145.1	Bacillota	set_a_comp50	3	1770766	50.0
genome_330	57.58719275987409	0.0	RS_GCF_014495805.1	Pseudomonadota	set_a_comp60	9	1344908	60.0
genome_331	60.75307021077331	0.0	RS_GCF_028335185.1	Bacillota	set_a_comp60	25	1930509	60.0
genome_332	59.32187158474051	0.0	RS_GCF_037113475.1	Pseudomonadota	set_a_comp60	9	2960983	60.0
genome_333	71.35003645014004	0.0	RS_GCF_027118995.1	Pseudomonadota	set_a_comp60	3	1859596	60.0
genome_334	76.46425614325119	0.0	RS_GCF_000340705.1	Spirochaetota	set_a_comp70	4	2184986	70.0
genome_335	63.70248138885686	0.0	GB_GCA_022409555.1	Pseudomonadota	set_a_comp70	5	2629748	70.0
genome_336	69.03458365743866	0.0	RS_GCF_001506265.1	Campylobacterota	set_a_comp70	10	1154640	70.0
genome_337	69.98993217725261	0.0	RS_GCF_014302295.1	Bacillota	set_a_comp70	45	3562820	70.0
genome_338	56.47620605698999	0.0	RS_GCF_017347585.1	Bacillota	set_a_comp70	2	1467153	70.0
genome_339	69.97762312767321	0.0	RS_GCF_018243215.1	Pseudomonadota	set_a_comp70	3	3985029	70.0
genome_34	54.926871229542286	0.0	RS_GCF_900564155.1	Bacteroidota	set_a_comp50	17	3404652	50.0
genome_340	71.14497194735587	0.0	RS_GCF_030246865.1	Actinomycetota	set_a_comp70	2	2425929	70.0
genome_341	69.88620196065266	0.0	RS_GCF_024298785.1	Pseudomonadota	set_a_comp70	5	3548966	70.0
genome_342	82.32251538000071	0.0	RS_GCF_040581435.1	Bacillota	set_a_comp70	2	1749621	70.0
genome_343	65.2963630947295	0.0	RS_GCF_000504105.1	Thermotogota	set_a_comp70	3	1413774	70.0
genome_344	69.34134114551902	0.0	RS_GCF_024917315.1	Pseudomonadota	set_a_comp70	21	3303547	70.0
genome_345	69.98756352218074	0.0	RS_GCF_004136395.1	Pseudomonadota	set_a_comp70	47	3486863	70.0
genome_346	64.4493408478136	0.0	RS_GCF_030177875.1	Pseudomonadota	set_a_comp70	3	1418927	70.0
genome_347	69.83267974476249	0.0	RS_GCF_036010345.1	Actinomycetota	set_a_comp70	104	5888941	70.0
genome_348	58.9115554253169	0.0	RS_GCF_000085865.1	Bacillota	set_a_comp70	3	392024	70.0
genome_349	74.88467779334536	0.0	RS_GCF_024585005.1	Pseudomonadota	set_a_comp70	5	3806013	70.0
genome_35	51.33869465440644	0.0	RS_GCF_017280215.1	Bacillota	set_a_comp50	11	1470006	50.0
genome_350	68.14753481750914	0.0	RS_GCF_002504085.1	Pseudomonadota	set_a_comp70	5	3770353	70.0
genome_351	100.0	0.0	GB_GCA_002073515.2	Bacillota	set_a_comp70	1	2311542	70.0
genome_352	69.15292829710835	0.0	RS_GCF_032921865.1	Pseudomonadota	set_a_comp70	32	3273367	70.0
genome_353	73.92770460336399	0.0	RS_GCF_003971445.1	Actinomycetota	set_a_comp70	4	1724292	70.0
genome_354	67.09527898974244	0.0	RS_GCF_017280215.1	Bacillota	set_a_comp70	10	1921172	70.0
genome_355	67.78413151326774	0.0	RS_GCF_027941935.1	Pseudomonadota	set_a_comp70	12	1571691	70.0
genome_356	74.59360900217872	0.0	RS_GCF_037963895.1	Bacillota	set_a_comp70	31	4032118	70.0
genome_357	71.10885548832064	0.0	RS_GCF_035190385.1	Pseudomonadota	set_a_comp70	24	3551834	70.0
genome_358	71.12153478409337	0.0	RS_GCF_014844395.1	Bacteroidota	set_a_comp70	14	2291038	70.0
genome_359	63.91581397571281	0.0	RS_GCF_001735655.2	Bacillota	set_a_comp70	4	1872695	70.0
genome_36	51.22516096956156	0.0	RS_GCF_023517235.1	Pseudomonadota	set_a_comp50	15	2086388	50.0
genome_360	68.11947279947378	0.0	RS_GCF_018847415.1	Verrucomicrobiota	set_a_comp70	4	2125036	70.0
genome_361	69.8813841674328	0.0	RS_GCF_009762745.1	Bacillota	set_a_comp70	39	2328990	70.0
genome_362	68.704889091717	0.0	GB_GCA_963674955.1	Desulfobacterota_I	set_a_comp70	17	2173923	70.0
genome_363	79.39262242778038	0.0	GB_GCA_001274575.1	Bacillota	set_a_comp70	7	2918865	70.0
genome_364	59.94282827928736	0.0	RS_GCF_963556565.1	Actinomycetota	set_a_comp70	2	1504764	70.0
genome_365	77.42180597595353	0.0	RS_GCF_002952595.1	Campylobacterota	set_a_comp70	1	1296048	70.0
genome_366	69.81459997222808	0.0	RS_GCF_041080815.1	Bacteroidota	set_a_comp70	10	3740616	70.0
genome_367	70.2473617323899	0.0	RS_GCF_032921125.1	Bacillota	set_a_comp70	5	2309434	70.0
genome_368	79.28136514967356	0.0	RS_GCF_030285645.1	Actinomycetota	set_a_comp70	20	8251327	70.0
genome_369	68.61844658797156	0.0	RS_GCF_002811555.3	Pseudomonadota	set_a_comp70	12	3671911	70.0
genome_37	56.539351268392956	0.0	RS_GCF_903891135.1	Bacillota	set_a_comp50	5	1009414	50.0
genome_370	68.0821075480714	0.0	RS_GCF_003433315.1	Bacteroidota	set_a_comp70	6	1837965	70.0
genome_371	69.12716269068689	0.0	RS_GCF_000961375.1	Pseudomonadota	set_a_comp70	25	3641162	70.0
genome_372	54.27161644349112	0.0	RS_GCF_009931415.1	Actinomycetota	set_a_comp70	2	1250913	70.0
genome_373	82.26709061662886	0.0	RS_GCF_036630095.1	Cyanobacteriota	set_a_comp70	1	2306079	70.0
genome_374	83.09335763567293	0.0	RS_GCF_037270985.1	Pseudomonadota	set_a_comp70	6	4194158	70.0
genome_375	71.89936322226015	0.0	RS_GCF_023361275.1	Pseudomonadota	set_a_comp70	5	3054249	70.0
genome_376	67.66697830825734	0.0	RS_GCF_964031045.1	Bacillota	set_a_comp70	11	818583	70.0
genome_377	71.65899712643801	0.0	RS_GCF_014495805.1	Pseudomonadota	set_a_comp70	4	1673545	70.0
genome_378	71.06380654201361	0.0	RS_GCF_003429525.1	Spirochaetota	set_a_comp70	7	3018109	70.0
genome_379	100.0	0.0	RS_GCF_000298475.2	Chlamydiota	set_a_comp70	3	1148342	70.0
genome_38	100.0	0.0	RS_GCF_000027325.1	Bacillota	set_a_comp50	1	580076	50.0
genome_380	77.88841748801622	0.0	RS_GCF_016776265.1	Pseudomonadota	set_a_comp70	9	3964360	70.0
genome_381	67.4739309731015	0.0	RS_GCF_004009355.1	Pseudomonadota	set_a_comp70	8	2768618	70.0
genome_382	81.01299515585058	0.0	RS_GCF_034642355.1	Bacillota	set_a_comp70	5	2413591	70.0
genome_383	72.67513220062722	0.0	RS_GCF_025914135.1	Bacteroidota	set_a_comp70	8	3984332	70.0
genome_384	69.37298858935193	0.0	GB_GCA_030584065.1	Bacteroidota	set_a_comp70	9	2718221	70.0
genome_385	61.233771137954776	0.0	RS_GCF_009763965.1	Pseudomonadota	set_a_comp70	2	2578281	70.0
genome_386	78.31555382889626	0.0	RS_GCF_002240205.1	Bacteroidota_A	set_a_comp70	4	1933203	70.0
genome_387	55.332997714307474	0.0	RS_GCF_001190825.1	Bacillota	set_a_comp70	1	1133196	70.0
genome_388	69.97949667553857	0.0	RS_GCF_036014235.1	Actinomycetota	set_a_comp70	62	5669468	70.0
genome_389	69.62363563054753	0.0	RS_GCF_030490165.1	Pseudomonadota	set_a_comp70	19	4189172	70.0
genome_39	50.12451562639693	0.0	RS_GCF_026965535.1	Myxococcota	set_a_comp50	39	4905749	50.0
genome_390	100.0	0.0	GB_GCA_011996705.1	Bacillota	set_a_comp70	1	1183547	70.0
genome_391	70.88282738439838	0.0	RS_GCF_007362475.1	Bacteroidota	set_a_comp70	9	2154906	70.0
genome_392	60.031987560775256	0.0	RS_GCF_963678535.1	Pseudomonadota	set_a_comp70	10	2443126	70.0
genome_393	74.99160362086886	0.0	GB_GCA_016700375.1	Patescibacteriota	set_a_comp70	1	942265	70.0
genome_394	100.0	0.0	RS_GCF_001655395.1	Spirochaetota	set_a_comp70	1	1139594	70.0
genome_395	69.57766407166956	0.0	RS_GCF_002906495.1	Campylobacterota	set_a_comp70	8	1162489	70.0
genome_396	69.99506760629893	0.0	RS_GCF_041861315.1	Pseudomonadota	set_a_comp70	26	3832960	70.0
genome_397	69.87156365420691	0.0	RS_GCF_019047925.1	Pseudomonadota	set_a_comp70	13	3628213	70.0
genome_398	60.81326095797442	0.0	RS_GCF_030162075.2	Pseudomonadota	set_a_comp70	6	3047524	70.0
genome_399	80.80754879492433	0.0	RS_GCF_020309925.1	Actinomycetota	set_a_comp70	1	1598682	70.0
genome_4	74.42659809331619	0.0	RS_GCF_014218035.1	Bacillota	set_a_comp50	1	1428041	50.0
genome_40	51.017714013177	0.0	RS_GCF_014169755.1	Pseudomonadota	set_a_comp50	27	2641059	50.0
genome_400	68.60896321749827	0.0	RS_GCF_014055005.1	Pseudomonadota	set_a_comp70	13	1890815	70.0
genome_401	69.62148189905267	0.0	RS_GCF_031767055.1	Actinomycetota	set_a_comp70	59	5823186	70.0
genome_402	69.66076276636689	0.0	RS_GCF_034353045.1	Pseudomonadota	set_a_comp70	42	3884188	70.0
genome_403	67.21005192788306	0.0	RS_GCF_014899345.1	Actinomycetota	set_a_comp70	3	2962773	70.0
genome_404	100.0	0.0	GB_GCA_000184085.1	Campylobacterota	set_a_comp70	2	1708924	70.0
genome_405	70.5038573984805	0.0	RS_GCF_027943965.1	Desulfobacterota	set_a_comp70	32	2956305	70.0
genome_406	76.08255640157347	0.0	RS_GCF_025561465.1	Bacillota	set_a_comp70	4	2040716	70.0
genome_407	59.06149645145467	0.0	RS_GCF_037955985.1	Fusobacteriota	set_a_comp70	5	1265516	70.0
genome_408	100.0	0.0	RS_GCF_034017875.1	Bacillota	set_a_comp70	2	2817383	70.0
genome_409	71.9068055447208	0.0	RS_GCF_000017885.4	Bacillota	set_a_comp70	3	2663889	70.0
genome_41	51.95283266225332	0.0	RS_GCF_019265005.1	Pseudomonadota	set_a_comp50	4	2556043	50.0
genome_410	69.8805911606643	0.0	RS_GCF_015277975.1	Pseudomonadota	set_a_comp70	33	3823309	70.0
genome_411	89.49806066407639	0.0	RS_GCF_013342985.1	Pseudomonadota	set_a_comp70	3	1063961	70.0
genome_412	69.83180343571401	0.0	RS_GCF_027920345.1	Pseudomonadota	set_a_comp70	43	3712288	70.0
genome_413	67.32178899713946	0.0	RS_GCF_018516925.1	Bacillota	set_a_comp70	8	1980912	70.0
genome_414	79.88483541179251	0.0	RS_GCF_009650115.1	Bacillota	set_a_comp70	1	787718	70.0
genome_415	69.71859410064741	0.0	RS_GCF_003204075.1	Pseudomonadota	set_a_comp70	31	3584189	70.0
genome_416	66.6215189786125	0.0	GB_GCA_017795105.1	Planctomycetota	set_a_comp70	3	4057505	70.0
genome_417	69.46183262798957	0.0	RS_GCF_040735165.1	Actinomycetota	set_a_comp70	39	3058442	70.0
genome_418	58.621174511785625	0.0	RS_GCF_001719125.1	Thermoproteota	set_a_comp70	2	1575923	70.0
genome_419	69.94287812712724	0.0	GB_GCA_019670065.1	Pseudomonadota	set_a_comp70	8	3150265	70.0
genome_42	51.212911649471515	0.0	RS_GCF_014236835.1	Pseudomonadota	set_a_comp50	12	2655433	50.0
genome_420	100.0	0.0	RS_GCF_003173695.1	Bacillota	set_a_comp70	1	1867232	70.0
genome_421	70.02672388924815	0.0	RS_GCF_000056065.1	Bacillota	set_a_comp70	5	1305997	70.0
genome_422	68.56078498167662	0.0	RS_GCF_029958565.3	Spirochaetota	set_a_comp70	3	780895	70.0
genome_423	73.99585096342663	0.0	RS_GCF_041222695.1	Pseudomonadota	set_a_comp70	9	4393699	70.0
genome_424	100.0	0.0	RS_GCF_003584685.1	Bacillota	set_a_comp70	3	1937632	70.0
genome_425	69.74773544540034	0.0	RS_GCF_007005625.1	Campylobacterota	set_a_comp70	7	1532288	70.0
genome_426	71.8641131565421	0.0	RS_GCF_000013225.1	Cyanobacteriota	set_a_comp70	29	2189471	70.0
genome_427	65.19230803838963	0.0	RS_GCF_037897535.1	Fusobacteriota	set_a_comp70	10	1449019	70.0
genome_428	64.37640931091984	0.0	RS_GCF_029371965.1	Pseudomonadota	set_a_comp70	4	2854103	70.0
genome_429	69.12100410838698	0.0	RS_GCF_000023945.1	Halobacteriota	set_a_comp70	14	2154360	70.0
genome_43	51.00672348775029	0.0	RS_GCF_024800105.1	Bacillota	set_a_comp50	16	1048661	50.0
genome_430	73.50014826440785	0.0	RS_GCF_000789395.1	Bacillota	set_a_comp70	5	2453898	70.0
genome_431	71.1341112498764	0.0	RS_GCF_902164635.1	Pseudomonadota	set_a_comp70	10	4280392	70.0
genome_432	69.54752925856671	0.0	GB_GCA_022179705.1	Actinomycetota	set_a_comp70	62	5788404	70.0
genome_433	67.31589913621742	0.0	RS_GCF_002290065.1	Bacteroidota	set_a_comp70	8	5157275	70.0
genome_434	100.0	0.0	RS_GCF_037651215.1	Campylobacterota	set_a_comp70	2	1720120	70.0
genome_435	67.04891964992049	0.0	RS_GCF_900105785.1	Actinomycetota	set_a_comp70	16	2953696	70.0
genome_436	69.07859896879354	0.0	RS_GCF_001605195.1	Pseudomonadota	set_a_comp70	10	2834536	70.0
genome_437	71.8263456010019	0.0	RS_GCF_004353465.2	Spirochaetota	set_a_comp70	4	1110329	70.0
genome_438	56.75907458291706	0.0	RS_GCF_011399095.1	Pseudomonadota	set_a_comp70	4	2338941	70.0
genome_439	90.886484835066	0.0	RS_GCF_037951045.1	Bacillota	set_a_comp70	2	2647646	70.0
genome_44	50.893365245991085	0.0	RS_GCF_033191195.1	Pseudomonadota	set_a_comp50	11	1954976	50.0
genome_440	73.27652940576112	0.0	RS_GCF_016757595.1	Campylobacterota	set_a_comp70	6	1227727	70.0
genome_441	72.3602617667799	0.0	RS_GCF_017948265.1	Pseudomonadota	set_a_comp70	7	3323687	70.0
genome_442	69.63931192265433	0.0	RS_GCF_003814385.1	Bacillota	set_a_comp70	2	1325913	70.0
genome_443	69.02138521555548	0.0	GB_GCA_030316565.1	Pseudomonadota	set_a_comp70	12	3276167	70.0
genome_444	82.61082359103928	0.0	RS_GCF_037623895.1	Pseudomonadota	set_a_comp70	3	3961531	70.0
genome_445	63.50757795294689	0.0	RS_GCF_013374175.1	Campylobacterota	set_a_comp70	2	1089181	70.0
genome_446	77.68971007495904	0.0	RS_GCF_000222975.1	Pseudomonadota	set_a_comp70	4	3619106	70.0
genome_447	69.80113996434918	0.0	RS_GCF_019243695.1	Pseudomonadota	set_a_comp70	37	3012442	70.0
genome_448	70.8021434661338	0.0	GB_GCA_963662315.1	Desulfobacterota	set_a_comp70	9	3334211	70.0
genome_449	71.86101161151026	0.0	RS_GCF_040409895.1	Bacillota	set_a_comp70	13	1799943	70.0
genome_45	50.73860546350376	0.0	RS_GCF_003431325.1	Thermoproteota	set_a_comp50	6	780892	50.0
genome_450	71.49961794755289	0.0	RS_GCF_036670055.1	Bacillota	set_a_comp70	9	1957548	70.0
genome_451	75.97062694457206	0.0	RS_GCF_023921525.1	Pseudomonadota	set_a_comp70	6	3474370	70.0
genome_452	66.92168903938443	0.0	RS_GCF_009497795.1	Bacillota	set_a_comp70	6	2732877	70.0
genome_453	66.7916663563941	0.0	RS_GCF_040790845.2	Pseudomonadota	set_a_comp70	10	1524813	70.0
genome_454	67.54944062002217	0.0	GB_GCA_900636155.1	Pseudomonadota	set_a_comp70	15	3190660	70.0
genome_455	70.4489992815193	0.0	RS_GCF_015140235.1	Bacillota	set_a_comp70	6	1790443	70.0
genome_456	80.48887883334626	0.0	RS_GCF_040369795.1	Bacillota	set_a_comp70	4	1255806	70.0
genome_457	65.49882496384703	0.0	RS_GCF_040931905.1	Bacillota	set_a_comp70	3	1902752	70.0
genome_458	81.94421881245786	0.0	RS_GCF_000834495.1	Pseudomonadota	set_a_comp70	2	3964676	70.0
genome_459	73.9037980013161	0.0	RS_GCF_031582925.1	Bacillota	set_a_comp70	4	2120365	70.0
genome_46	53.50669506615845	0.0	RS_GCF_003855175.1	Pseudomonadota	set_a_comp50	3	1188724	50.0
genome_460	68.25760774206243	0.0	RS_GCF_009739885.1	Bacillota	set_a_comp70	13	1928760	70.0
genome_461	69.3481383628337	0.0	GB_GCA_902167295.1	Bacteroidota	set_a_comp70	14	4414914	70.0
genome_462	68.91229372399347	0.0	RS_GCF_002999135.1	Bacteroidota	set_a_comp70	10	2061053	70.0
genome_463	69.77918210729821	0.0	RS_GCF_009648935.1	Pseudomonadota	set_a_comp70	11	3431385	70.0
genome_464	83.11249339180878	0.0	RS_GCF_024205445.1	Bacteroidota	set_a_comp70	2	3469733	70.0
genome_465	69.61314074610279	0.0	RS_GCF_023822205.1	Bacillota	set_a_comp70	3	1746396	70.0
genome_466	74.62631814471827	0.0	RS_GCF_016629465.1	Bacillota	set_a_comp70	3	2007839	70.0
genome_467	72.47859540744567	0.0	RS_GCF_002201955.1	Bacillota	set_a_comp70	4	2890903	70.0
genome_468	66.85205978182603	0.0	RS_GCF_033128585.1	Campylobacterota	set_a_comp70	2	1188405	70.0
genome_469	77.42135376346957	0.0	RS_GCF_020097755.1	Bacillota	set_a_comp70	3	2175211	70.0
genome_47	60.42950584639462	0.0	RS_GCF_022759785.1	Pseudomonadota	set_a_comp50	3	3221897	50.0
genome_470	100.0	0.0	RS_GCF_002813675.1	Methanobacteriota	set_a_comp70	1	2524329	70.0
genome_471	68.4937270501836	0.0	RS_GCF_031757735.1	Bacillota	set_a_comp70	2	1826514	70.0
genome_472	69.95534574113779	0.0	RS_GCF_018310575.1	Actinomycetota	set_a_comp70	61	5702736	70.0
genome_473	85.51876339177154	0.0	RS_GCF_002073235.2	Pseudomonadota	set_a_comp70	1	2050279	70.0
genome_474	87.81275102628167	0.0	RS_GCF_040436705.1	Pseudomonadota	set_a_comp70	5	4276488	70.0
genome_475	70.34067697305365	0.0	RS_GCF_030064615.2	Pseudomonadota	set_a_comp70	12	3821386	70.0
genome_476	69.94253065965472	0.0	RS_GCF_016618175.1	Pseudomonadota	set_a_comp70	20	3844145	70.0
genome_477	95.62919610312021	0.0	RS_GCF_000590735.1	Chlamydiota	set_a_comp70	1	997205	70.0
genome_478	72.68105876534715	0.0	RS_GCF_900636625.1	Pseudomonadota	set_a_comp70	5	1690089	70.0
genome_479	69.57344825038997	0.0	RS_GCF_014844035.1	Bacteroidota	set_a_comp70	17	3870995	70.0
genome_48	52.68904667956825	0.0	RS_GCF_027594765.1	Bacillota	set_a_comp50	5	1342793	50.0
genome_480	67.20529666928795	0.0	GB_GCA_905219325.2	Pseudomonadota	set_a_comp70	8	3629541	70.0
genome_481	80.78476410401288	0.0	RS_GCF_040271445.1	Bacillota	set_a_comp70	6	2630772	70.0
genome_482	80.18694376452997	0.0	RS_GCF_022925835.1	Campylobacterota	set_a_comp70	7	1252751	70.0
genome_483	100.0	0.0	RS_GCF_000011725.1	Campylobacterota	set_a_comp70	1	1589954	70.0
genome_484	55.37314154279523	0.0	RS_GCF_020616155.1	Pseudomonadota	set_a_comp70	5	2153673	70.0
genome_485	100.0	0.0	RS_GCF_016117655.1	Spirochaetota	set_a_comp70	2	2738066	70.0
genome_486	64.38366885682761	0.0	RS_GCF_002776795.1	Chlamydiota	set_a_comp70	2	674558	70.0
genome_487	59.32319680164536	0.0	RS_GCF_007289895.1	Pseudomonadota	set_a_comp70	6	2887855	70.0
genome_488	66.6501335586763	0.0	RS_GCF_024663255.1	Pseudomonadota	set_a_comp70	13	4653479	70.0
genome_489	79.38993858936655	0.0	RS_GCF_000190635.1	Bacillota	set_a_comp70	4	2704608	70.0
genome_49	61.78628662208813	0.0	GB_GCA_022227015.1	Nitrospirota	set_a_comp50	5	2713899	50.0
genome_490	69.87836625960374	0.0	RS_GCF_018847155.1	Verrucomicrobiota	set_a_comp70	50	1958924	70.0
genome_491	69.26997541527453	0.0	RS_GCF_004919385.1	Pseudomonadota	set_a_comp70	34	3454662	70.0
genome_492	72.18914398662004	0.0	RS_GCF_007035805.1	Pseudomonadota	set_a_comp70	7	3442213	70.0
genome_493	68.37942940304997	0.0	RS_GCF_963920475.1	Cyanobacteriota	set_a_comp70	3	2195152	70.0
genome_494	67.00363154078634	0.0	RS_GCF_038562025.1	Pseudomonadota	set_a_comp70	2	2575501	70.0
genome_495	72.81303920625786	0.0	RS_GCF_002156705.1	Halobacteriota	set_a_comp70	7	2861950	70.0
genome_496	69.92553476131114	0.0	RS_GCF_000262165.1	Actinomycetota	set_a_comp70	49	3925358	70.0
genome_497	100.0	0.0	RS_GCF_002777115.1	Chlamydiota	set_a_comp70	1	1043173	70.0
genome_498	67.58819563636578	0.0	RS_GCF_024181125.1	Spirochaetota	set_a_comp70	3	1836620	70.0
genome_499	69.57792698336017	0.0	RS_GCF_023273895.1	Bacteroidota	set_a_comp70	9	3615036	70.0
genome_5	50.43886407735888	0.0	RS_GCF_021228795.1	Pseudomonadota	set_a_comp50	20	2849759	50.0
genome_50	51.69054909524886	0.0	RS_GCF_016454585.1	Pseudomonadota	set_a_comp50	15	2580982	50.0
genome_500	69.22140399741889	0.0	RS_GCF_900086925.1	Actinomycetota	set_a_comp70	40	1837595	70.0
genome_501	77.591694957615	0.0	RS_GCF_000019785.1	Pseudomonadota	set_a_comp80	10	3809289	80.0
genome_502	56.48943204770607	0.0	RS_GCF_007844035.1	Campylobacterota	set_a_comp80	3	939713	80.0
genome_503	82.19328818676487	0.0	RS_GCF_030721705.1	Bacillota	set_a_comp80	2	1874113	80.0
genome_504	72.82789325493071	0.0	RS_GCF_002953415.1	Deinococcota	set_a_comp80	5	2597937	80.0
genome_505	77.42810233938694	0.0	RS_GCF_947250645.1	Pseudomonadota	set_a_comp80	6	1089871	80.0
genome_506	70.85521562532254	0.0	GB_GCA_963678585.1	Pseudomonadota	set_a_comp80	16	3267698	80.0
genome_507	81.49137829167861	0.0	RS_GCF_000239235.1	Bacillota	set_a_comp80	4	2337876	80.0
genome_508	62.14577977484721	0.0	RS_GCF_009933595.1	Bacillota	set_a_comp80	1	1184992	80.0
genome_509	60.669271090489104	0.0	RS_GCF_019047185.1	Pseudomonadota	set_a_comp80	13	2537414	80.0
genome_51	51.88996846627043	0.0	RS_GCF_002863525.1	Pseudomonadota	set_a_comp50	15	2638292	50.0
genome_510	100.0	0.0	RS_GCF_001433515.1	Campylobacterota	set_a_comp80	6	1631276	80.0
genome_511	72.06781434845104	0.0	RS_GCF_000505685.1	Pseudomonadota	set_a_comp80	31	2828839	80.0
genome_512	75.45008249725936	0.0	RS_GCF_030717765.1	Pseudomonadota	set_a_comp80	7	4276104	80.0
genome_513	79.16634547242437	0.0	RS_GCF_002305875.1	Myxococcota	set_a_comp80	64	9776841	80.0
genome_514	79.4098265303057	0.0	RS_GCF_035928085.1	Pseudomonadota	set_a_comp80	42	4467091	80.0
genome_515	81.74524108000234	0.0	RS_GCF_000736435.1	Actinomycetota	set_a_comp80	8	8271026	80.0
genome_516	86.07893298575647	0.0	RS_GCF_963556565.1	Actinomycetota	set_a_comp80	10	2160867	80.0
genome_517	85.22410499924797	0.0	RS_GCF_900104945.1	Pseudomonadota	set_a_comp80	5	3014455	80.0
genome_518	79.91424109776393	0.0	RS_GCF_022453725.1	Spirochaetota	set_a_comp80	15	4092489	80.0
genome_519	84.65772852068497	0.0	RS_GCF_904830965.1	Pseudomonadota	set_a_comp80	7	4265715	80.0
genome_52	78.19549358060605	0.0	RS_GCF_000014405.1	Bacillota	set_a_comp50	2	1452052	50.0
genome_520	100.0	0.0	RS_GCF_000816185.1	Campylobacterota	set_a_comp80	1	1465081	80.0
genome_521	79.25274099250046	0.0	RS_GCF_022919455.1	Bacteroidota	set_a_comp80	24	3934240	80.0
genome_522	57.757048987580085	0.0	RS_GCF_012225445.1	Campylobacterota	set_a_comp80	2	931374	80.0
genome_523	78.42411404448632	0.0	RS_GCF_022870185.1	Actinomycetota	set_a_comp80	22	3440898	80.0
genome_524	73.68429384851635	0.0	RS_GCF_001676825.1	Pseudomonadota	set_a_comp80	10	4049299	80.0
genome_525	100.0	0.0	RS_GCF_002288385.1	Actinomycetota	set_a_comp80	6	1410107	80.0
genome_526	59.09595205555317	0.0	RS_GCF_000191425.1	Pseudomonadota	set_a_comp80	1	1291165	80.0
genome_527	75.75267616892006	0.0	RS_GCF_017742995.1	Pseudomonadota	set_a_comp80	56	4203994	80.0
genome_528	79.58777994558875	0.0	RS_GCF_003717015.1	Pseudomonadota	set_a_comp80	50	3979736	80.0
genome_529	74.92686378222686	0.0	RS_GCF_030297495.1	Pseudomonadota	set_a_comp80	7	2838076	80.0
genome_53	50.28398587768551	0.0	RS_GCF_009884355.1	Pseudomonadota	set_a_comp50	24	2400560	50.0
genome_530	73.51925379064278	0.0	RS_GCF_003076455.1	Bacteroidota	set_a_comp80	40	3397410	80.0
genome_531	78.49447920595635	0.0	RS_GCF_037904615.1	Fusobacteriota	set_a_comp80	11	1671109	80.0
genome_532	78.90233128856961	0.0	RS_GCF_039555275.1	Pseudomonadota	set_a_comp80	4	1713028	80.0
genome_533	79.73319173656692	0.0	GB_GCA_029448515.1	Pseudomonadota	set_a_comp80	47	4549851	80.0
genome_534	74.3596752696529	0.0	RS_GCF_002935055.1	Pseudomonadota	set_a_comp80	6	4006941	80.0
genome_535	79.99794780764394	0.0	GB_GCA_018141785.1	Cyanobacteriota	set_a_comp80	9	3071758	80.0
genome_536	74.30275918644227	0.0	RS_GCF_019458445.1	Pseudomonadota	set_a_comp80	10	3014350	80.0
genome_537	85.84865107098956	0.0	RS_GCF_025561465.1	Bacillota	set_a_comp80	10	2302666	80.0
genome_538	79.7124971801066	0.0	RS_GCF_019857565.1	Pseudomonadota	set_a_comp80	56	5427439	80.0
genome_539	78.89405721268088	0.0	RS_GCF_020995405.1	Pseudomonadota	set_a_comp80	16	4399520	80.0
genome_54	50.07295870786195	0.0	RS_GCF_000736435.1	Actinomycetota	set_a_comp50	27	5066408	50.0
genome_540	53.486659945625995	0.0	GB_GCA_963665795.1	Thermoplasmatota	set_a_comp80	5	853638	80.0
genome_541	86.38946779710082	0.0	RS_GCF_003045505.1	Bacillota	set_a_comp80	6	2500817	80.0
genome_542	77.11261896414288	0.0	RS_GCF_000626195.1	Pseudomonadota	set_a_comp80	5	3633488	80.0
genome_543	83.7695101916982	0.0	RS_GCF_017751165.1	Spirochaetota	set_a_comp80	4	2542955	80.0
genome_544	79.93142083440787	0.0	RS_GCF_029537135.1	Bacillota	set_a_comp80	19	3232728	80.0
genome_545	76.78663787697663	0.0	RS_GCF_036236015.1	Pseudomonadota	set_a_comp80	26	5479764	80.0
genome_546	77.52790431878607	0.0	GB_GCA_020735665.1	Bacillota	set_a_comp80	7	2295471	80.0
genome_547	77.34460303517817	0.0	RS_GCF_033304595.1	Bacillota	set_a_comp80	6	2477838	80.0
genome_548	77.5853088544357	0.0	GB_GCA_002073515.2	Bacillota	set_a_comp80	16	1793417	80.0
genome_549	100.0	0.0	RS_GCF_030370155.1	Pseudomonadota	set_a_comp80	4	2828637	80.0
genome_55	62.85276608608702	0.0	RS_GCF_037651215.1	Campylobacterota	set_a_comp50	2	1081143	50.0
genome_550	79.94921057150896	0.0	RS_GCF_000785005.1	Pseudomonadota	set_a_comp80	21	4376084	80.0
genome_551	77.98164821051074	0.0	GB_GCA_000597885.1	Bacteroidota	set_a_comp80	15	5197958	80.0
genome_552	79.26612009178334	0.0	RS_GCF_014884745.1	Pseudomonadota	set_a_comp80	11	4304293	80.0
genome_553	84.2541242753731	0.0	RS_GCF_035621415.1	Bacillota	set_a_comp80	10	1670108	80.0
genome_554	78.95218786039379	0.0	GB_GCA_963665885.1	Bacteroidota	set_a_comp80	29	3197082	80.0
genome_555	83.70163586010543	0.0	RS_GCF_000827065.1	Bacillota	set_a_comp80	8	3511369	80.0
genome_556	77.6166300413797	0.0	RS_GCF_002447255.1	Actinomycetota	set_a_comp80	17	3423935	80.0
genome_557	100.0	0.0	RS_GCF_014055005.1	Pseudomonadota	set_a_comp80	2	2755930	80.0
genome_558	79.25685767117857	0.0	RS_GCF_001683415.1	Pseudomonadota	set_a_comp80	22	3240782	80.0
genome_559	79.83812000681337	0.0	RS_GCF_041765085.1	Bacillota	set_a_comp80	32	2306073	80.0
genome_56	50.184781684523415	0.0	RS_GCF_023509015.1	Pseudomonadota	set_a_comp50	56	3370291	50.0
genome_560	100.0	0.0	RS_GCF_000192335.1	Campylobacterota	set_a_comp80	2	1562832	80.0
genome_561	68.08205292102586	0.0	RS_GCF_041438725.1	Actinomycetota	set_a_comp80	25	6203220	80.0
genome_562	87.92745516549509	0.0	RS_GCF_008642335.1	Actinomycetota	set_a_comp80	10	7076537	80.0
genome_563	100.0	0.0	RS_GCF_002777155.1	Chlamydiota	set_a_comp80	2	1048306	80.0
genome_564	78.68674358536005	0.0	RS_GCF_002874965.1	Pseudomonadota	set_a_comp80	30	5421962	80.0
genome_565	71.48134253127017	0.0	GB_GCA_030584065.1	Bacteroidota	set_a_comp80	21	2800832	80.0
genome_566	76.53145692598885	0.0	RS_GCF_002968335.2	Actinomycetota	set_a_comp80	14	4581972	80.0
genome_567	74.4251495265296	0.0	RS_GCF_030177875.1	Pseudomonadota	set_a_comp80	2	1638556	80.0
genome_568	78.37546617182299	0.0	RS_GCF_003028755.1	Pseudomonadota	set_a_comp80	25	3691410	80.0
genome_569	69.68878427608752	0.0	RS_GCF_018310575.1	Actinomycetota	set_a_comp80	21	5681006	80.0
genome_57	51.56951560298096	0.0	RS_GCF_040790885.1	Pseudomonadota	set_a_comp50	10	2579173	50.0
genome_570	88.80753956887388	0.0	RS_GCF_002215485.1	Thermoproteota	set_a_comp80	4	2030770	80.0
genome_571	79.97765327447752	0.0	RS_GCF_034043215.1	Bacillota	set_a_comp80	37	2203913	80.0
genome_572	84.71198894959863	0.0	RS_GCF_016766735.1	Actinomycetota	set_a_comp80	6	2210251	80.0
genome_573	79.7248783859233	0.0	RS_GCF_001605195.1	Pseudomonadota	set_a_comp80	35	3271390	80.0
genome_574	53.17075660084313	0.0	RS_GCF_001305655.1	Halobacteriota	set_a_comp80	3	1198203	80.0
genome_575	60.82486333711174	0.0	RS_GCF_018798845.1	Pseudomonadota	set_a_comp80	4	3097258	80.0
genome_576	76.45392558643547	0.0	RS_GCF_900104925.1	Verrucomicrobiota	set_a_comp80	19	3173513	80.0
genome_577	100.0	0.0	RS_GCF_020978285.1	Bacillota	set_a_comp80	4	2483413	80.0
genome_578	82.75607644347514	0.0	RS_GCF_037893165.1	Bacteroidota	set_a_comp80	23	6711728	80.0
genome_579	81.62489873683579	0.0	RS_GCF_001703555.1	Bacillota	set_a_comp80	6	2176381	80.0
genome_58	55.17223140040305	0.0	RS_GCF_016454325.1	Pseudomonadota	set_a_comp50	5	2722423	50.0
genome_580	75.35972004482227	0.0	RS_GCF_000292915.1	Pseudomonadota	set_a_comp80	10	4873755	80.0
genome_581	83.99604965472007	0.0	RS_GCF_022869865.1	Actinomycetota	set_a_comp80	4	2909624	80.0
genome_582	79.5652449391788	0.0	RS_GCF_024734295.1	Pseudomonadota	set_a_comp80	33	4407726	80.0
genome_583	89.72429727294623	0.0	RS_GCF_030533745.1	Bacillota	set_a_comp80	2	2514501	80.0
genome_584	100.0	0.0	RS_GCF_018987365.1	Bacillota	set_a_comp80	4	2789576	80.0
genome_585	78.84087885235947	0.0	RS_GCF_900636705.1	Pseudomonadota	set_a_comp80	26	3893761	80.0
genome_586	75.25773975527376	0.0	RS_GCF_000468915.2	Campylobacterota	set_a_comp80	1	1293667	80.0
genome_587	81.01230663285898	0.0	RS_GCF_031326265.1	Pseudomonadota	set_a_comp80	5	4783272	80.0
genome_588	81.5781516790781	0.0	RS_GCF_001650215.1	Actinomycetota	set_a_comp80	31	9089662	80.0
genome_589	82.79090416412453	0.0	RS_GCF_022637495.1	Pseudomonadota	set_a_comp80	10	2914773	80.0
genome_59	50.097986327984366	0.0	RS_GCF_036035005.1	Actinomycetota	set_a_comp50	30	4752048	50.0
genome_590	79.59995467016354	0.0	RS_GCF_000292795.1	Pseudomonadota	set_a_comp80	72	5015184	80.0
genome_591	100.0	0.0	RS_GCF_001509195.1	Bacillota	set_a_comp80	1	801203	80.0
genome_592	78.39817402037552	0.0	RS_GCF_029277625.1	Pseudomonadota	set_a_comp80	17	4442899	80.0
genome_593	78.12994118047583	0.0	RS_GCF_030734165.1	Pseudomonadota	set_a_comp80	10	4337429	80.0
genome_594	79.64143643612795	0.0	RS_GCF_024298785.1	Pseudomonadota	set_a_comp80	27	4044357	80.0
genome_595	78.4979758864248	0.0	RS_GCF_024137905.1	Pseudomonadota	set_a_comp80	14	3840329	80.0
genome_596	93.69050477019414	0.0	RS_GCF_016803835.1	Bacillota	set_a_comp80	7	3543596	80.0
genome_597	80.41404791349008	0.0	RS_GCF_016105505.1	Pseudomonadota	set_a_comp80	30	5755387	80.0
genome_598	81.61606386942736	0.0	RS_GCF_004771435.1	Actinomycetota	set_a_comp80	11	1907791	80.0
genome_599	66.17518458120566	0.0	RS_GCF_013127315.1	Actinomycetota	set_a_comp80	7	2793103	80.0
genome_6	64.55093575449384	0.0	RS_GCF_035666175.1	Bacteroidota	set_a_comp50	2	1661381	50.0
genome_60	52.511194703542564	0.0	RS_GCF_002243305.1	Bacillota	set_a_comp50	2	1230258	50.0
genome_600	64.39091079024031	0.0	RS_GCF_902381645.1	Fusobacteriota	set_a_comp80	7	1460561	80.0
genome_601	82.73732804895417	0.0	RS_GCF_014302295.1	Bacillota	set_a_comp80	7	4211723	80.0
genome_602	71.90173786365061	0.0	RS_GCF_002290065.1	Bacteroidota	set_a_comp80	24	5508610	80.0
genome_603	88.23624747062085	0.0	RS_GCF_040194315.2	Pseudomonadota	set_a_comp80	5	4464350	80.0
genome_604	78.49065013961877	0.0	RS_GCF_032929295.1	Pseudomonadota	set_a_comp80	4	4226176	80.0
genome_605	60.35202873833647	0.0	RS_GCF_013394675.1	Bacteroidota	set_a_comp80	6	2735781	80.0
genome_606	77.93085066006032	0.0	RS_GCF_028748185.1	Planctomycetota	set_a_comp80	29	5420658	80.0
genome_607	78.92922618281605	0.0	RS_GCF_007752345.1	Planctomycetota	set_a_comp80	34	4115418	80.0
genome_608	77.06691076298962	0.0	RS_GCF_016776265.1	Pseudomonadota	set_a_comp80	7	3922547	80.0
genome_609	75.54192977083535	0.0	GB_GCA_000306725.1	Halobacteriota	set_a_comp80	39	2321229	80.0
genome_61	55.719817100474586	0.0	RS_GCF_033392255.1	Pseudomonadota	set_a_comp50	8	3496618	50.0
genome_610	100.0	0.0	RS_GCF_015475955.1	Pseudomonadota	set_a_comp80	3	2538293	80.0
genome_611	77.77545707222934	0.0	RS_GCF_002847305.1	Pseudomonadota	set_a_comp80	9	3075814	80.0
genome_612	84.20266867807176	0.0	RS_GCF_029910515.1	Pseudomonadota	set_a_comp80	9	3777682	80.0
genome_613	78.9966278242839	0.0	RS_GCF_000317495.1	Cyanobacteriota	set_a_comp80	48	4439932	80.0
genome_614	77.56892856255836	0.0	RS_GCF_012275165.1	Bacillota	set_a_comp80	8	3029477	80.0
genome_615	69.24844328129231	0.0	RS_GCF_003999795.1	Pseudomonadota	set_a_comp80	11	3453039	80.0
genome_616	100.0	0.0	RS_GCF_009362935.1	Bacillota	set_a_comp80	2	1894710	80.0
genome_617	56.96420590625528	0.0	GB_GCA_000200715.1	Thermoproteota	set_a_comp80	1	1164967	80.0
genome_618	74.33365094898406	0.0	RS_GCF_001565875.1	Bacillota	set_a_comp80	4	3117366	80.0
genome_619	75.26988423972362	0.0	RS_GCF_002214485.1	Methanobacteriota_B	set_a_comp80	3	1344074	80.0
genome_62	100.0	0.0	RS_GCF_030062395.1	Bacillota	set_a_comp50	2	1897301	50.0
genome_620	82.5256969124594	0.0	RS_GCF_002238335.1	Campylobacterota	set_a_comp80	4	1434819	80.0
genome_621	72.42940764545669	0.0	RS_GCF_018846995.1	Verrucomicrobiota	set_a_comp80	14	2290982	80.0
genome_622	77.36475709003982	0.0	RS_GCF_031326285.1	Pseudomonadota	set_a_comp80	7	4442829	80.0
genome_623	100.0	0.0	RS_GCF_020388215.1	Bacillota	set_a_comp80	1	2766976	80.0
genome_624	100.0	0.0	RS_GCF_016117655.1	Spirochaetota	set_a_comp80	4	2738066	80.0
genome_625	93.39364332708668	0.0	RS_GCF_016406445.1	Bacillota	set_a_comp80	9	2907473	80.0
genome_626	76.88193402886107	0.0	RS_GCF_022870925.1	Pseudomonadota	set_a_comp80	3	2865944	80.0
genome_627	89.2803780423278	0.0	RS_GCF_030845215.1	Bacillota	set_a_comp80	7	1953935	80.0
genome_628	79.85787963570388	0.0	RS_GCF_014844095.1	Bacillota	set_a_comp80	50	4384755	80.0
genome_629	79.02070692145561	0.0	RS_GCF_026153095.1	Actinomycetota	set_a_comp80	45	6957680	80.0
genome_63	50.59193638566193	0.0	RS_GCF_035972075.1	Pseudomonadota	set_a_comp50	36	2035946	50.0
genome_630	79.15157151817698	0.0	RS_GCF_002012225.1	Pseudomonadota	set_a_comp80	33	4430548	80.0
genome_631	76.81123939200432	0.0	RS_GCF_002886405.1	Actinomycetota	set_a_comp80	12	3388461	80.0
genome_632	78.9828113493677	0.0	RS_GCF_037969915.1	Bacillota	set_a_comp80	27	4122868	80.0
genome_633	81.8948396253708	0.0	RS_GCF_037494685.1	Bacillota	set_a_comp80	5	2890186	80.0
genome_634	81.27223208801556	0.0	RS_GCF_030490205.1	Pseudomonadota	set_a_comp80	10	4474945	80.0
genome_635	79.25992369328114	0.0	RS_GCF_021166435.1	Pseudomonadota	set_a_comp80	8	4409289	80.0
genome_636	73.90469555199203	0.0	RS_GCF_011306595.1	Bacillota	set_a_comp80	3	1898789	80.0
genome_637	76.63035856368883	0.0	RS_GCF_031767055.1	Actinomycetota	set_a_comp80	33	6409413	80.0
genome_638	79.05238085263427	0.0	RS_GCF_963920465.1	Cyanobacteriota	set_a_comp80	29	2226636	80.0
genome_639	85.2833835462884	0.0	RS_GCF_037889195.1	Fusobacteriota	set_a_comp80	7	1832044	80.0
genome_64	65.49368618408921	0.0	RS_GCF_003641245.1	Actinomycetota	set_a_comp50	6	1793764	50.0
genome_640	100.0	0.0	GB_GCA_022409555.1	Pseudomonadota	set_a_comp80	4	4128172	80.0
genome_641	84.38844279291281	0.0	RS_GCF_033344055.1	Bacillota	set_a_comp80	8	1675530	80.0
genome_642	66.56145462756014	0.0	RS_GCF_000021185.1	Bacillota	set_a_comp80	4	1981010	80.0
genome_643	78.6889750000285	0.0	RS_GCF_003950275.1	Campylobacterota	set_a_comp80	4	1380458	80.0
genome_644	79.4712982413299	0.0	RS_GCF_022918835.1	Pseudomonadota	set_a_comp80	65	4295825	80.0
genome_645	100.0	0.0	RS_GCF_039862785.1	Pseudomonadota	set_a_comp80	5	3177540	80.0
genome_646	86.06203067011458	0.0	RS_GCF_014109785.1	Pseudomonadota	set_a_comp80	17	5873410	80.0
genome_647	82.82320041055151	0.0	RS_GCF_030316195.1	Pseudomonadota	set_a_comp80	35	3897548	80.0
genome_648	77.43102666892976	0.0	RS_GCF_025144995.1	Bacteroidota	set_a_comp80	5	2212549	80.0
genome_649	76.85198457598705	0.0	RS_GCF_003390475.1	Bacillota	set_a_comp80	13	2267889	80.0
genome_65	54.350176761615344	0.0	RS_GCF_003325455.1	Actinomycetota	set_a_comp50	9	1865772	50.0
genome_650	73.18386271666485	0.0	RS_GCF_901544215.1	Bacillota	set_a_comp80	3	1605400	80.0
genome_651	76.98823573338541	0.0	RS_GCF_021497545.1	Bacillota	set_a_comp80	10	3216627	80.0
genome_652	68.97126532454575	0.0	RS_GCF_000875755.1	Bacillota	set_a_comp80	1	617328	80.0
genome_653	77.76658967765098	0.0	RS_GCF_023735495.1	Pseudomonadota	set_a_comp80	7	4132655	80.0
genome_654	80.44082553261937	0.0	GB_GCA_024397275.1	Bacillota	set_a_comp80	3	3410946	80.0
genome_655	76.63461276602281	0.0	RS_GCF_002741845.3	Spirochaetota	set_a_comp80	10	1097459	80.0
genome_656	93.14046236781698	0.0	RS_GCF_019175445.1	Bacillota	set_a_comp80	3	2488498	80.0
genome_657	82.67280140883489	0.0	RS_GCF_012151035.1	Bacteroidota	set_a_comp80	12	5194972	80.0
genome_658	77.03149725203258	0.0	RS_GCF_015767915.1	Actinomycetota	set_a_comp80	35	6070367	80.0
genome_659	84.47256308755765	0.0	RS_GCF_001697745.1	Pseudomonadota	set_a_comp80	4	1836469	80.0
genome_66	54.225774696134245	0.0	RS_GCF_012273215.1	Bacillota	set_a_comp50	19	1128671	50.0
genome_660	86.96083870794754	0.0	RS_GCF_019974355.1	Deinococcota	set_a_comp80	1	2108109	80.0
genome_661	78.80909609688347	0.0	RS_GCF_026723845.1	Pseudomonadota	set_a_comp80	18	1941719	80.0
genome_662	77.13383080770454	0.0	RS_GCF_001583825.1	Bacillota	set_a_comp80	8	1532316	80.0
genome_663	77.01026397860446	0.0	RS_GCF_001729265.2	Pseudomonadota	set_a_comp80	19	3019718	80.0
genome_664	78.5443872086927	0.0	RS_GCF_041320635.1	Pseudomonadota	set_a_comp80	24	4313126	80.0
genome_665	78.9159533802972	0.0	GB_GCA_002848525.1	Actinomycetota	set_a_comp80	24	6334713	80.0
genome_666	64.55824842471263	0.0	RS_GCF_014279535.1	Cyanobacteriota	set_a_comp80	3	1414080	80.0
genome_667	68.57902307575704	0.0	GB_GCA_002838205.1	Bacillota	set_a_comp80	8	1479386	80.0
genome_668	86.36407340566043	0.0	RS_GCF_040735115.1	Actinomycetota	set_a_comp90	11	3826457	90.0
genome_669	57.2172475024342	0.0	RS_GCF_016117655.1	Spirochaetota	set_a_comp90	13	1566646	90.0
genome_67	60.01492822302071	0.0	GB_GCA_001593225.1	Actinomycetota	set_a_comp50	4	2696772	50.0
genome_670	100.0	0.0	RS_GCF_949793775.1	Bacillota	set_a_comp90	3	2160706	90.0
genome_671	87.17619108412978	0.0	RS_GCF_022376295.1	Cyanobacteriota	set_a_comp90	17	4752560	90.0
genome_672	89.65843212283166	0.0	RS_GCF_030718995.1	Actinomycetota	set_a_comp90	30	4167488	90.0
genome_673	77.58087510968686	0.0	RS_GCF_009709055.1	Pseudomonadota	set_a_comp90	21	2725735	90.0
genome_674	61.57589374845417	0.0	RS_GCF_000092565.1	Spirochaetota	set_a_comp90	10	2892918	90.0
genome_675	100.0	0.0	RS_GCF_900149535.2	Chlamydiota	set_a_comp90	1	1083861	90.0
genome_676	88.55362320176631	0.0	RS_GCF_007182855.1	Deinococcota	set_a_comp90	13	1921162	90.0
genome_677	95.73602106985186	0.0	RS_GCF_016584425.1	Pseudomonadota	set_a_comp90	1	1213725	90.0
genome_678	75.84743379138914	0.0	RS_GCF_035621735.1	Bacillota	set_a_comp90	15	3060739	90.0
genome_679	87.64979846481836	0.0	RS_GCF_002968335.2	Actinomycetota	set_a_comp90	11	5247632	90.0
genome_68	54.48454706593454	0.0	RS_GCF_000145235.1	Actinomycetota	set_a_comp50	5	3827844	50.0
genome_680	75.46152693779838	0.0	RS_GCF_016757595.1	Campylobacterota	set_a_comp90	4	1264336	90.0
genome_681	82.07530785925448	0.0	RS_GCF_019056515.1	Actinomycetota	set_a_comp90	14	2948997	90.0
genome_682	67.81056969463113	0.0	RS_GCF_018798905.1	Pseudomonadota	set_a_comp90	5	1504309	90.0
genome_683	67.05331051482592	0.0	RS_GCF_029339095.1	Bacillota	set_a_comp90	6	2416663	90.0
genome_684	79.35798771168496	0.0	RS_GCF_023517235.1	Pseudomonadota	set_a_comp90	22	3232231	90.0
genome_685	83.29227539737596	0.0	RS_GCF_002950255.1	Pseudomonadota	set_a_comp90	23	4151975	90.0
genome_686	98.69446510458191	0.0	RS_GCF_964028105.1	Pseudomonadota	set_a_comp90	5	1475577	90.0
genome_687	86.96737006439548	0.0	RS_GCF_030127065.1	Pseudomonadota	set_a_comp90	35	4338409	90.0
genome_688	72.39097287674102	0.0	RS_GCF_003717635.1	Pseudomonadota	set_a_comp90	27	3456307	90.0
genome_689	100.0	0.0	RS_GCF_000023945.1	Halobacteriota	set_a_comp90	5	3116795	90.0
genome_69	61.15728430073629	0.0	RS_GCF_001997295.1	Actinomycetota	set_a_comp50	3	1971032	50.0
genome_690	58.05286451306265	0.0	RS_GCF_035920425.1	Actinomycetota	set_a_comp90	5	4255441	90.0
genome_691	88.46434035073504	0.0	RS_GCF_036178565.1	Actinomycetota	set_a_comp90	28	8100930	90.0
genome_692	85.2224081969735	0.0	RS_GCF_017751165.1	Spirochaetota	set_a_comp90	42	2587060	90.0
genome_693	63.658130563581224	0.0	GB_GCA_904863165.1	Pseudomonadota	set_a_comp90	16	3220976	90.0
genome_694	89.9299361527338	0.0	RS_GCF_030285645.1	Actinomycetota	set_a_comp90	28	9359593	90.0
genome_695	89.54249950824357	0.0	RS_GCF_029713965.1	Pseudomonadota	set_a_comp90	7	3618981	90.0
genome_696	84.99828323453738	0.0	RS_GCF_028743715.1	Actinomycetota	set_a_comp90	9	2809733	90.0
genome_697	83.94801366051219	0.0	RS_GCF_024734295.1	Pseudomonadota	set_a_comp90	19	4650521	90.0
genome_698	94.3937397841961	0.0	GB_GCA_016916535.1	Bacteroidota	set_a_comp90	6	3274415	90.0
genome_699	77.77659285960462	0.0	RS_GCF_016127235.1	Bacillota	set_a_comp90	7	2202546	90.0
genome_7	62.66323115224861	0.0	RS_GCF_011404355.1	Pseudomonadota	set_a_comp50	2	2952422	50.0
genome_70	91.55195340374381	0.0	RS_GCF_000212395.1	Thermodesulfobiota	set_a_comp50	2	1738448	50.0
genome_700	87.73458180902416	0.0	RS_GCF_002201875.1	Bacillota	set_a_comp90	21	3651029	90.0
genome_701	100.0	0.0	GB_GCA_008026175.1	Campylobacterota	set_a_comp90	5	1693680	90.0
genome_702	68.62539653200817	0.0	RS_GCF_002935055.1	Pseudomonadota	set_a_comp90	19	3697944	90.0
genome_703	75.30249775080438	0.0	RS_GCF_012149945.1	Pseudomonadota	set_a_comp90	49	3950610	90.0
genome_704	85.42765930931604	0.0	GB_GCA_014169635.1	Pseudomonadota	set_a_comp90	16	4133548	90.0
genome_705	88.81773000810126	0.0	RS_GCF_002863525.1	Pseudomonadota	set_a_comp90	20	4515846	90.0
genome_706	76.77552705666912	0.0	RS_GCF_017165075.1	Pseudomonadota	set_a_comp90	19	4306542	90.0
genome_707	81.28856787624858	0.0	RS_GCF_003544935.1	Campylobacterota	set_a_comp90	10	2276553	90.0
genome_708	100.0	0.0	RS_GCF_029201365.1	Spirochaetota	set_a_comp90	3	1139545	90.0
genome_709	62.97017495486965	0.0	GB_GCA_014075315.1	Thermoproteota	set_a_comp90	2	1210419	90.0
genome_71	100.0	0.0	RS_GCF_000018605.1	Thermotogota	set_a_comp50	2	2169548	50.0
genome_710	94.75513535194476	0.0	RS_GCF_029223725.1	Bacillota	set_a_comp90	5	2041109	90.0
genome_711	85.31380126890072	0.0	RS_GCF_004015245.1	Verrucomicrobiota	set_a_comp90	9	2388301	90.0
genome_712	100.0	0.0	RS_GCF_037938425.1	Pseudomonadota	set_a_comp90	6	4888161	90.0
genome_713	88.26464332609446	0.0	RS_GCF_016803555.1	Bacteroidota	set_a_comp90	35	2524796	90.0
genome_714	63.39514087366611	0.0	RS_GCF_000355695.1	Actinomycetota	set_a_comp90	5	1942171	90.0
genome_715	100.0	0.0	RS_GCF_040931975.1	Bacillota	set_a_comp90	5	2868358	90.0
genome_716	68.95782142203325	0.0	RS_GCF_001697745.1	Pseudomonadota	set_a_comp90	3	1499172	90.0
genome_717	82.9066504184055	0.0	RS_GCF_018866305.1	Actinomycetota	set_a_comp90	6	3245186	90.0
genome_718	73.39513036171766	0.0	RS_GCF_003433275.1	Pseudomonadota	set_a_comp90	4	4101932	90.0
genome_719	84.64493516070878	0.0	RS_GCF_036013545.1	Actinomycetota	set_a_comp90	52	8525812	90.0
genome_72	51.63956330061804	0.0	RS_GCF_036227005.1	Actinomycetota	set_a_comp50	10	4284186	50.0
genome_720	100.0	0.0	RS_GCF_011600855.2	Campylobacterota	set_a_comp90	4	1782312	90.0
genome_721	87.87672292512963	0.0	RS_GCF_003671995.1	Actinomycetota	set_a_comp90	9	1698382	90.0
genome_722	85.9319809528447	0.0	GB_GCA_902167295.1	Bacteroidota	set_a_comp90	7	5470692	90.0
genome_723	91.27838763053285	0.0	RS_GCF_900639355.1	Bacillota	set_a_comp90	9	2874633	90.0
genome_724	76.65672443330661	0.0	RS_GCF_003570765.1	Pseudomonadota	set_a_comp90	16	3859732	90.0
genome_725	77.68968536230823	0.0	RS_GCF_002258175.2	Pseudomonadota	set_a_comp90	16	4477659	90.0
genome_726	85.82070179986806	0.0	RS_GCF_041734105.1	Bacillota	set_a_comp90	7	2522503	90.0
genome_727	86.60173496643621	0.0	RS_GCF_001750065.2	Actinomycetota	set_a_comp90	13	5481921	90.0
genome_728	100.0	0.0	RS_GCF_019056535.1	Chlamydiota	set_a_comp90	2	1155096	90.0
genome_729	90.46413781347452	0.0	RS_GCF_003999795.1	Pseudomonadota	set_a_comp90	7	4510949	90.0
genome_73	55.1841669732575	0.0	RS_GCF_016455265.1	Bacillota	set_a_comp50	3	1441443	50.0
genome_730	59.59010613786844	0.0	RS_GCF_017498485.1	Bacteroidota	set_a_comp90	18	2318132	90.0
genome_731	100.0	0.0	RS_GCF_000190315.1	Thermoproteota	set_a_comp90	4	2298983	90.0
genome_732	56.624420574146384	0.0	RS_GCF_016802405.1	Pseudomonadota	set_a_comp90	6	1280076	90.0
genome_733	98.54332936897433	0.0	RS_GCF_040746335.1	Bdellovibrionota	set_a_comp90	3	3727769	90.0
genome_734	88.416860552811	0.0	RS_GCF_001700595.1	Pseudomonadota	set_a_comp90	16	4496023	90.0
genome_735	89.4649649057736	0.0	RS_GCF_900174485.1	Pseudomonadota	set_a_comp90	17	2776292	90.0
genome_736	85.62425936139522	0.0	RS_GCF_002216125.1	Bacillota	set_a_comp90	10	4795593	90.0
genome_737	100.0	0.0	RS_GCF_022925295.1	Campylobacterota	set_a_comp90	4	1620723	90.0
genome_738	78.44008474174603	0.0	RS_GCF_030062915.1	Bacillota	set_a_comp90	9	1754267	90.0
genome_739	69.7600935653842	0.0	RS_GCF_012889735.1	Campylobacterota	set_a_comp90	2	1153555	90.0
genome_74	59.554724832702135	0.0	RS_GCF_023657935.1	Pseudomonadota	set_a_comp50	3	3018000	50.0
genome_740	79.53896743465519	0.0	RS_GCF_001900575.1	Pseudomonadota	set_a_comp90	12	3720401	90.0
genome_741	89.1966663753494	0.0	RS_GCF_037099745.1	Pseudomonadota	set_a_comp90	5	4358018	90.0
genome_742	88.1609396738277	0.0	RS_GCF_000225265.1	Bacillota	set_a_comp90	15	4474426	90.0
genome_743	88.63880735778339	0.0	RS_GCF_003265005.1	Actinomycetota	set_a_comp90	17	3916558	90.0
genome_744	85.77236319153936	0.0	RS_GCF_000092525.1	Pseudomonadota	set_a_comp90	24	4336064	90.0
genome_745	100.0	0.0	RS_GCF_038396715.1	Bacillota	set_a_comp90	4	1912403	90.0
genome_746	89.16915841715634	0.0	RS_GCF_024330025.2	Pseudomonadota	set_a_comp90	35	4230472	90.0
genome_747	85.03490617248792	0.0	RS_GCF_008807855.1	Pseudomonadota	set_a_comp90	60	6204867	90.0
genome_748	66.95142744550267	0.0	RS_GCF_036322935.1	Bacillota	set_a_comp90	4	1372756	90.0
genome_749	91.67879034815752	0.0	RS_GCF_027920345.1	Pseudomonadota	set_a_comp90	9	4873683	90.0
genome_75	52.013775889717905	0.0	GB_GCA_022179705.1	Actinomycetota	set_a_comp50	6	4329079	50.0
genome_750	87.83041082411364	0.0	RS_GCF_013003965.1	Pseudomonadota	set_a_comp90	6	4007829	90.0
genome_751	90.61351892314991	0.0	RS_GCF_013374155.1	Campylobacterota	set_a_comp90	15	1610301	90.0
genome_752	100.0	0.0	RS_GCF_001272915.1	Bacillota	set_a_comp90	1	817156	90.0
genome_753	80.79751768760534	0.0	RS_GCF_009938095.1	Bacteroidota	set_a_comp90	25	3433560	90.0
genome_754	86.16502412147113	0.0	RS_GCF_018243215.1	Pseudomonadota	set_a_comp90	32	4906856	90.0
genome_755	66.70194865894872	0.0	RS_GCF_000092745.1	Chlamydiota	set_a_comp90	2	695718	90.0
genome_756	100.0	0.0	RS_GCF_013008635.1	Bacillota	set_a_comp90	1	815486	90.0
genome_757	100.0	0.0	RS_GCF_012273215.1	Bacillota	set_a_comp90	4	2081429	90.0
genome_758	100.0	0.0	RS_GCF_000508025.1	Chlamydiota	set_a_comp90	3	1106034	90.0
genome_759	92.07691169237164	0.0	RS_GCF_010092985.1	Bacteroidota	set_a_comp90	6	4000391	90.0
genome_76	51.0994591187988	0.0	RS_GCF_036227265.1	Actinomycetota	set_a_comp50	25	4290841	50.0
genome_760	86.20084813885988	0.0	RS_GCF_007290395.2	Pseudomonadota	set_a_comp90	104	6267849	90.0
genome_761	100.0	0.0	RS_GCF_016455265.1	Bacillota	set_a_comp90	3	2612059	90.0
genome_762	100.0	0.0	RS_GCF_001688685.2	Bacillota	set_a_comp90	2	2044771	90.0
genome_763	79.07678471523512	0.0	RS_GCF_001558255.2	Pseudomonadota	set_a_comp90	11	3161837	90.0
genome_764	71.39055523922356	0.0	RS_GCF_017161155.1	Pseudomonadota	set_a_comp90	12	4102404	90.0
genome_765	89.69800199812545	0.0	RS_GCF_030517775.1	Bacillota	set_a_comp90	12	5080772	90.0
genome_766	100.0	0.0	RS_GCF_033783015.1	Actinomycetota	set_a_comp90	4	2404817	90.0
genome_767	88.12507880412166	0.0	RS_GCF_029371965.1	Pseudomonadota	set_a_comp90	46	3906991	90.0
genome_768	73.59857521459176	0.0	RS_GCF_002197425.1	Bacillota	set_a_comp90	8	1557942	90.0
genome_769	87.93409251894407	0.0	RS_GCF_932527465.1	Actinomycetota	set_a_comp90	1	3894331	90.0
genome_77	56.31149861081109	0.0	GB_GCA_014844835.1	Pseudomonadota	set_a_comp50	3	1209580	50.0
genome_770	76.99050487740668	0.0	RS_GCF_018847155.1	Verrucomicrobiota	set_a_comp90	5	2158301	90.0
genome_771	74.09328334222046	0.0	RS_GCF_036346895.1	Actinomycetota	set_a_comp90	12	6373748	90.0
genome_772	100.0	0.0	RS_GCF_000211475.1	Methanobacteriota_B	set_a_comp90	2	1861320	90.0
genome_773	100.0	0.0	RS_GCF_002103235.2	Bacillota	set_a_comp90	6	3037137	90.0
genome_774	89.67162132180577	0.0	RS_GCF_918419245.1	Actinomycetota	set_a_comp90	11	3964950	90.0
genome_775	76.30088100237036	0.0	RS_GCF_900096795.1	Pseudomonadota	set_a_comp90	2	3538931	90.0
genome_776	82.95231274930356	0.0	RS_GCF_024663255.1	Pseudomonadota	set_a_comp90	50	5791689	90.0
genome_777	81.3119416610957	0.0	RS_GCF_017301855.1	Pseudomonadota	set_a_comp90	20	3805816	90.0
genome_778	65.31962283715018	0.0	RS_GCF_016406445.1	Bacillota	set_a_comp90	4	2033490	90.0
genome_779	87.01335569391269	0.0	RS_GCF_040616535.1	Pseudomonadota	set_a_comp90	33	4174665	90.0
genome_78	60.10633505168237	0.0	RS_GCF_030730745.2	Bacillota	set_a_comp50	5	1754436	50.0
genome_780	67.48086695186932	0.0	RS_GCF_001953695.1	Pseudomonadota	set_a_comp90	12	3278896	90.0
genome_781	75.01223263710128	0.0	RS_GCF_002142635.1	Pseudomonadota	set_a_comp90	7	3702279	90.0
genome_782	84.22917674011597	0.0	RS_GCF_025369795.1	Pseudomonadota	set_a_comp90	15	4569213	90.0
genome_783	53.469707923004705	0.0	RS_GCF_002762115.1	Pseudomonadota	set_a_comp90	3	2139030	90.0
genome_784	84.90681268739442	0.0	RS_GCF_016904115.1	Pseudomonadota	set_a_comp90	52	4421040	90.0
genome_785	85.24851378658255	0.0	RS_GCF_002843505.1	Bacillota	set_a_comp90	9	3445444	90.0
genome_786	100.0	0.0	RS_GCF_033097225.1	Campylobacterota	set_a_comp90	2	1646782	90.0
genome_787	88.45581819833484	0.0	RS_GCF_041860435.1	Pseudomonadota	set_a_comp90	28	5024478	90.0
genome_788	83.81400825661926	0.0	GB_GCA_030583965.1	Chloroflexota	set_a_comp90	53	2993771	90.0
genome_789	81.37031182379336	0.0	RS_GCF_002968735.1	Pseudomonadota	set_a_comp90	17	4465501	90.0
genome_79	70.46955654276083	0.0	RS_GCF_029011455.1	Bacillota	set_a_comp50	1	1373248	50.0
genome_790	76.58888047013602	0.0	RS_GCF_000187935.1	Bacillota	set_a_comp90	9	1657751	90.0
genome_791	92.77034125911237	0.0	GB_GCA_031954205.1	Campylobacterota	set_a_comp90	6	2069736	90.0
genome_792	56.19229986093481	0.0	RS_GCF_029987435.1	Pseudomonadota	set_a_comp90	4	2205019	90.0
genome_793	80.30769920303453	0.0	RS_GCF_006094335.1	Bacillota	set_a_comp90	5	3404408	90.0
genome_794	71.64707954327592	0.0	RS_GCF_014279875.1	Cyanobacteriota	set_a_comp90	5	1745229	90.0
genome_795	75.00871841637995	0.0	RS_GCF_034043215.1	Bacillota	set_a_comp90	13	2066986	90.0
genome_796	69.59777950873485	0.0	RS_GCF_003627195.1	Pseudomonadota	set_a_comp90	4	3229124	90.0
genome_797	86.42426026245555	0.0	RS_GCF_003213725.2	Campylobacterota	set_a_comp90	12	1861614	90.0
genome_798	100.0	0.0	RS_GCF_041080845.2	Pseudomonadota	set_a_comp90	5	2458744	90.0
genome_799	77.85288795876961	0.0	RS_GCF_002214485.1	Methanobacteriota_B	set_a_comp90	9	1390198	90.0
genome_8	50.15530834903403	0.0	RS_GCF_014192695.1	Bacillota	set_a_comp50	5	1082657	50.0
genome_80	65.36029243105274	0.0	RS_GCF_002849915.1	Bacillota	set_a_comp50	4	1339252	50.0
genome_800	79.53187634454318	0.0	RS_GCF_002356095.1	Pseudomonadota	set_a_comp90	48	5939190	90.0
genome_801	87.22186594796966	0.0	GB_GCA_035295325.1	Actinomycetota	set_a_comp90	59	7370341	90.0
genome_802	86.56702434424264	0.0	RS_GCF_008000875.1	Bacillota	set_a_comp90	13	2540943	90.0
genome_803	93.95105345540898	0.0	RS_GCF_003950275.1	Campylobacterota	set_a_comp90	2	1648204	90.0
genome_804	69.72742953050708	0.0	RS_GCF_030323665.1	Pseudomonadota	set_a_comp90	15	3903087	90.0
genome_805	77.58308899417345	0.0	RS_GCF_030908425.1	Pseudomonadota	set_a_comp90	20	5860400	90.0
genome_806	100.0	0.0	RS_GCF_000400935.1	Bacillota	set_a_comp90	3	1123322	90.0
genome_807	89.50130515586785	0.0	RS_GCF_012273375.1	Bacillota	set_a_comp90	18	4678542	90.0
genome_808	98.71502566899836	0.0	RS_GCF_000740335.1	Pseudomonadota	set_a_comp90	4	3270183	90.0
genome_809	75.9822169682378	0.0	GB_GCA_009177165.1	Deinococcota	set_a_comp90	13	3049196	90.0
genome_81	63.73225107062912	0.0	RS_GCF_029910115.1	Pseudomonadota	set_a_comp50	6	3442198	50.0
genome_810	83.59076488182714	0.0	RS_GCF_039729015.1	Actinomycetota	set_a_comp90	6	3094276	90.0
genome_811	100.0	0.0	RS_GCF_017504145.1	Verrucomicrobiota	set_a_comp90	3	2664051	90.0
genome_812	86.51355207977201	0.0	RS_GCF_030297495.1	Pseudomonadota	set_a_comp90	18	3276956	90.0
genome_813	59.87651893851024	0.0	RS_GCF_900002505.1	Chlamydiota	set_a_comp90	2	685267	90.0
genome_814	89.72784018274172	0.0	RS_GCF_026967595.1	Bacillota	set_a_comp90	32	3951641	90.0
genome_815	100.0	0.0	RS_GCF_011457615.1	Campylobacterota	set_a_comp90	6	1563302	90.0
genome_816	74.51884038061831	0.0	RS_GCF_000972245.3	Bacillota	set_a_comp90	37	3959920	90.0
genome_817	100.0	0.0	RS_GCF_904848675.1	Pseudomonadota	set_a_comp90	1	1225795	90.0
genome_818	100.0	0.0	RS_GCF_016629465.1	Bacillota	set_a_comp90	3	2690524	90.0
genome_819	91.18742927719057	0.0	RS_GCF_946404965.1	Pseudomonadota	set_a_comp90	7	5109104	90.0
genome_82	52.043328639638	0.0	GB_GCA_025998875.1	Bacteroidota_A	set_a_comp50	9	1225585	50.0
genome_820	100.0	0.0	GB_GCA_000298535.2	Chlamydiota	set_a_comp90	2	1175702	90.0
genome_821	89.72244113259539	0.0	RS_GCF_021800405.1	Actinomycetota	set_a_comp90	10	4092900	90.0
genome_822	100.0	0.0	GB_GCA_951812745.1	Nitrospirota	set_a_comp90	2	2346994	90.0
genome_823	88.04861383085986	0.0	RS_GCF_000010445.1	Bacillota	set_a_comp90	22	2535948	90.0
genome_824	77.26191768294795	0.0	RS_GCF_000504105.1	Thermotogota	set_a_comp90	3	1672848	90.0
genome_825	56.18055254369606	0.0	RS_GCF_000956315.1	Spirochaetota	set_a_comp90	1	518142	90.0
genome_826	100.0	0.0	RS_GCF_900177405.1	Pseudomonadota	set_a_comp90	13	2807353	90.0
genome_827	58.01414490170964	0.0	RS_GCF_900489665.1	Bacillota	set_a_comp90	3	625056	90.0
genome_828	63.856615449831835	0.0	RS_GCF_015475955.1	Pseudomonadota	set_a_comp90	5	1620868	90.0
genome_829	89.17991000546293	0.0	GB_GCA_009762495.1	Pseudomonadota	set_a_comp90	14	4466401	90.0
genome_83	56.87547278484209	0.0	RS_GCF_022068525.1	Bacillota	set_a_comp50	4	1137576	50.0
genome_830	87.5799501084752	0.0	RS_GCF_003019675.1	Fusobacteriota	set_a_comp90	10	3098294	90.0
genome_831	87.49624245958138	0.0	RS_GCF_027941935.1	Pseudomonadota	set_a_comp90	10	2028750	90.0
genome_832	82.91512056082033	0.0	RS_GCF_036866155.1	Pseudomonadota	set_a_comp90	9	3860795	90.0
genome_833	100.0	0.0	RS_GCF_020736185.1	Campylobacterota	set_a_comp90	2	2281730	90.0
genome_834	100.0	0.0	RS_GCF_000013225.1	Cyanobacteriota	set_a_comp90	6	3046682	90.0
genome_835	100.0	0.0	RS_GCF_900091495.1	Actinomycetota	set_a_comp100	1	7775586	100.0
genome_836	100.0	0.0	RS_GCF_026210475.1	Pseudomonadota	set_a_comp100	2	5803119	100.0
genome_837	100.0	0.0	RS_GCF_901544215.1	Bacillota	set_a_comp100	1	2193653	100.0
genome_838	100.0	0.0	GB_GCA_003990665.2	Cyanobacteriota	set_a_comp100	1	2571271	100.0
genome_839	100.0	0.0	RS_GCF_003073755.1	Bacillota	set_a_comp100	2	2814047	100.0
genome_84	53.30611284145166	0.0	GB_GCA_963676185.1	Pseudomonadota	set_a_comp50	4	2078940	50.0
genome_840	100.0	0.0	RS_GCF_030533745.1	Bacillota	set_a_comp100	1	2802475	100.0
genome_841	100.0	0.0	RS_GCF_022407135.1	Pseudomonadota	set_a_comp100	1	4110579	100.0
genome_842	100.0	0.0	GB_GCA_038400315.1	Planctomycetota	set_a_comp100	5	7199273	100.0
genome_843	100.0	0.0	RS_GCF_013786205.1	Pseudomonadota	set_a_comp100	3	5222519	100.0
genome_844	100.0	0.0	RS_GCF_005222145.1	Pseudomonadota	set_a_comp100	6	7134170	100.0
genome_845	100.0	0.0	RS_GCF_019047925.1	Pseudomonadota	set_a_comp100	1	5192689	100.0
genome_846	100.0	0.0	RS_GCF_022453725.1	Spirochaetota	set_a_comp100	5	5121101	100.0
genome_847	100.0	0.0	RS_GCF_002111005.1	Pseudomonadota	set_a_comp100	2	7330383	100.0
genome_848	100.0	0.0	GB_GCA_019856215.1	Bacillota	set_a_comp100	1	2060302	100.0
genome_849	100.0	0.0	RS_GCF_000063545.1	Pseudomonadota	set_a_comp100	1	2127051	100.0
genome_85	100.0	0.0	RS_GCF_002209045.1	Campylobacterota	set_a_comp50	1	1696130	50.0
genome_850	100.0	0.0	RS_GCF_028532485.1	Actinomycetota	set_a_comp100	1	4576919	100.0
genome_851	100.0	0.0	GB_GCA_951813605.1	Acidobacteriota	set_a_comp100	1	6185587	100.0
genome_852	100.0	0.0	RS_GCF_034371605.1	Pseudomonadota	set_a_comp100	7	4222525	100.0
genome_853	100.0	0.0	GB_GCA_007998145.1	Bacillota	set_a_comp100	2	2903323	100.0
genome_854	100.0	0.0	RS_GCF_026153095.1	Actinomycetota	set_a_comp100	2	8804882	100.0
genome_855	100.0	0.0	RS_GCF_024496285.1	Pseudomonadota	set_a_comp100	7	6159340	100.0
genome_856	100.0	0.0	RS_GCF_037951045.1	Bacillota	set_a_comp100	1	2913135	100.0
genome_857	100.0	0.0	RS_GCF_024585365.1	Pseudomonadota	set_a_comp100	2	5080346	100.0
genome_858	100.0	0.0	RS_GCF_033802585.1	Pseudomonadota	set_a_comp100	9	5797982	100.0
genome_859	100.0	0.0	RS_GCF_027570615.1	Pseudomonadota	set_a_comp100	1	6360180	100.0
genome_86	50.65069474917349	0.0	RS_GCF_036429475.1	Halobacteriota	set_a_comp50	14	2044220	50.0
genome_860	100.0	0.0	RS_GCF_900639355.1	Bacillota	set_a_comp100	9	3149303	100.0
genome_861	100.0	0.0	RS_GCF_014843175.1	Actinomycetota	set_a_comp100	1	4896142	100.0
genome_862	100.0	0.0	RS_GCF_037477845.1	Pseudomonadota	set_a_comp100	5	5718082	100.0
genome_863	100.0	0.0	GB_GCA_900636165.1	Pseudomonadota	set_a_comp100	1	4610917	100.0
genome_864	100.0	0.0	RS_GCF_014926385.1	Actinomycetota	set_a_comp100	1	2282684	100.0
genome_865	100.0	0.0	GB_GCA_900636245.1	Pseudomonadota	set_a_comp100	1	4742976	100.0
genome_866	100.0	0.0	RS_GCF_017352095.1	Halobacteriota	set_a_comp100	1	3588874	100.0
genome_867	100.0	0.0	RS_GCF_029873335.1	Bacteroidota	set_a_comp100	1	4244132	100.0
genome_868	100.0	0.0	RS_GCF_028221515.1	Pseudomonadota	set_a_comp100	5	5895132	100.0
genome_869	100.0	0.0	RS_GCF_000505685.1	Pseudomonadota	set_a_comp100	3	3925246	100.0
genome_87	53.534119596659515	0.0	RS_GCF_040358985.1	Acidobacteriota	set_a_comp50	12	2692922	50.0
genome_870	100.0	0.0	RS_GCF_021398465.1	Pseudomonadota	set_a_comp100	1	4858260	100.0
genome_871	100.0	0.0	RS_GCF_030718995.1	Actinomycetota	set_a_comp100	1	4648183	100.0
genome_872	100.0	0.0	RS_GCF_034554595.1	Pseudomonadota	set_a_comp100	1	6922195	100.0
genome_873	100.0	0.0	RS_GCF_024298785.1	Pseudomonadota	set_a_comp100	7	5078207	100.0
genome_874	100.0	0.0	RS_GCF_019278425.1	Bacteroidota	set_a_comp100	1	4141347	100.0
genome_875	100.0	0.0	RS_GCF_027941935.1	Pseudomonadota	set_a_comp100	1	2318671	100.0
genome_876	100.0	0.0	RS_GCF_009763965.1	Pseudomonadota	set_a_comp100	2	4210554	100.0
genome_877	100.0	0.0	RS_GCF_010092985.1	Bacteroidota	set_a_comp100	1	4344619	100.0
genome_878	100.0	0.0	RS_GCF_013376575.1	Pseudomonadota	set_a_comp100	9	5322305	100.0
genome_879	100.0	0.0	RS_GCF_013342985.1	Pseudomonadota	set_a_comp100	1	1188809	100.0
genome_88	65.28125580742467	0.0	RS_GCF_040746335.1	Bdellovibrionota	set_a_comp50	2	2469507	50.0
genome_880	100.0	0.0	RS_GCF_003181155.1	Pseudomonadota	set_a_comp100	2	5027523	100.0
genome_881	100.0	0.0	RS_GCF_041080695.1	Actinomycetota	set_a_comp100	1	2378460	100.0
genome_882	100.0	0.0	GB_GCA_011302515.1	Pseudomonadota	set_a_comp100	2	4761320	100.0
genome_883	100.0	0.0	RS_GCF_019968725.1	Pseudomonadota	set_a_comp100	4	6384123	100.0
genome_884	100.0	0.0	RS_GCF_030060635.1	Pseudomonadota	set_a_comp100	2	4296008	100.0
genome_885	100.0	0.0	RS_GCF_002355675.1	Actinomycetota	set_a_comp100	1	3297987	100.0
genome_886	100.0	0.0	RS_GCF_022925835.1	Campylobacterota	set_a_comp100	1	1562288	100.0
genome_887	100.0	0.0	RS_GCF_041320665.1	Pseudomonadota	set_a_comp100	1	5054837	100.0
genome_888	100.0	0.0	RS_GCF_000277285.1	Pseudomonadota	set_a_comp100	1	1112372	100.0
genome_889	100.0	0.0	RS_GCF_001887775.1	Desulfobacterota	set_a_comp100	1	3218469	100.0
genome_89	51.742894720045896	0.0	RS_GCF_040223965.2	Pseudomonadota	set_a_comp50	20	2099692	50.0
genome_890	100.0	0.0	RS_GCF_037590645.1	Campylobacterota	set_a_comp100	1	1653662	100.0
genome_891	100.0	0.0	RS_GCF_003355455.1	Pseudomonadota	set_a_comp100	2	3372129	100.0
genome_892	100.0	0.0	RS_GCF_027474965.1	Bacillota	set_a_comp100	1	1676568	100.0
genome_893	100.0	0.0	RS_GCF_036820215.1	Pseudomonadota	set_a_comp100	4	4878960	100.0
genome_894	100.0	0.0	RS_GCF_900198195.1	Bacteroidota	set_a_comp100	1	4614879	100.0
genome_895	100.0	0.0	RS_GCF_900497475.1	Pseudomonadota	set_a_comp100	2	5387277	100.0
genome_896	100.0	0.0	GB_GCA_001560915.1	Thermoplasmatota	set_a_comp100	1	1937883	100.0
genome_897	100.0	0.0	RS_GCF_000772025.1	Bacillota	set_a_comp100	1	2886017	100.0
genome_898	100.0	0.0	RS_GCF_024758165.1	Bacillota	set_a_comp100	1	5539937	100.0
genome_899	100.0	0.0	GB_GCA_963676185.1	Pseudomonadota	set_a_comp100	10	3900003	100.0
genome_9	51.22436823592865	0.0	RS_GCF_900635745.1	Pseudomonadota	set_a_comp50	9	2329694	50.0
genome_90	55.901231271041766	0.0	RS_GCF_023361855.1	Pseudomonadota	set_a_comp50	2	2344520	50.0
genome_900	100.0	0.0	RS_GCF_025905525.1	Spirochaetota	set_a_comp100	1	2778422	100.0
genome_901	100.0	0.0	RS_GCF_002892225.1	Pseudomonadota	set_a_comp100	11	4648923	100.0
genome_902	100.0	0.0	RS_GCF_037692175.1	Campylobacterota	set_a_comp100	1	1653901	100.0
genome_903	100.0	0.0	RS_GCF_000972245.3	Bacillota	set_a_comp100	9	5313985	100.0
genome_904	100.0	0.0	RS_GCF_025142715.1	Pseudomonadota	set_a_comp100	4	4163548	100.0
genome_905	100.0	0.0	RS_GCF_003555505.1	Cyanobacteriota	set_a_comp100	1	2650294	100.0
genome_906	100.0	0.0	RS_GCF_003813005.1	Pseudomonadota	set_a_comp100	1	7029824	100.0
genome_907	100.0	0.0	RS_GCF_006401635.1	Myxococcota	set_a_comp100	1	8952969	100.0
genome_908	100.0	0.0	RS_GCF_030388365.1	Pseudomonadota	set_a_comp100	5	5090559	100.0
genome_909	100.0	0.0	RS_GCF_016803835.1	Bacillota	set_a_comp100	1	3782236	100.0
genome_91	52.68514176529462	0.0	RS_GCF_022702425.1	Bacillota	set_a_comp50	6	1505499	50.0
genome_910	100.0	0.0	RS_GCF_000982695.1	Campylobacterota	set_a_comp100	1	1698366	100.0
genome_911	100.0	0.0	RS_GCF_031599035.1	Actinomycetota	set_a_comp100	3	6859156	100.0
genome_912	100.0	0.0	RS_GCF_002741805.2	Spirochaetota	set_a_comp100	18	1464580	100.0
genome_913	100.0	0.0	RS_GCF_034093315.1	Cyanobacteriota	set_a_comp100	1	1704447	100.0
genome_914	100.0	0.0	RS_GCF_021729945.1	Pseudomonadota	set_a_comp100	1	4794788	100.0
genome_915	100.0	0.0	RS_GCF_002258175.2	Pseudomonadota	set_a_comp100	5	5763518	100.0
genome_916	100.0	0.0	RS_GCF_023169625.1	Pseudomonadota	set_a_comp100	2	5338402	100.0
genome_917	100.0	0.0	RS_GCF_900564155.1	Bacteroidota	set_a_comp100	1	6198518	100.0
genome_918	100.0	0.0	RS_GCF_037911915.1	Fusobacteriota	set_a_comp100	1	2658899	100.0
genome_919	100.0	0.0	RS_GCF_038442385.1	Pseudomonadota	set_a_comp100	2	3819939	100.0
genome_92	55.24752845998885	0.0	RS_GCF_021398615.1	Bacillota	set_a_comp50	4	1239333	50.0
genome_920	100.0	0.0	RS_GCF_003945305.1	Cyanobacteriota	set_a_comp100	1	5874197	100.0
genome_921	100.0	0.0	RS_GCF_024137905.1	Pseudomonadota	set_a_comp100	1	4892265	100.0
genome_922	100.0	0.0	RS_GCF_037623895.1	Pseudomonadota	set_a_comp100	2	4795414	100.0
genome_923	100.0	0.0	RS_GCF_033675065.1	Pseudomonadota	set_a_comp100	2	4819369	100.0
genome_924	100.0	0.0	RS_GCF_000017885.4	Bacillota	set_a_comp100	1	3704641	100.0
genome_925	100.0	0.0	RS_GCF_017570645.1	Pseudomonadota	set_a_comp100	5	5402822	100.0
genome_926	100.0	0.0	RS_GCF_002012225.1	Pseudomonadota	set_a_comp100	9	5597549	100.0
genome_927	100.0	0.0	RS_GCF_037893165.1	Bacteroidota	set_a_comp100	1	8110254	100.0
genome_928	100.0	0.0	RS_GCF_900142435.1	Aquificota	set_a_comp100	1	1367921	100.0
genome_929	100.0	0.0	RS_GCF_029028125.1	Pseudomonadota	set_a_comp100	1	6387078	100.0
genome_93	60.636290722667184	0.0	RS_GCF_003864055.1	Pseudomonadota	set_a_comp50	3	2885712	50.0
genome_930	100.0	0.0	RS_GCF_003431325.1	Thermoproteota	set_a_comp100	1	1539049	100.0
genome_931	100.0	0.0	RS_GCF_019286635.1	Pseudomonadota	set_a_comp100	7	5925924	100.0
genome_932	100.0	0.0	RS_GCF_003815815.1	Actinomycetota	set_a_comp100	1	4838766	100.0
genome_933	100.0	0.0	RS_GCF_002804085.1	Actinomycetota	set_a_comp100	1	3031488	100.0
genome_934	100.0	0.0	RS_GCF_003999795.1	Pseudomonadota	set_a_comp100	7	4986450	100.0
genome_935	100.0	0.0	RS_GCF_041860435.1	Pseudomonadota	set_a_comp100	3	5680212	100.0
genome_936	100.0	0.0	GB_GCA_016700375.1	Patescibacteriota	set_a_comp100	1	1256494	100.0
genome_937	100.0	0.0	RS_GCF_019285675.1	Pseudomonadota	set_a_comp100	1	4615841	100.0
genome_938	100.0	0.0	RS_GCF_041765085.1	Bacillota	set_a_comp100	1	2888436	100.0
genome_939	100.0	0.0	GB_GCA_037898875.1	Fusobacteriota	set_a_comp100	1	2583102	100.0
genome_94	67.58087093978841	0.0	RS_GCF_000318765.1	Chlamydiota	set_a_comp50	3	709687	50.0
genome_940	100.0	0.0	RS_GCF_018243215.1	Pseudomonadota	set_a_comp100	2	5694719	100.0
genome_941	100.0	0.0	RS_GCF_001188715.1	Pseudomonadota	set_a_comp100	3	4738644	100.0
genome_942	100.0	0.0	RS_GCF_000234745.1	Pseudomonadota	set_a_comp100	1	2349518	100.0
genome_943	100.0	0.0	RS_GCF_000251105.1	Halobacteriota	set_a_comp100	1	2378438	100.0
genome_944	100.0	0.0	RS_GCF_001565875.1	Bacillota	set_a_comp100	3	4193748	100.0
genome_945	100.0	0.0	RS_GCF_000973085.1	Fusobacteriota	set_a_comp100	1	1330224	100.0
genome_946	100.0	0.0	RS_GCF_018118585.1	Bacillota	set_a_comp100	2	3450610	100.0
genome_947	100.0	0.0	RS_GCF_013800985.1	Pseudomonadota	set_a_comp100	4	4719138	100.0
genome_948	100.0	0.0	RS_GCF_001272915.1	Bacillota	set_a_comp100	1	817156	100.0
genome_949	100.0	0.0	RS_GCF_015136315.1	Pseudomonadota	set_a_comp100	8	5377515	100.0
genome_95	53.14267185262423	0.0	RS_GCF_002504085.1	Pseudomonadota	set_a_comp50	11	2940189	50.0
genome_950	100.0	0.0	RS_GCF_011404355.1	Pseudomonadota	set_a_comp100	1	4711570	100.0
genome_951	100.0	0.0	RS_GCF_018847155.1	Verrucomicrobiota	set_a_comp100	1	2803334	100.0
genome_952	100.0	0.0	GB_GCA_013704765.1	Pseudomonadota	set_a_comp100	2	5921600	100.0
genome_953	100.0	0.0	RS_GCF_014844035.1	Bacteroidota	set_a_comp100	1	5563897	100.0
genome_954	100.0	0.0	RS_GCF_900699035.1	Pseudomonadota	set_a_comp100	3	443818	100.0
genome_955	100.0	0.0	RS_GCF_041080845.2	Pseudomonadota	set_a_comp100	1	2458744	100.0
genome_956	100.0	0.0	RS_GCF_000211475.1	Methanobacteriota_B	set_a_comp100	1	1861320	100.0
genome_957	100.0	0.0	RS_GCF_024734295.1	Pseudomonadota	set_a_comp100	6	5539763	100.0
genome_958	100.0	0.0	RS_GCF_018409365.1	Pseudomonadota	set_a_comp100	1	6411763	100.0
genome_959	100.0	0.0	RS_GCF_001623645.2	Pseudomonadota	set_a_comp100	5	5016195	100.0
genome_96	53.646576053508376	0.0	RS_GCF_000222975.1	Pseudomonadota	set_a_comp50	8	2499078	50.0
genome_960	100.0	0.0	RS_GCF_000023905.1	Fusobacteriota	set_a_comp100	1	2465610	100.0
genome_961	100.0	0.0	RS_GCF_028472845.1	Actinomycetota	set_a_comp100	1	2551932	100.0
genome_962	100.0	0.0	RS_GCF_002850415.1	Bacillota	set_a_comp100	1	2731897	100.0
genome_963	100.0	0.0	RS_GCF_019668465.1	Actinomycetota	set_a_comp100	3	5831451	100.0
genome_964	100.0	0.0	RS_GCF_037242635.1	Bacillota	set_a_comp100	1	2126101	100.0
genome_965	100.0	0.0	RS_GCF_014899825.1	Actinomycetota	set_a_comp100	1	4401396	100.0
genome_966	100.0	0.0	RS_GCF_000242775.1	Actinomycetota	set_a_comp100	1	2478364	100.0
genome_967	100.0	0.0	RS_GCF_035972075.1	Pseudomonadota	set_a_comp100	1	4024250	100.0
genome_968	100.0	0.0	RS_GCF_036670055.1	Bacillota	set_a_comp100	1	2737844	100.0
genome_969	100.0	0.0	RS_GCF_033392255.1	Pseudomonadota	set_a_comp100	1	6275358	100.0
genome_97	85.75373606841258	0.0	RS_GCF_002777035.1	Chlamydiota	set_a_comp50	1	899296	50.0
genome_970	100.0	0.0	RS_GCF_022376295.1	Cyanobacteriota	set_a_comp100	1	5451672	100.0
genome_971	100.0	0.0	RS_GCF_009939665.1	Campylobacterota	set_a_comp100	2	1790913	100.0
genome_972	100.0	0.0	RS_GCF_000463015.1	Pseudomonadota	set_a_comp100	2	7148516	100.0
genome_973	100.0	0.0	RS_GCF_001506265.1	Campylobacterota	set_a_comp100	1	1672553	100.0
genome_974	100.0	0.0	RS_GCF_001611055.1	Pseudomonadota	set_a_comp100	1	5439720	100.0
genome_975	100.0	0.0	RS_GCF_007362475.1	Bacteroidota	set_a_comp100	2	3040096	100.0
genome_976	100.0	0.0	RS_GCF_000317615.1	Cyanobacteriota	set_a_comp100	1	3781008	100.0
genome_977	100.0	0.0	GB_GCA_963663615.1	Bacteroidota_A	set_a_comp100	1	4216492	100.0
genome_978	100.0	0.0	RS_GCF_001941545.1	Spirochaetota	set_a_comp100	1	1139844	100.0
genome_979	100.0	0.0	RS_GCF_002953415.1	Deinococcota	set_a_comp100	4	3567228	100.0
genome_98	52.00204446555201	0.0	RS_GCF_041003495.1	Pseudomonadota	set_a_comp50	8	2973921	50.0
genome_980	100.0	0.0	RS_GCF_037893335.1	Fusobacteriota	set_a_comp100	1	2504786	100.0
genome_981	100.0	0.0	RS_GCF_013372185.1	Campylobacterota	set_a_comp100	1	1513347	100.0
genome_982	100.0	0.0	RS_GCF_034030455.1	Bacillota	set_a_comp100	7	2944074	100.0
genome_983	100.0	0.0	GB_GCA_000184085.1	Campylobacterota	set_a_comp100	2	1708924	100.0
genome_984	100.0	0.0	RS_GCF_011082485.1	Bacteroidota	set_a_comp100	1	2315326	100.0
genome_985	100.0	0.0	RS_GCF_003113475.3	Pseudomonadota	set_a_comp100	4	3936473	100.0
genome_986	100.0	0.0	RS_GCF_016027035.1	Pseudomonadota	set_a_comp100	1	6812921	100.0
genome_987	100.0	0.0	RS_GCF_016629505.1	Pseudomonadota	set_a_comp100	1	3567646	100.0
genome_988	100.0	0.0	RS_GCF_009938095.1	Bacteroidota	set_a_comp100	1	4249586	100.0
genome_989	100.0	0.0	RS_GCF_002356015.1	Actinomycetota	set_a_comp100	1	4380602	100.0
genome_99	70.64323413767075	0.0	RS_GCF_003667885.1	Bacillota	set_a_comp50	3	2796322	50.0
genome_990	100.0	0.0	RS_GCF_022811865.1	Bacillota	set_a_comp100	5	5428213	100.0
genome_991	100.0	0.0	RS_GCF_030323665.1	Pseudomonadota	set_a_comp100	3	5597635	100.0
genome_992	100.0	0.0	RS_GCF_016117655.1	Spirochaetota	set_a_comp100	1	2738066	100.0
genome_993	100.0	0.0	RS_GCF_025398135.1	Pseudomonadota	set_a_comp100	2	7556587	100.0
genome_994	100.0	0.0	RS_GCF_001767215.1	Campylobacterota	set_a_comp100	1	1666780	100.0
genome_995	100.0	0.0	RS_GCF_022870185.1	Actinomycetota	set_a_comp100	1	4387551	100.0
genome_996	100.0	0.0	RS_GCF_015840915.1	Cyanobacteriota	set_a_comp100	1	3854122	100.0
genome_997	100.0	0.0	RS_GCF_037955985.1	Fusobacteriota	set_a_comp100	1	2142709	100.0
genome_998	100.0	0.0	RS_GCF_009730095.1	Pseudomonadota	set_a_comp100	5	3485472	100.0
genome_999	100.0	0.0	RS_GCF_041861315.1	Pseudomonadota	set_a_comp100	1	5476043	100.0
