accession	stratum	phylum	domain	phylum_reference_genomes	genome_size	n_contigs_meta	n_sequences_scored	informative_kmers	total_kmers	informative_kmer_density
GCA_948916415.1	well_represented	Spirochaetota	Bacteria	1112	2208957	65	57	132475	2205955	0.06005336
GCA_001719185.1	well_represented	Bacillota	Bacteria	25384	4100094	1	1	3983766	4100060	0.97163602
GCA_041327595.1	well_represented	Bacillota	Bacteria	25384	3667582	2	2	2511701	3667514	0.6848511
GCA_948541585.1	well_represented	Actinomycetota	Bacteria	11981	2169666	41	41	1796352	2168272	0.8284717
GCA_000216355.3	well_represented	Spirochaetota	Bacteria	1112	4581018	43	43	4192103	4579461	0.91541406
GCA_002306255.1	well_represented	Campylobacterota	Bacteria	6218	2843595	48	46	2142699	2841913	0.75396362
GCA_041358055.1	well_represented	Verrucomicrobiota	Bacteria	1552	3190197	26	26	3118981	3189313	0.9779476
GCA_037301735.1	well_represented	Bacillota	Bacteria	25384	2191561	70	70	64819	2189181	0.02960879
GCA_037429685.1	well_represented	Bacteroidota	Bacteria	10359	4328736	98	98	4146658	4325404	0.95867531
GCA_948795145.1	well_represented	Cyanobacteriota	Bacteria	1645	2184664	39	34	16243	2182933	0.00744091
GCA_032075505.1	well_represented	Pseudomonadota	Bacteria	32461	4448846	10	5	4249895	4448011	0.95545964
GCA_948722445.1	well_represented	Bacteroidota	Bacteria	10359	2480034	87	84	57847	2476779	0.02335574
GCA_949109105.1	well_represented	Bacteroidota	Bacteria	10359	2084241	32	25	69583	2082460	0.03341385
GCA_947429255.1	well_represented	Pseudomonadota	Bacteria	32461	1654137	40	40	18230	1652777	0.01102992
GCA_902364065.1	well_represented	Bacillota	Bacteria	25384	2580820	87	68	96577	2577489	0.03746941
GCA_903871605.1	well_represented	Pseudomonadota	Bacteria	32461	4276050	54	54	515761	4274214	0.12066803
GCA_948650875.1	well_represented	Verrucomicrobiota	Bacteria	1552	2703728	36	26	2538218	2702205	0.93931363
GCA_032574495.1	well_represented	Bacillota	Bacteria	25384	2952620	54	54	2794460	2950784	0.94702289
GCA_015689575.1	well_represented	Pseudomonadota	Bacteria	32461	2522572	9	9	125765	2522266	0.04986191
GCA_900047095.1	well_represented	Pseudomonadota	Bacteria	32461	4916758	55	52	4859435	4914650	0.98876522
GCA_000983565.1	well_represented	Pseudomonadota	Bacteria	32461	4466601	90	6	4408840	4461479	0.98820145
GCA_948633175.1	well_represented	Bacteroidota	Bacteria	10359	2509170	34	27	37403	2507411	0.01491698
GCA_949505765.1	well_represented	Pseudomonadota	Bacteria	32461	2053490	50	50	35290	2051790	0.01719962
GCA_948908125.1	well_represented	Bacteroidota	Bacteria	10359	2734201	87	72	54062	2730546	0.01979897
GCA_938039655.1	well_represented	Bacteroidota	Bacteria	10359	2379869	27	27	66162	2378951	0.02781142
GCA_039963425.1	well_represented	Bacteroidota	Bacteria	10359	4885677	8	8	70593	4885405	0.01444977
GCA_041331615.1	well_represented	Bacillota	Bacteria	25384	3773961	6	6	553703	3773757	0.1467246
GCA_948674305.1	well_represented	Bacteroidota	Bacteria	10359	2808778	66	54	47177	2805698	0.01681471
GCA_032553355.1	well_represented	Bacillota	Bacteria	25384	2787438	25	25	2644979	2786588	0.94918194
GCA_947571065.1	well_represented	Bacteroidota	Bacteria	10359	2549260	76	76	40572	2546676	0.01593136
GCA_021796435.1	cpr_dpann	Patescibacteriota	Bacteria	1609	1625443	29	28	12635	1624448	0.00777803
GCA_003484695.1	cpr_dpann	Patescibacteriota	Bacteria	1609	974221	18	17	3515	973065	0.0036123
GCA_035389765.1	cpr_dpann	Patescibacteriota	Bacteria	1609	1145458	29	16	4597	1143185	0.00402122
GCA_963998405.1	cpr_dpann	Patescibacteriota	Bacteria	1609	915879	8	8	4954	915607	0.00541062
GCA_001825035.1	cpr_dpann	Patescibacteriota	Bacteria	1609	676968	33	9	3118	674851	0.00462028
GCA_007379055.1	cpr_dpann	Patescibacteriota	Bacteria	1609	1022626	25	24	6752	1021672	0.00660877
GCA_963979165.1	cpr_dpann	Patescibacteriota	Bacteria	1609	928484	52	52	7367	926716	0.00794958
GCA_948570655.1	cpr_dpann	Patescibacteriota	Bacteria	1609	815188	22	21	4599	814341	0.00564751
GCA_000992375.1	cpr_dpann	Patescibacteriota	Bacteria	1609	1379854	19	18	9774	1379092	0.00708727
GCA_963554325.1	cpr_dpann	Patescibacteriota	Bacteria	1609	650533	15	15	9832	650023	0.01512562
GCA_903821745.1	cpr_dpann	Patescibacteriota	Bacteria	1609	768961	5	5	4077	768791	0.00530313
GCA_028870835.1	cpr_dpann	Patescibacteriota	Bacteria	1609	987749	20	20	3867	987069	0.00391766
GCA_028702475.1	cpr_dpann	Patescibacteriota	Bacteria	1609	655278	36	29	4435	653361	0.00678798
GCA_002788675.1	cpr_dpann	Patescibacteriota	Bacteria	1609	1218889	12	10	5311	1218379	0.00435907
GCA_018701095.1	cpr_dpann	Patescibacteriota	Bacteria	1609	950833	16	16	6496	950289	0.00683582
GCA_002070095.1	cpr_dpann	Patescibacteriota	Bacteria	1609	1442421	69	69	7571	1440075	0.00525737
GCA_002425145.1	cpr_dpann	Patescibacteriota	Bacteria	1609	875973	26	16	6600	872349	0.00756578
GCA_001783145.1	cpr_dpann	Patescibacteriota	Bacteria	1609	854266	34	20	6568	852623	0.00770329
GCA_018644765.1	cpr_dpann	Patescibacteriota	Bacteria	1609	1019930	27	25	4508	1018814	0.00442475
GCA_001774655.1	cpr_dpann	Patescibacteriota	Bacteria	1609	1089175	3	2	3687	1089043	0.00338554
GCA_028708725.1	cpr_dpann	Patescibacteriota	Bacteria	1609	1105266	36	33	12169	1103745	0.01102519
GCA_903862575.1	cpr_dpann	Patescibacteriota	Bacteria	1609	1347921	53	53	5033	1346119	0.0037389
GCA_000999325.1	cpr_dpann	Patescibacteriota	Bacteria	1609	586558	7	7	4056	586320	0.00691772
GCA_041671465.1	cpr_dpann	Patescibacteriota	Bacteria	1609	747206	33	32	5934	746075	0.00795362
GCA_041664485.1	cpr_dpann	Patescibacteriota	Bacteria	1609	742385	11	11	4777	742011	0.00643791
GCA_000992615.1	cpr_dpann	Patescibacteriota	Bacteria	1609	1387108	20	18	9860	1386382	0.00711204
GCA_001791305.1	cpr_dpann	Patescibacteriota	Bacteria	1609	1070576	23	5	5669	1069223	0.00530198
GCA_000992205.1	cpr_dpann	Patescibacteriota	Bacteria	1609	794606	20	20	5262	793926	0.00662782
GCA_027425155.1	cpr_dpann	Patescibacteriota	Bacteria	1609	1529883	20	20	12535	1529203	0.00819708
GCA_000990745.1	cpr_dpann	Patescibacteriota	Bacteria	1609	743731	4	4	5461	743595	0.00734405
GCA_002410925.1	rare_phylum	UBP13	Bacteria	2	2254220	56	40	13220	2250179	0.00587509
GCA_023150995.1	rare_phylum	CLD3	Bacteria	3	3749409	78	69	29381	3746428	0.0078424
GCA_035422465.1	rare_phylum	UBA4055	Bacteria	2	2682198	78	63	11608	2678061	0.00433448
