stratum	level	tool_a	tool_b	n_pairs	hl	hl_ci_lo	hl_ci_hi	cliffs_delta	cliffs_ci_lo	cliffs_ci_hi	p_wilcoxon	mae_a	mae_b	bias_a	bias_b	q_bh	winner	p_wilcoxon_sample_level_historical	q_bh_sample_level_historical	winner_sample_level_historical	p_wilcoxon_reference_mean	n_paired_references	reference_mean_difference	q_bh_reference_mean	supported_reference_test_and_hl_interval	inference_definition	support_decision_changed
type	redundant	magicc_v5	checkm2	600	0.5861	0.0857	1.2615	0.059	-0.012	0.1341	0.007945269782797876	5.4013	4.5355	-4.4415	3.3646	0.010473310168233566	checkm2	0.0081170171266603	0.0105400073137231	checkm2	0.007945269782797876	100	0.8658893008144554	0.010473310168233566	True	Two-sided Wilcoxon on100 per-reference mean paired absolute-error differences; BH across87 comparisons. Support also requires concordant reference-cluster HL95% interval excluding0; unresolved is not equivalence.	False
type	redundant	magicc_v5	cocopye	600	-1.3736	-2.3794	-0.629	-0.1627	-0.2392	-0.0901	0.0040917391418793594	5.4013	8.4758	-4.4415	7.9154	0.005562207895992254	magicc_v5	2.3320968698839577e-06	3.757267179257488e-06	magicc_v5	0.0040917391418793594	100	-3.0744605979492876	0.005562207895992254	True	Two-sided Wilcoxon on100 per-reference mean paired absolute-error differences; BH across87 comparisons. Support also requires concordant reference-cluster HL95% interval excluding0; unresolved is not equivalence.	False
type	redundant	magicc_v5	deepcheck	600	1.7295	1.0538	2.403	0.2291	0.1549	0.3065	1.0354903615143286e-08	5.4013	3.376	-4.4415	1.7514	1.9984829563259997e-08	deepcheck	6.954395825478488e-17	3.0251621840831424e-16	deepcheck	1.0354903615143286e-08	100	2.025354918103632	1.9984829563259997e-08	True	Two-sided Wilcoxon on100 per-reference mean paired absolute-error differences; BH across87 comparisons. Support also requires concordant reference-cluster HL95% interval excluding0; unresolved is not equivalence.	False
type	replaced	magicc_v5	checkm2	600	-1.5302	-2.5888	-0.9566	-0.2964	-0.3546	-0.2361	6.102515231524841e-14	5.4185	8.4248	-4.6254	-8.2905	2.5281848816317203e-13	magicc_v5	4.302267490287791e-33	3.7429727165503776e-32	magicc_v5	6.102515231524841e-14	100	-3.0063518654004637	2.5281848816317203e-13	True	Two-sided Wilcoxon on100 per-reference mean paired absolute-error differences; BH across87 comparisons. Support also requires concordant reference-cluster HL95% interval excluding0; unresolved is not equivalence.	False
type	replaced	magicc_v5	cocopye	600	-2.5842	-3.6391	-1.6478	-0.361	-0.4286	-0.3022	6.957422823453746e-14	5.4185	9.4738	-4.6254	-5.5459	2.751344480183981e-13	magicc_v5	2.083902777974263e-40	4.532488542094022e-39	magicc_v5	6.957422823453746e-14	100	-4.055308207379207	2.751344480183981e-13	True	Two-sided Wilcoxon on100 per-reference mean paired absolute-error differences; BH across87 comparisons. Support also requires concordant reference-cluster HL95% interval excluding0; unresolved is not equivalence.	False
type	replaced	magicc_v5	deepcheck	600	-1.8256	-2.9293	-1.204	-0.3283	-0.386	-0.2766	1.200308279272379e-15	5.4185	8.6961	-4.6254	-8.6132	1.3053352537087123e-14	magicc_v5	1.0860330524471431e-49	3.1494958520967146e-48	magicc_v5	1.200308279272379e-15	100	-3.2776381624634414	1.3053352537087123e-14	True	Two-sided Wilcoxon on100 per-reference mean paired absolute-error differences; BH across87 comparisons. Support also requires concordant reference-cluster HL95% interval excluding0; unresolved is not equivalence.	False
type	single	magicc_v5	checkm2	600	-1.1362	-1.9493	-0.6722	-0.2427	-0.3117	-0.1808	3.7070625821242335e-11	5.2496	7.7032	-4.8639	-7.5896	9.214698418423095e-11	magicc_v5	3.397988074165517e-26	1.8476560153275e-25	magicc_v5	3.7070625821242335e-11	100	-2.45366136865072	9.214698418423095e-11	True	Two-sided Wilcoxon on100 per-reference mean paired absolute-error differences; BH across87 comparisons. Support also requires concordant reference-cluster HL95% interval excluding0; unresolved is not equivalence.	False
type	single	magicc_v5	cocopye	600	-0.5653	-1.1592	-0.1349	-0.1371	-0.2132	-0.0653	0.036882423815124916	5.2496	7.2644	-4.8639	-3.0215	0.04650392567994011	magicc_v5	1.2831702193858726e-06	2.106336020501338e-06	magicc_v5	0.036882423815124916	100	-2.0148223336861393	0.04650392567994011	True	Two-sided Wilcoxon on100 per-reference mean paired absolute-error differences; BH across87 comparisons. Support also requires concordant reference-cluster HL95% interval excluding0; unresolved is not equivalence.	False
type	single	magicc_v5	deepcheck	600	-1.3646	-2.293	-0.8495	-0.2714	-0.341	-0.2081	2.201923197492152e-12	5.2496	8.0682	-4.8639	-8.0215	5.986478693181788e-12	magicc_v5	2.5562493456201267e-36	3.1770527581278715e-35	magicc_v5	2.201923197492152e-12	100	-2.8186688931801456	5.986478693181788e-12	True	Two-sided Wilcoxon on100 per-reference mean paired absolute-error differences; BH across87 comparisons. Support also requires concordant reference-cluster HL95% interval excluding0; unresolved is not equivalence.	False
distance	species	magicc_v5	checkm2	300	0.7641	0.5037	1.1311	0.2105	0.1601	0.2564	1.5185669321220046e-13	8.0094	5.8459	-7.7579	-5.0604	5.284612923784576e-13	checkm2	2.06887068816346e-12	4.499793746755526e-12	checkm2	1.5185669321220046e-13	100	2.1635031920727528	5.284612923784576e-13	True	Two-sided Wilcoxon on100 per-reference mean paired absolute-error differences; BH across87 comparisons. Support also requires concordant reference-cluster HL95% interval excluding0; unresolved is not equivalence.	False
distance	species	magicc_v5	cocopye	300	0.6404	0.2177	1.1267	0.1	0.024	0.1703	5.305197767222195e-06	8.0094	7.7656	-7.7579	-2.1868	8.547263069413536e-06	cocopye	0.0003327599217081	0.0004745920194853	cocopye	5.305197767222195e-06	100	0.24378925709448548	8.547263069413536e-06	True	Two-sided Wilcoxon on100 per-reference mean paired absolute-error differences; BH across87 comparisons. Support also requires concordant reference-cluster HL95% interval excluding0; unresolved is not equivalence.	False
distance	species	magicc_v5	deepcheck	300	0.7569	0.522	1.0477	0.2035	0.163	0.2416	2.2920849632668923e-14	8.0094	5.9923	-7.7579	-5.4474	1.0495336410748401e-13	deepcheck	8.788080413417239e-11	1.7780534789937206e-10	deepcheck	2.2920849632668923e-14	100	2.017082444572961	1.0495336410748401e-13	True	Two-sided Wilcoxon on100 per-reference mean paired absolute-error differences; BH across87 comparisons. Support also requires concordant reference-cluster HL95% interval excluding0; unresolved is not equivalence.	False
distance	genus	magicc_v5	checkm2	300	0.5362	0.314	0.833	0.1658	0.1174	0.2132	3.008928865084491e-09	7.9843	6.466	-7.7329	-5.1293	6.2327812205321606e-09	checkm2	5.610672383193283e-07	9.387086487265684e-07	checkm2	3.008928865084491e-09	100	1.5182875461771674	6.2327812205321606e-09	True	Two-sided Wilcoxon on100 per-reference mean paired absolute-error differences; BH across87 comparisons. Support also requires concordant reference-cluster HL95% interval excluding0; unresolved is not equivalence.	False
distance	genus	magicc_v5	cocopye	300	0.4867	-0.0529	1.0248	0.0486	-0.0266	0.1181	0.0018820155995474795	7.9843	8.4381	-7.7329	-1.7536	0.0026408928574295277	unresolved	0.0155794651487131	0.0199325509990889	cocopye	0.0018820155995474795	100	-0.4537978049375752	0.0026408928574295277	False	Two-sided Wilcoxon on100 per-reference mean paired absolute-error differences; BH across87 comparisons. Support also requires concordant reference-cluster HL95% interval excluding0; unresolved is not equivalence.	True
distance	genus	magicc_v5	deepcheck	300	0.5099	0.2429	0.7847	0.1664	0.1176	0.2128	9.743997296518106e-09	7.9843	6.4881	-7.7329	-5.5403	1.9266540109024438e-08	deepcheck	2.779019919731468e-05	4.168529879597202e-05	deepcheck	9.743997296518106e-09	100	1.4961553888812427	1.9266540109024438e-08	True	Two-sided Wilcoxon on100 per-reference mean paired absolute-error differences; BH across87 comparisons. Support also requires concordant reference-cluster HL95% interval excluding0; unresolved is not equivalence.	False
distance	family	magicc_v5	checkm2	300	-0.1843	-0.5277	0.1126	-0.0433	-0.1168	0.0224	0.9314997084840357	6.3094	6.7934	-5.9771	-4.3153	0.9561279496332181	unresolved	0.1744830547969169	0.2024003435644236	tie	0.9314997084840357	100	-0.48405303109060105	0.9561279496332181	False	Two-sided Wilcoxon on100 per-reference mean paired absolute-error differences; BH across87 comparisons. Support also requires concordant reference-cluster HL95% interval excluding0; unresolved is not equivalence.	False
distance	family	magicc_v5	cocopye	300	-0.7637	-1.7545	-0.1086	-0.1347	-0.2256	-0.047	0.08940730920445931	6.3094	8.8566	-5.9771	-0.2029	0.10655391644915015	unresolved	0.0016886093928113	0.0022954533933529	magicc_v5	0.08940730920445931	100	-2.5472187861731364	0.10655391644915015	False	Two-sided Wilcoxon on100 per-reference mean paired absolute-error differences; BH across87 comparisons. Support also requires concordant reference-cluster HL95% interval excluding0; unresolved is not equivalence.	True
distance	family	magicc_v5	deepcheck	300	-0.1732	-0.4729	0.0964	0.0101	-0.0558	0.0702	0.41908693342222414	6.3094	6.6365	-5.9771	-4.9083	0.47351380789264286	unresolved	0.2289790547995255	0.2553997149687015	tie	0.41908693342222414	100	-0.3271138580089392	0.47351380789264286	False	Two-sided Wilcoxon on100 per-reference mean paired absolute-error differences; BH across87 comparisons. Support also requires concordant reference-cluster HL95% interval excluding0; unresolved is not equivalence.	False
distance	order	magicc_v5	checkm2	300	-2.0532	-3.2451	-1.2158	-0.3229	-0.4057	-0.2331	1.124661148245775e-07	4.2388	7.1921	-3.6005	-3.8177	1.996847344844539e-07	magicc_v5	1.8066414370577042e-18	8.272516053895801e-18	magicc_v5	1.124661148245775e-07	100	-2.9532469582578766	1.996847344844539e-07	True	Two-sided Wilcoxon on100 per-reference mean paired absolute-error differences; BH across87 comparisons. Support also requires concordant reference-cluster HL95% interval excluding0; unresolved is not equivalence.	False
distance	order	magicc_v5	cocopye	300	-2.8491	-4.0277	-1.7474	-0.3508	-0.4398	-0.2574	4.563786971596854e-09	4.2388	8.6246	-3.6005	0.5371	9.233708523928519e-09	magicc_v5	4.591894517481528e-19	2.2194156834494048e-18	magicc_v5	4.563786971596854e-09	100	-4.385737473847599	9.233708523928519e-09	True	Two-sided Wilcoxon on100 per-reference mean paired absolute-error differences; BH across87 comparisons. Support also requires concordant reference-cluster HL95% interval excluding0; unresolved is not equivalence.	False
distance	order	magicc_v5	deepcheck	300	-1.6442	-2.8266	-0.9258	-0.2566	-0.3437	-0.1762	3.880722386529559e-06	4.2388	6.8233	-3.6005	-4.7661	6.370242408076823e-06	magicc_v5	1.199941223856048e-14	3.3631850789480886e-14	magicc_v5	3.880722386529559e-06	100	-2.5844671383071085	6.370242408076823e-06	True	Two-sided Wilcoxon on100 per-reference mean paired absolute-error differences; BH across87 comparisons. Support also requires concordant reference-cluster HL95% interval excluding0; unresolved is not equivalence.	False
distance	class	magicc_v5	checkm2	300	-3.9224	-5.0149	-2.7334	-0.493	-0.5777	-0.4048	1.8019328432324396e-14	2.9186	7.3221	-1.8942	-4.0321	8.709342075623458e-14	magicc_v5	2.8920953397312228e-31	2.28738449596924e-30	magicc_v5	1.8019328432324396e-14	100	-4.403416962156852	8.709342075623458e-14	True	Two-sided Wilcoxon on100 per-reference mean paired absolute-error differences; BH across87 comparisons. Support also requires concordant reference-cluster HL95% interval excluding0; unresolved is not equivalence.	False
distance	class	magicc_v5	cocopye	300	-3.7788	-4.8015	-2.7914	-0.4963	-0.5835	-0.408	3.63574062749329e-15	2.9186	8.1576	-1.8942	0.49	2.8755403144719653e-14	magicc_v5	1.2661956712839554e-27	7.343934893446942e-27	magicc_v5	3.63574062749329e-15	100	-5.2389923871165465	2.8755403144719653e-14	True	Two-sided Wilcoxon on100 per-reference mean paired absolute-error differences; BH across87 comparisons. Support also requires concordant reference-cluster HL95% interval excluding0; unresolved is not equivalence.	False
distance	class	magicc_v5	deepcheck	300	-3.3712	-4.7877	-2.1634	-0.4401	-0.5247	-0.3602	1.0292226093423223e-13	2.9186	7.0937	-1.8942	-4.912	3.730931958865918e-13	magicc_v5	4.427986814648642e-29	2.963345022111014e-28	magicc_v5	1.0292226093423223e-13	100	-4.175094340348175	3.730931958865918e-13	True	Two-sided Wilcoxon on100 per-reference mean paired absolute-error differences; BH across87 comparisons. Support also requires concordant reference-cluster HL95% interval excluding0; unresolved is not equivalence.	False
distance	phylum	magicc_v5	checkm2	300	-4.3598	-5.4636	-3.2879	-0.5079	-0.6006	-0.4196	2.1365801836383434e-16	2.6783	7.7076	-0.8989	-2.6763	4.6470618994133966e-15	magicc_v5	4.664613520675751e-36	5.072767203734879e-35	magicc_v5	2.1365801836383434e-16	100	-5.029321653218048	4.6470618994133966e-15	True	Two-sided Wilcoxon on100 per-reference mean paired absolute-error differences; BH across87 comparisons. Support also requires concordant reference-cluster HL95% interval excluding0; unresolved is not equivalence.	False
distance	phylum	magicc_v5	cocopye	300	-4.4516	-5.6038	-3.4888	-0.5035	-0.5888	-0.4189	5.988879490693734e-17	2.6783	8.5855	-0.8989	1.8122	3.2884848786582443e-15	magicc_v5	3.252173589848617e-33	3.14376780352033e-32	magicc_v5	5.988879490693734e-17	100	-5.907225083048897	3.2884848786582443e-15	True	Two-sided Wilcoxon on100 per-reference mean paired absolute-error differences; BH across87 comparisons. Support also requires concordant reference-cluster HL95% interval excluding0; unresolved is not equivalence.	False
distance	phylum	magicc_v5	deepcheck	300	-3.7113	-4.8527	-2.6395	-0.457	-0.5452	-0.3809	5.464684499148851e-16	2.6783	7.2467	-0.8989	-4.1925	7.923792523765834e-15	magicc_v5	7.3995712450537375e-31	5.3646891526639594e-30	magicc_v5	5.464684499148851e-16	100	-4.568466771869893	7.923792523765834e-15	True	Two-sided Wilcoxon on100 per-reference mean paired absolute-error differences; BH across87 comparisons. Support also requires concordant reference-cluster HL95% interval excluding0; unresolved is not equivalence.	False
cell	redundant|species	magicc_v5	checkm2	100	6.1392	4.761	7.4033	0.6218	0.5036	0.7244	6.114697274470501e-15	8.6026	2.2386	-7.9906	-0.0522	4.0921435606071816e-14	checkm2	6.114697274470501e-15	1.8999237959961916e-14	checkm2	6.114697274470501e-15	100	6.36401336655773	4.0921435606071816e-14	True	Two-sided Wilcoxon on100 per-reference mean paired absolute-error differences; BH across87 comparisons. Support also requires concordant reference-cluster HL95% interval excluding0; unresolved is not equivalence.	False
cell	redundant|species	magicc_v5	cocopye	100	4.6916	3.153	6.1242	0.4362	0.3138	0.5548	1.1928664494909583e-08	8.6026	5.412	-7.9906	3.1686	2.162070439702362e-08	cocopye	1.1928664494909585e-08	2.1179465531778243e-08	cocopye	1.1928664494909583e-08	100	3.1906429032468537	2.162070439702362e-08	True	Two-sided Wilcoxon on100 per-reference mean paired absolute-error differences; BH across87 comparisons. Support also requires concordant reference-cluster HL95% interval excluding0; unresolved is not equivalence.	False
cell	redundant|species	magicc_v5	deepcheck	100	5.8317	4.9666	7.1688	0.625	0.5326	0.7138	7.559735353237344e-17	8.6026	2.3492	-7.9906	-0.8657	3.2884848786582443e-15	deepcheck	7.559735353237344e-17	3.1318903606268995e-16	deepcheck	7.559735353237344e-17	100	6.253470245683069	3.2884848786582443e-15	True	Two-sided Wilcoxon on100 per-reference mean paired absolute-error differences; BH across87 comparisons. Support also requires concordant reference-cluster HL95% interval excluding0; unresolved is not equivalence.	False
cell	redundant|genus	magicc_v5	checkm2	100	5.1525	3.828	6.5222	0.5708	0.4622	0.6766	3.9197457473169017e-13	7.881	2.4671	-7.2619	1.3718	1.2179210000591803e-12	checkm2	3.919745747316902e-13	9.21669945990731e-13	checkm2	3.9197457473169017e-13	100	5.413902529888269	1.2179210000591803e-12	True	Two-sided Wilcoxon on100 per-reference mean paired absolute-error differences; BH across87 comparisons. Support also requires concordant reference-cluster HL95% interval excluding0; unresolved is not equivalence.	False
cell	redundant|genus	magicc_v5	cocopye	100	3.0409	1.7909	4.2648	0.2868	0.1666	0.4118	2.1072982815714674e-05	7.881	6.4452	-7.2619	5.5277	3.216402640293292e-05	cocopye	2.1072982815714677e-05	3.216402640293292e-05	cocopye	2.1072982815714674e-05	100	1.4357573728874695	3.216402640293292e-05	True	Two-sided Wilcoxon on100 per-reference mean paired absolute-error differences; BH across87 comparisons. Support also requires concordant reference-cluster HL95% interval excluding0; unresolved is not equivalence.	False
cell	redundant|genus	magicc_v5	deepcheck	100	5.3711	4.093	6.8229	0.6202	0.524	0.7176	1.080934894775585e-14	7.881	2.1694	-7.2619	0.5798	6.269422389698393e-14	deepcheck	1.080934894775585e-14	3.1347111948491974e-14	deepcheck	1.080934894775585e-14	100	5.7115845236614575	6.269422389698393e-14	True	Two-sided Wilcoxon on100 per-reference mean paired absolute-error differences; BH across87 comparisons. Support also requires concordant reference-cluster HL95% interval excluding0; unresolved is not equivalence.	False
cell	redundant|family	magicc_v5	checkm2	100	2.3162	1.1995	3.3888	0.2296	0.104	0.3574	1.7511294892273265e-05	6.2675	3.8445	-5.649	3.3875	2.720504742192454e-05	checkm2	1.7511294892273265e-05	2.720504742192454e-05	checkm2	1.7511294892273265e-05	100	2.4229724199705176	2.720504742192454e-05	True	Two-sided Wilcoxon on100 per-reference mean paired absolute-error differences; BH across87 comparisons. Support also requires concordant reference-cluster HL95% interval excluding0; unresolved is not equivalence.	False
cell	redundant|family	magicc_v5	cocopye	100	-0.4458	-1.8221	0.7716	-0.0444	-0.1662	0.0752	0.5247177003787094	6.2675	8.6215	-5.649	8.5641	0.5635856781845396	unresolved	0.5247177003787094	0.5567126821091184	tie	0.5247177003787094	100	-2.353977954975272	0.5635856781845396	False	Two-sided Wilcoxon on100 per-reference mean paired absolute-error differences; BH across87 comparisons. Support also requires concordant reference-cluster HL95% interval excluding0; unresolved is not equivalence.	False
cell	redundant|family	magicc_v5	deepcheck	100	3.2178	2.1103	4.3794	0.4346	0.3204	0.5454	8.032375048416746e-10	6.2675	2.8153	-5.649	2.2891	1.7918375108006585e-09	deepcheck	8.032375048416745e-10	1.552925842693904e-09	deepcheck	8.032375048416746e-10	100	3.452248271325276	1.7918375108006585e-09	True	Two-sided Wilcoxon on100 per-reference mean paired absolute-error differences; BH across87 comparisons. Support also requires concordant reference-cluster HL95% interval excluding0; unresolved is not equivalence.	False
cell	redundant|order	magicc_v5	checkm2	100	-0.8487	-1.6095	-0.1607	-0.1792	-0.315	-0.0488	0.02497509022605292	4.1321	5.0696	-3.3102	4.7981	0.03243034103980006	magicc_v5	0.0249750902260529	0.0314903311545884	magicc_v5	0.02497509022605292	100	-0.9375238611497836	0.03243034103980006	True	Two-sided Wilcoxon on100 per-reference mean paired absolute-error differences; BH across87 comparisons. Support also requires concordant reference-cluster HL95% interval excluding0; unresolved is not equivalence.	False
cell	redundant|order	magicc_v5	cocopye	100	-3.2845	-4.5816	-2.0275	-0.3902	-0.504	-0.282	1.1227625712821653e-08	4.1321	9.4609	-3.3102	9.4226	2.0783051851393272e-08	magicc_v5	1.1227625712821651e-08	2.0350071604489245e-08	magicc_v5	1.1227625712821653e-08	100	-5.328823340430452	2.0783051851393272e-08	True	Two-sided Wilcoxon on100 per-reference mean paired absolute-error differences; BH across87 comparisons. Support also requires concordant reference-cluster HL95% interval excluding0; unresolved is not equivalence.	False
cell	redundant|order	magicc_v5	deepcheck	100	0.5191	-0.1923	1.3845	0.0776	-0.0506	0.2116	0.16690827813258957	4.1321	3.3864	-3.3102	2.6616	0.19623000266939586	unresolved	0.1669082781325895	0.1962300026693958	tie	0.16690827813258957	100	0.7457048433530398	0.19623000266939586	False	Two-sided Wilcoxon on100 per-reference mean paired absolute-error differences; BH across87 comparisons. Support also requires concordant reference-cluster HL95% interval excluding0; unresolved is not equivalence.	False
cell	redundant|class	magicc_v5	checkm2	100	-2.473	-3.5035	-1.5725	-0.4244	-0.549	-0.2888	2.3254496223335132e-07	2.7932	5.5843	-1.8346	4.081	3.9669434733924636e-07	magicc_v5	2.325449622333513e-07	4.046282342860313e-07	magicc_v5	2.3254496223335132e-07	100	-2.7911356718391307	3.9669434733924636e-07	True	Two-sided Wilcoxon on100 per-reference mean paired absolute-error differences; BH across87 comparisons. Support also requires concordant reference-cluster HL95% interval excluding0; unresolved is not equivalence.	False
cell	redundant|class	magicc_v5	cocopye	100	-4.6075	-6.0262	-3.2179	-0.5684	-0.6772	-0.4594	1.7205222109437397e-12	2.7932	9.2885	-1.8346	9.2235	4.828562333938882e-12	magicc_v5	1.7205222109437397e-12	3.838088009028342e-12	magicc_v5	1.7205222109437397e-12	100	-6.495335026430209	4.828562333938882e-12	True	Two-sided Wilcoxon on100 per-reference mean paired absolute-error differences; BH across87 comparisons. Support also requires concordant reference-cluster HL95% interval excluding0; unresolved is not equivalence.	False
cell	redundant|class	magicc_v5	deepcheck	100	-0.8825	-1.488	-0.3054	-0.2224	-0.3672	-0.0722	0.004047452166708363	2.7932	4.1792	-1.8346	2.265	0.005562207895992254	magicc_v5	0.0040474521667083	0.0054173590539019	magicc_v5	0.004047452166708363	100	-1.386063191141596	0.005562207895992254	True	Two-sided Wilcoxon on100 per-reference mean paired absolute-error differences; BH across87 comparisons. Support also requires concordant reference-cluster HL95% interval excluding0; unresolved is not equivalence.	False
cell	redundant|phylum	magicc_v5	checkm2	100	-4.1203	-5.1812	-3.2094	-0.5316	-0.6346	-0.4274	2.1228354031947738e-13	2.7316	8.0085	-0.6026	6.6013	7.103333849151743e-13	magicc_v5	2.1228354031947738e-13	5.276762287941295e-13	magicc_v5	2.1228354031947738e-13	100	-5.2768929785408725	7.103333849151743e-13	True	Two-sided Wilcoxon on100 per-reference mean paired absolute-error differences; BH across87 comparisons. Support also requires concordant reference-cluster HL95% interval excluding0; unresolved is not equivalence.	False
cell	redundant|phylum	magicc_v5	cocopye	100	-6.779	-8.5554	-5.4692	-0.653	-0.7498	-0.5578	1.4289849453522757e-16	2.7316	11.6267	-0.6026	11.5856	4.1440563415215995e-15	magicc_v5	1.4289849453522755e-16	5.650985920256726e-16	magicc_v5	1.4289849453522757e-16	100	-8.895027541994118	4.1440563415215995e-15	True	Two-sided Wilcoxon on100 per-reference mean paired absolute-error differences; BH across87 comparisons. Support also requires concordant reference-cluster HL95% interval excluding0; unresolved is not equivalence.	False
cell	redundant|phylum	magicc_v5	deepcheck	100	-1.3671	-2.3219	-0.5926	-0.244	-0.364	-0.1136	0.00023100689423620604	2.7316	5.3564	-0.6026	3.5788	0.0003406372847211852	magicc_v5	0.0002310068942362	0.0003349599966424	magicc_v5	0.00023100689423620604	100	-2.624815184259457	0.0003406372847211852	True	Two-sided Wilcoxon on100 per-reference mean paired absolute-error differences; BH across87 comparisons. Support also requires concordant reference-cluster HL95% interval excluding0; unresolved is not equivalence.	False
cell	replaced|species	magicc_v5	checkm2	100	0.1774	0.016	0.3587	0.0198	-0.0102	0.053	0.03109696724673547	8.9635	8.683	-8.9034	-8.6002	0.03978582574214685	checkm2	0.0310969672467354	0.0386490878637997	checkm2	0.03109696724673547	100	0.28050401465178143	0.03978582574214685	True	Two-sided Wilcoxon on100 per-reference mean paired absolute-error differences; BH across87 comparisons. Support also requires concordant reference-cluster HL95% interval excluding0; unresolved is not equivalence.	False
cell	replaced|species	magicc_v5	cocopye	100	-0.0226	-0.2373	0.4791	-0.0454	-0.1148	0.0162	0.947912712213223	8.9635	9.7016	-8.9034	-5.8408	0.9561279496332181	unresolved	0.947912712213223	0.956127949633218	tie	0.947912712213223	100	-0.7380517533460551	0.9561279496332181	False	Two-sided Wilcoxon on100 per-reference mean paired absolute-error differences; BH across87 comparisons. Support also requires concordant reference-cluster HL95% interval excluding0; unresolved is not equivalence.	False
cell	replaced|species	magicc_v5	deepcheck	100	0.0334	-0.1229	0.2122	0.0002	-0.0246	0.025	0.6773827047880141	8.9635	8.8315	-8.9034	-8.7814	0.7186865282506979	unresolved	0.6773827047880141	0.7100276544163522	tie	0.6773827047880141	100	0.13201787697780762	0.7186865282506979	False	Two-sided Wilcoxon on100 per-reference mean paired absolute-error differences; BH across87 comparisons. Support also requires concordant reference-cluster HL95% interval excluding0; unresolved is not equivalence.	False
cell	replaced|genus	magicc_v5	checkm2	100	0.0175	-0.176	0.2144	-0.0224	-0.0774	0.0256	0.8500082762349129	8.3174	8.601	-8.2568	-8.5368	0.8909725305112943	unresolved	0.8500082762349129	0.8803657146718742	tie	0.8500082762349129	100	-0.2835776373322806	0.8909725305112943	False	Two-sided Wilcoxon on100 per-reference mean paired absolute-error differences; BH across87 comparisons. Support also requires concordant reference-cluster HL95% interval excluding0; unresolved is not equivalence.	False
cell	replaced|genus	magicc_v5	cocopye	100	-0.1591	-0.4491	0.2498	-0.0752	-0.1432	-0.013	0.4270481369484205	8.3174	9.6575	-8.2568	-5.8171	0.4763229219809305	unresolved	0.4270481369484205	0.4702935179052225	tie	0.4270481369484205	100	-1.3401427436408722	0.4763229219809305	False	Two-sided Wilcoxon on100 per-reference mean paired absolute-error differences; BH across87 comparisons. Support also requires concordant reference-cluster HL95% interval excluding0; unresolved is not equivalence.	False
cell	replaced|genus	magicc_v5	deepcheck	100	-0.2072	-0.3869	-0.0238	-0.0506	-0.1092	-0.0062	0.03750842722040098	8.3174	8.7965	-8.2568	-8.7318	0.04661761668821265	magicc_v5	0.0375084272204009	0.0459610305376744	magicc_v5	0.03750842722040098	100	-0.4790658623990691	0.04661761668821265	True	Two-sided Wilcoxon on100 per-reference mean paired absolute-error differences; BH across87 comparisons. Support also requires concordant reference-cluster HL95% interval excluding0; unresolved is not equivalence.	False
cell	replaced|family	magicc_v5	checkm2	100	-0.9335	-2.0481	-0.4761	-0.215	-0.3028	-0.1348	8.347617546453232e-06	6.1804	8.4623	-5.9374	-8.3765	1.3204413209844204e-05	magicc_v5	8.347617546453232e-06	1.3204413209844204e-05	magicc_v5	8.347617546453232e-06	100	-2.2818543686330717	1.3204413209844204e-05	True	Two-sided Wilcoxon on100 per-reference mean paired absolute-error differences; BH across87 comparisons. Support also requires concordant reference-cluster HL95% interval excluding0; unresolved is not equivalence.	False
cell	replaced|family	magicc_v5	cocopye	100	-1.7503	-3.2084	-0.9025	-0.2816	-0.376	-0.1996	3.5400885394897876e-07	6.1804	9.6411	-5.9374	-5.4334	5.922840441069453e-07	magicc_v5	3.540088539489788e-07	6.038974567364932e-07	magicc_v5	3.5400885394897876e-07	100	-3.46064286289797	5.922840441069453e-07	True	Two-sided Wilcoxon on100 per-reference mean paired absolute-error differences; BH across87 comparisons. Support also requires concordant reference-cluster HL95% interval excluding0; unresolved is not equivalence.	False
cell	replaced|family	magicc_v5	deepcheck	100	-1.2173	-2.2684	-0.7445	-0.2436	-0.3304	-0.1638	8.571186883883589e-10	6.1804	8.7796	-5.9374	-8.7367	1.8642331472446805e-09	magicc_v5	8.571186883883588e-10	1.621072301951896e-09	magicc_v5	8.571186883883589e-10	100	-2.5991562224606057	1.8642331472446805e-09	True	Two-sided Wilcoxon on100 per-reference mean paired absolute-error differences; BH across87 comparisons. Support also requires concordant reference-cluster HL95% interval excluding0; unresolved is not equivalence.	False
cell	replaced|order	magicc_v5	checkm2	100	-4.1521	-5.2732	-2.1571	-0.4392	-0.5458	-0.3388	6.747817107930336e-12	4.0213	8.5004	-3.3128	-8.3646	1.7789699648179977e-11	magicc_v5	6.747817107930336e-12	1.4318538741218027e-11	magicc_v5	6.747817107930336e-12	100	-4.479049215849005	1.7789699648179977e-11	True	Two-sided Wilcoxon on100 per-reference mean paired absolute-error differences; BH across87 comparisons. Support also requires concordant reference-cluster HL95% interval excluding0; unresolved is not equivalence.	False
cell	replaced|order	magicc_v5	cocopye	100	-4.5469	-6.0249	-3.1627	-0.507	-0.6046	-0.4094	2.8141706530704256e-13	4.0213	9.6544	-3.3128	-5.3844	9.067883215449149e-13	magicc_v5	2.814170653070426e-13	6.800912411586862e-13	magicc_v5	2.8141706530704256e-13	100	-5.633041198267123	9.067883215449149e-13	True	Two-sided Wilcoxon on100 per-reference mean paired absolute-error differences; BH across87 comparisons. Support also requires concordant reference-cluster HL95% interval excluding0; unresolved is not equivalence.	False
cell	replaced|order	magicc_v5	deepcheck	100	-4.4637	-5.5909	-2.2584	-0.473	-0.5742	-0.3856	1.043664781540866e-15	4.0213	8.7684	-3.3128	-8.6833	1.297126228486505e-14	magicc_v5	1.043664781540866e-15	3.783284833085639e-15	magicc_v5	1.043664781540866e-15	100	-4.747073112876782	1.297126228486505e-14	True	Two-sided Wilcoxon on100 per-reference mean paired absolute-error differences; BH across87 comparisons. Support also requires concordant reference-cluster HL95% interval excluding0; unresolved is not equivalence.	False
cell	replaced|class	magicc_v5	checkm2	100	-5.3658	-6.9535	-3.9781	-0.5942	-0.6936	-0.4932	1.237033592256768e-14	2.4991	8.3573	-1.0386	-8.2565	6.503588413933024e-14	magicc_v5	1.237033592256768e-14	3.3631850789480886e-14	magicc_v5	1.237033592256768e-14	100	-5.858131537207798	6.503588413933024e-14	True	Two-sided Wilcoxon on100 per-reference mean paired absolute-error differences; BH across87 comparisons. Support also requires concordant reference-cluster HL95% interval excluding0; unresolved is not equivalence.	False
cell	replaced|class	magicc_v5	cocopye	100	-5.8294	-7.3508	-4.4155	-0.655	-0.7542	-0.5588	8.472927436574743e-15	2.4991	9.244	-1.0386	-5.715	5.265319192728591e-14	magicc_v5	8.472927436574743e-15	2.5418782309724234e-14	magicc_v5	8.472927436574743e-15	100	-6.74482647290133	5.265319192728591e-14	True	Two-sided Wilcoxon on100 per-reference mean paired absolute-error differences; BH across87 comparisons. Support also requires concordant reference-cluster HL95% interval excluding0; unresolved is not equivalence.	False
cell	replaced|class	magicc_v5	deepcheck	100	-5.7527	-7.1657	-4.4348	-0.61	-0.71	-0.515	1.822758080253685e-15	2.4991	8.5961	-1.0386	-8.5374	1.585799529820706e-14	magicc_v5	1.822758080253685e-15	6.099228960848871e-15	magicc_v5	1.822758080253685e-15	100	-6.096965816061986	1.585799529820706e-14	True	Two-sided Wilcoxon on100 per-reference mean paired absolute-error differences; BH across87 comparisons. Support also requires concordant reference-cluster HL95% interval excluding0; unresolved is not equivalence.	False
cell	replaced|phylum	magicc_v5	checkm2	100	-5.1186	-6.5707	-3.5418	-0.5436	-0.6508	-0.4384	4.220912101095269e-14	2.529	7.945	-0.3033	-7.6086	1.8360967639764418e-13	magicc_v5	4.2209121010952694e-14	1.11278591756148e-13	magicc_v5	4.220912101095269e-14	100	-5.416002448032414	1.8360967639764418e-13	True	Two-sided Wilcoxon on100 per-reference mean paired absolute-error differences; BH across87 comparisons. Support also requires concordant reference-cluster HL95% interval excluding0; unresolved is not equivalence.	False
cell	replaced|phylum	magicc_v5	cocopye	100	-5.5785	-7.0718	-4.3733	-0.6394	-0.7342	-0.5498	1.7242622413327714e-15	2.529	8.9442	-0.3033	-5.0846	1.585799529820706e-14	magicc_v5	1.7242622413327716e-15	6.0004325998380436e-15	magicc_v5	1.7242622413327714e-15	100	-6.415144213221892	1.585799529820706e-14	True	Two-sided Wilcoxon on100 per-reference mean paired absolute-error differences; BH across87 comparisons. Support also requires concordant reference-cluster HL95% interval excluding0; unresolved is not equivalence.	False
cell	replaced|phylum	magicc_v5	deepcheck	100	-5.5297	-6.8887	-4.1236	-0.6076	-0.7026	-0.514	5.312355559705196e-16	2.529	8.4046	-0.3033	-8.2086	7.923792523765834e-15	magicc_v5	5.312355559705196e-16	2.0094562334537044e-15	magicc_v5	5.312355559705196e-16	100	-5.875585837960013	7.923792523765834e-15	True	Two-sided Wilcoxon on100 per-reference mean paired absolute-error differences; BH across87 comparisons. Support also requires concordant reference-cluster HL95% interval excluding0; unresolved is not equivalence.	False
cell	single|species	magicc_v5	checkm2	100	-0.0046	-0.1672	0.1723	-0.0134	-0.0726	0.038	0.956127949633218	6.462	6.616	-6.3797	-6.5288	0.9561279496332181	unresolved	0.956127949633218	0.956127949633218	tie	0.956127949633218	100	-0.15400780499125408	0.9561279496332181	False	Two-sided Wilcoxon on100 per-reference mean paired absolute-error differences; BH across87 comparisons. Support also requires concordant reference-cluster HL95% interval excluding0; unresolved is not equivalence.	False
cell	single|species	magicc_v5	cocopye	100	-0.3123	-0.6139	0.0285	-0.0968	-0.1752	-0.0274	0.0658411207762095	6.462	8.1832	-6.3797	-3.8881	0.0795580209379198	unresolved	0.0658411207762095	0.0784681850346606	tie	0.0658411207762095	100	-1.7212233786173412	0.0795580209379198	False	Two-sided Wilcoxon on100 per-reference mean paired absolute-error differences; BH across87 comparisons. Support also requires concordant reference-cluster HL95% interval excluding0; unresolved is not equivalence.	False
cell	single|species	magicc_v5	deepcheck	100	-0.1499	-0.3743	0.0788	-0.0186	-0.0762	0.0318	0.20576253719593485	6.462	6.7962	-6.3797	-6.6951	0.23868454314728443	unresolved	0.2057625371959348	0.2355439570532412	tie	0.20576253719593485	100	-0.3342407889419929	0.23868454314728443	False	Two-sided Wilcoxon on100 per-reference mean paired absolute-error differences; BH across87 comparisons. Support also requires concordant reference-cluster HL95% interval excluding0; unresolved is not equivalence.	False
cell	single|genus	magicc_v5	checkm2	100	-0.0877	-0.3603	0.1597	-0.0512	-0.1138	0.0068	0.5247177003787094	7.7545	8.3299	-7.68	-8.2227	0.5635856781845396	unresolved	0.5247177003787094	0.5567126821091184	tie	0.5247177003787094	100	-0.5754622540244861	0.5635856781845396	False	Two-sided Wilcoxon on100 per-reference mean paired absolute-error differences; BH across87 comparisons. Support also requires concordant reference-cluster HL95% interval excluding0; unresolved is not equivalence.	False
cell	single|genus	magicc_v5	cocopye	100	-0.1456	-0.5255	0.304	-0.0668	-0.1358	0.0014	0.4660476227591346	7.7545	9.2115	-7.68	-4.9715	0.5132423187347431	unresolved	0.4660476227591346	0.5068267897505588	tie	0.4660476227591346	100	-1.4570080440593234	0.5132423187347431	False	Two-sided Wilcoxon on100 per-reference mean paired absolute-error differences; BH across87 comparisons. Support also requires concordant reference-cluster HL95% interval excluding0; unresolved is not equivalence.	False
cell	single|genus	magicc_v5	deepcheck	100	-0.1835	-0.4389	0.0854	-0.0658	-0.126	-0.009	0.21579136199294846	7.7545	8.4985	-7.68	-8.4688	0.24702432228140153	unresolved	0.2157913619929484	0.2438162141998248	tie	0.21579136199294846	100	-0.7440524946186603	0.24702432228140153	False	Two-sided Wilcoxon on100 per-reference mean paired absolute-error differences; BH across87 comparisons. Support also requires concordant reference-cluster HL95% interval excluding0; unresolved is not equivalence.	False
cell	single|family	magicc_v5	checkm2	100	-0.4666	-1.0895	-0.1406	-0.1414	-0.2258	-0.063	0.007320678801450492	6.4802	8.0734	-6.345	-7.957	0.009798447011172197	magicc_v5	0.0073206788014504	0.0096499856928211	magicc_v5	0.007320678801450492	100	-1.5932771446092493	0.009798447011172197	True	Two-sided Wilcoxon on100 per-reference mean paired absolute-error differences; BH across87 comparisons. Support also requires concordant reference-cluster HL95% interval excluding0; unresolved is not equivalence.	False
cell	single|family	magicc_v5	cocopye	100	-0.0248	-0.8126	0.5558	-0.0718	-0.1734	0.0224	0.9424389080177923	6.4802	8.3072	-6.345	-3.7395	0.9561279496332181	unresolved	0.9424389080177924	0.956127949633218	tie	0.9424389080177923	100	-1.8270355406461687	0.9561279496332181	False	Two-sided Wilcoxon on100 per-reference mean paired absolute-error differences; BH across87 comparisons. Support also requires concordant reference-cluster HL95% interval excluding0; unresolved is not equivalence.	False
cell	single|family	magicc_v5	deepcheck	100	-0.6997	-1.2638	-0.3309	-0.1688	-0.259	-0.0918	0.00013723330210865516	6.4802	8.3146	-6.345	-8.2774	0.00020584995316298273	magicc_v5	0.0001372333021086	0.0002023609709059	magicc_v5	0.00013723330210865516	100	-1.8344336228914875	0.00020584995316298273	True	Two-sided Wilcoxon on100 per-reference mean paired absolute-error differences; BH across87 comparisons. Support also requires concordant reference-cluster HL95% interval excluding0; unresolved is not equivalence.	False
cell	single|order	magicc_v5	checkm2	100	-2.5531	-4.2642	-1.2843	-0.3438	-0.446	-0.2502	1.056669149321793e-08	4.5631	8.0063	-4.1786	-7.8867	1.9984829563259997e-08	magicc_v5	1.056669149321793e-08	1.9559620423616168e-08	magicc_v5	1.056669149321793e-08	100	-3.44316779777484	1.9984829563259997e-08	True	Two-sided Wilcoxon on100 per-reference mean paired absolute-error differences; BH across87 comparisons. Support also requires concordant reference-cluster HL95% interval excluding0; unresolved is not equivalence.	False
cell	single|order	magicc_v5	cocopye	100	-0.8181	-1.7829	-0.0395	-0.1458	-0.2682	-0.0244	0.04428110904184587	4.5631	6.7584	-4.1786	-2.427	0.054259950516064664	unresolved	0.0442811090418458	0.0535063400922304	tie	0.04428110904184587	100	-2.195347882845221	0.054259950516064664	False	Two-sided Wilcoxon on100 per-reference mean paired absolute-error differences; BH across87 comparisons. Support also requires concordant reference-cluster HL95% interval excluding0; unresolved is not equivalence.	False
cell	single|order	magicc_v5	deepcheck	100	-2.7573	-4.6753	-1.3334	-0.3772	-0.4752	-0.2866	1.30808185424902e-10	4.5631	8.3151	-4.1786	-8.2764	3.075760035666614e-10	magicc_v5	1.30808185424902e-10	2.5864345754469256e-10	magicc_v5	1.30808185424902e-10	100	-3.752033145397581	3.075760035666614e-10	True	Two-sided Wilcoxon on100 per-reference mean paired absolute-error differences; BH across87 comparisons. Support also requires concordant reference-cluster HL95% interval excluding0; unresolved is not equivalence.	False
cell	single|class	magicc_v5	checkm2	100	-4.1354	-5.5919	-2.4868	-0.4616	-0.5636	-0.3616	1.342808921407084e-12	3.4636	8.0246	-2.8094	-7.9207	3.894145872080543e-12	magicc_v5	1.342808921407084e-12	3.07432568848464e-12	magicc_v5	1.342808921407084e-12	100	-4.560983677423632	3.894145872080543e-12	True	Two-sided Wilcoxon on100 per-reference mean paired absolute-error differences; BH across87 comparisons. Support also requires concordant reference-cluster HL95% interval excluding0; unresolved is not equivalence.	False
cell	single|class	magicc_v5	cocopye	100	-1.3776	-2.3505	-0.5619	-0.25	-0.3818	-0.1242	0.0005779359977929994	3.4636	5.9404	-2.8094	-2.0384	0.0008242693739014909	magicc_v5	0.0005779359977929	0.0007981020921903	magicc_v5	0.0005779359977929994	100	-2.4768156620181	0.0008242693739014909	True	Two-sided Wilcoxon on100 per-reference mean paired absolute-error differences; BH across87 comparisons. Support also requires concordant reference-cluster HL95% interval excluding0; unresolved is not equivalence.	False
cell	single|class	magicc_v5	deepcheck	100	-4.6395	-6.3494	-2.7744	-0.495	-0.5956	-0.4036	5.790211239472268e-15	3.4636	8.5059	-2.8094	-8.4636	4.0921435606071816e-14	magicc_v5	5.790211239472268e-15	1.8657347327188423e-14	magicc_v5	5.790211239472268e-15	100	-5.0422540138409415	4.0921435606071816e-14	True	Two-sided Wilcoxon on100 per-reference mean paired absolute-error differences; BH across87 comparisons. Support also requires concordant reference-cluster HL95% interval excluding0; unresolved is not equivalence.	False
cell	single|phylum	magicc_v5	checkm2	100	-3.8765	-5.6069	-2.4232	-0.4478	-0.561	-0.3311	1.0143962707277705e-11	2.7742	7.1693	-1.7907	-7.0215	2.5956610456857653e-11	magicc_v5	1.0143962707277705e-11	2.101249417936096e-11	magicc_v5	1.0143962707277705e-11	100	-4.395069533080861	2.5956610456857653e-11	True	Two-sided Wilcoxon on100 per-reference mean paired absolute-error differences; BH across87 comparisons. Support also requires concordant reference-cluster HL95% interval excluding0; unresolved is not equivalence.	False
cell	single|phylum	magicc_v5	cocopye	100	-1.3822	-2.3186	-0.554	-0.2262	-0.3632	-0.0926	0.0004832018361438229	2.7742	5.1857	-1.7907	-1.0643	0.0007006426624085432	magicc_v5	0.0004832018361438	0.0006780412862018	magicc_v5	0.0004832018361438229	100	-2.4115034939306823	0.0007006426624085432	True	Two-sided Wilcoxon on100 per-reference mean paired absolute-error differences; BH across87 comparisons. Support also requires concordant reference-cluster HL95% interval excluding0; unresolved is not equivalence.	False
cell	single|phylum	magicc_v5	deepcheck	100	-4.5711	-6.4631	-3.0885	-0.511	-0.6142	-0.407	8.35509864372985e-14	2.7742	7.9792	-1.7907	-7.9476	3.160406878280421e-13	magicc_v5	8.35509864372985e-14	2.1379223000132267e-13	magicc_v5	8.35509864372985e-14	100	-5.204999293390211	3.160406878280421e-13	True	Two-sided Wilcoxon on100 per-reference mean paired absolute-error differences; BH across87 comparisons. Support also requires concordant reference-cluster HL95% interval excluding0; unresolved is not equivalence.	False
pooled	ALL	magicc_v5	checkm2	1800	-0.8077	-1.1964	-0.5136	-0.1605	-0.2106	-0.1133	2.802530849858032e-10	5.3565	6.8878	-4.6436	-4.1718	6.416320629938126e-10	magicc_v5	1.6753557753747273e-28	1.0411139461257236e-27	magicc_v5	2.802530849858032e-10	100	-1.531374644412243	6.416320629938126e-10	True	Two-sided Wilcoxon on100 per-reference mean paired absolute-error differences; BH across87 comparisons. Support also requires concordant reference-cluster HL95% interval excluding0; unresolved is not equivalence.	False
pooled	ALL	magicc_v5	cocopye	1800	-1.41	-2.161	-0.8472	-0.222	-0.2795	-0.1675	8.691463376884239e-11	5.3565	8.4047	-4.6436	-0.2173	2.1004369827470242e-10	magicc_v5	7.916370098360547e-39	1.1478736642622794e-37	magicc_v5	8.691463376884239e-11	100	-3.0481970463382115	2.1004369827470242e-10	True	Two-sided Wilcoxon on100 per-reference mean paired absolute-error differences; BH across87 comparisons. Support also requires concordant reference-cluster HL95% interval excluding0; unresolved is not equivalence.	False
pooled	ALL	magicc_v5	deepcheck	1800	-0.6568	-0.9705	-0.4143	-0.1234	-0.166	-0.0824	1.490247569483896e-07	5.3565	6.7134	-4.6436	-4.9611	2.5930307709019794e-07	magicc_v5	1.1280468321264484e-23	5.772945552647119e-23	magicc_v5	1.490247569483896e-07	100	-1.3569840458466518	2.5930307709019794e-07	True	Two-sided Wilcoxon on100 per-reference mean paired absolute-error differences; BH across87 comparisons. Support also requires concordant reference-cluster HL95% interval excluding0; unresolved is not equivalence.	False
pooled	NON_REDUNDANT	magicc_v5	checkm2	1200	-1.3071	-2.2347	-0.8144	-0.27	-0.3315	-0.2124	6.836767705041719e-13	5.334	8.064	-4.7447	-7.94	2.0510303115125154e-12	magicc_v5	1.9781125695100052e-57	8.604789677368522e-56	magicc_v5	6.836767705041719e-13	100	-2.730006617025592	2.0510303115125154e-12	True	Two-sided Wilcoxon on100 per-reference mean paired absolute-error differences; BH across87 comparisons. Support also requires concordant reference-cluster HL95% interval excluding0; unresolved is not equivalence.	False
pooled	NON_REDUNDANT	magicc_v5	cocopye	1200	-1.3719	-2.2226	-0.7679	-0.2515	-0.322	-0.1884	1.6312801379458462e-09	5.334	8.3691	-4.7447	-4.2837	3.46149687808021e-09	magicc_v5	3.4906450304140124e-39	6.073722352920381e-38	magicc_v5	1.6312801379458462e-09	100	-3.035065270532674	3.46149687808021e-09	True	Two-sided Wilcoxon on100 per-reference mean paired absolute-error differences; BH across87 comparisons. Support also requires concordant reference-cluster HL95% interval excluding0; unresolved is not equivalence.	False
pooled	NON_REDUNDANT	magicc_v5	deepcheck	1200	-1.572	-2.5121	-1.032	-0.3	-0.3593	-0.2455	1.270816126860476e-14	5.334	8.3822	-4.7447	-8.3173	6.503588413933024e-14	magicc_v5	8.003526193526064e-84	6.963067788367674e-82	magicc_v5	1.270816126860476e-14	100	-3.0481535278217944	6.503588413933024e-14	True	Two-sided Wilcoxon on100 per-reference mean paired absolute-error differences; BH across87 comparisons. Support also requires concordant reference-cluster HL95% interval excluding0; unresolved is not equivalence.	False
