cohort	tool	tool_key	n	n_clusters	cluster_unit	comp_mae	comp_mae_ci_lo	comp_mae_ci_hi	comp_bias	comp_bias_ci_lo	comp_bias_ci_hi	comp_rmse	comp_r2	comp_r2_pearson	cont_mae	cont_mae_ci_lo	cont_mae_ci_hi	cont_bias	cont_bias_ci_lo	cont_bias_ci_hi	cont_rmse	cont_r2	cont_r2_pearson	true_comp_mean	true_cont_mean	true_comp_sd	true_cont_sd	r2_min_truth_sd_pp	comp_r2_interpretable	cont_r2_interpretable	denominator	note	panel	assembly	n_panel_organisms	assembly_median_bin_n50	assembly_contigs	orf_integrity_compromised
balanced_panel_all|pacbio	MAGICC V5	magicc	42	42	accession	1.8037	0.5664	3.8872	-0.8122	-2.9956	0.5414	6.1173	0.382	0.5684	1.9221	1.0134	3.1373	1.9221	1.0134	3.1373	3.9475	-1961.2985	0.0004	97.525	0.0142	7.876	0.0902	5.0	True	False	completeness = retained dominant bp / dominant reference FULL length x 100; contamination = contaminant bp / dominant reference FULL length x 100 (MAGICC convention; identical denominator for truth and for every tool's target quantity)	fragmentation gradient	balanced_panel_all	pacbio	42	1853991	228	False
balanced_panel_all|pacbio	CheckM2 1.0.1	checkm2	42	42	accession	0.6186	0.24	1.1117	-0.1999	-0.7078	0.231	1.5958	0.9579	0.9632	0.6844	0.3879	1.08	0.6684	0.3719	1.0556	1.2983	-211.2767	0.004	97.525	0.0142	7.876	0.0902	5.0	True	False	completeness = retained dominant bp / dominant reference FULL length x 100; contamination = contaminant bp / dominant reference FULL length x 100 (MAGICC convention; identical denominator for truth and for every tool's target quantity)	fragmentation gradient	balanced_panel_all	pacbio	42	1853991	228	False
balanced_panel_all|pacbio	CoCoPyE 0.5.0	cocopye	42	42	accession	1.3741	0.7713	2.0958	-0.4951	-1.2798	0.2945	2.5771	0.8903	0.8944	1.061	0.4834	1.7393	1.0326	0.4512	1.7219	2.3675	-704.8323	0.0062	97.525	0.0142	7.876	0.0902	5.0	True	False	completeness = retained dominant bp / dominant reference FULL length x 100; contamination = contaminant bp / dominant reference FULL length x 100 (MAGICC convention; identical denominator for truth and for every tool's target quantity)	fragmentation gradient	balanced_panel_all	pacbio	42	1853991	228	False
balanced_panel_all|pacbio	DeepCheck	deepcheck	42	42	accession	1.4116	1.0357	1.8581	-1.3027	-1.7629	-0.89	1.9435	0.9376	0.9693	0.4713	0.3439	0.6155	0.2666	0.0899	0.4569	0.6492	-52.0717	0.0074	97.525	0.0142	7.876	0.0902	5.0	True	False	completeness = retained dominant bp / dominant reference FULL length x 100; contamination = contaminant bp / dominant reference FULL length x 100 (MAGICC convention; identical denominator for truth and for every tool's target quantity)	fragmentation gradient	balanced_panel_all	pacbio	42	1853991	228	False
balanced_panel_all|minion	MAGICC V5	magicc	42	42	accession	5.8285	3.6985	8.4123	-1.4378	-4.403	1.4135	9.7852	0.7423	0.748	1.4933	0.7392	2.4682	1.2776	0.4876	2.2685	3.1256	-8.6661	0.0142	89.294	0.2906	19.51	1.0175	5.0	True	False	completeness = retained dominant bp / dominant reference FULL length x 100; contamination = contaminant bp / dominant reference FULL length x 100 (MAGICC convention; identical denominator for truth and for every tool's target quantity)	fragmentation gradient	balanced_panel_all	minion	42	313692	1062	True
balanced_panel_all|minion	CheckM2 1.0.1	checkm2	42	42	accession	47.5749	41.9733	53.0809	-46.7131	-52.9005	-40.4765	51.1295	-6.0356	0.1099	3.6067	2.9628	4.2763	3.5713	2.9247	4.2687	4.2195	-16.6153	0.036	89.294	0.2906	19.51	1.0175	5.0	True	False	completeness = retained dominant bp / dominant reference FULL length x 100; contamination = contaminant bp / dominant reference FULL length x 100 (MAGICC convention; identical denominator for truth and for every tool's target quantity)	fragmentation gradient	balanced_panel_all	minion	42	313692	1062	True
balanced_panel_all|minion	CoCoPyE 0.5.0	cocopye	42	42	accession	2.01	1.1433	3.1292	-0.4483	-1.5808	0.8149	3.86	0.9599	0.9609	104.2359	93.0576	115.4075	104.2359	93.0576	115.4075	110.5588	-12092.6615	0.001	89.294	0.2906	19.51	1.0175	5.0	True	False	completeness = retained dominant bp / dominant reference FULL length x 100; contamination = contaminant bp / dominant reference FULL length x 100 (MAGICC convention; identical denominator for truth and for every tool's target quantity)	fragmentation gradient	balanced_panel_all	minion	42	313692	1062	True
balanced_panel_all|minion	DeepCheck	deepcheck	42	42	accession	52.7031	46.2922	58.8694	-51.2248	-58.3202	-43.9703	56.6228	-7.6286	0.0	5.0351	3.8052	6.5902	4.9421	3.6767	6.5072	6.8964	-46.0556	0.0007	89.294	0.2906	19.51	1.0175	5.0	True	False	completeness = retained dominant bp / dominant reference FULL length x 100; contamination = contaminant bp / dominant reference FULL length x 100 (MAGICC convention; identical denominator for truth and for every tool's target quantity)	fragmentation gradient	balanced_panel_all	minion	42	313692	1062	True
balanced_panel_all|illumina	MAGICC V5	magicc	42	42	accession	3.6012	2.3074	5.6501	1.4649	-0.8545	3.0444	6.6785	0.4729	0.6125	1.3497	0.7368	2.2869	1.3497	0.7368	2.2869	2.9164	-832.3386	0.0046	94.468	0.0448	9.31	0.1023	5.0	True	False	completeness = retained dominant bp / dominant reference FULL length x 100; contamination = contaminant bp / dominant reference FULL length x 100 (MAGICC convention; identical denominator for truth and for every tool's target quantity)	fragmentation gradient	balanced_panel_all	illumina	42	10696	38519	False
balanced_panel_all|illumina	CheckM2 1.0.1	checkm2	42	42	accession	4.4411	3.0832	6.0428	-1.6484	-3.6501	0.2094	6.6266	0.481	0.8683	1.4676	0.9325	2.0991	1.4676	0.9325	2.0991	2.4088	-567.4664	0.1206	94.468	0.0448	9.31	0.1023	5.0	True	False	completeness = retained dominant bp / dominant reference FULL length x 100; contamination = contaminant bp / dominant reference FULL length x 100 (MAGICC convention; identical denominator for truth and for every tool's target quantity)	fragmentation gradient	balanced_panel_all	illumina	42	10696	38519	False
balanced_panel_all|illumina	CoCoPyE 0.5.0	cocopye	42	42	accession	3.7896	2.8107	4.9377	2.6524	1.3296	4.0089	5.2004	0.6804	0.8142	4.8078	2.6654	7.2038	4.7886	2.6416	7.1927	8.8811	-7726.7817	0.1186	94.468	0.0448	9.31	0.1023	5.0	True	False	completeness = retained dominant bp / dominant reference FULL length x 100; contamination = contaminant bp / dominant reference FULL length x 100 (MAGICC convention; identical denominator for truth and for every tool's target quantity)	fragmentation gradient	balanced_panel_all	illumina	42	10696	38519	False
balanced_panel_all|illumina	DeepCheck	deepcheck	42	42	accession	4.6761	3.0641	6.6683	-3.1567	-5.3901	-1.2024	7.6619	0.3062	0.8935	1.1282	0.7306	1.5539	0.9954	0.5613	1.4435	1.7765	-308.2203	0.2566	94.468	0.0448	9.31	0.1023	5.0	True	False	completeness = retained dominant bp / dominant reference FULL length x 100; contamination = contaminant bp / dominant reference FULL length x 100 (MAGICC convention; identical denominator for truth and for every tool's target quantity)	fragmentation gradient	balanced_panel_all	illumina	42	10696	38519	False
balanced_panel_all|s5	MAGICC V5	magicc	42	42	accession	6.1681	4.1096	8.7035	4.0133	1.0293	6.615	9.8154	0.6985	0.7542	1.3608	0.7172	2.2902	0.8477	0.1338	1.8639	2.922	-8.344	0.015	88.212	0.7563	18.091	0.9675	5.0	True	False	completeness = retained dominant bp / dominant reference FULL length x 100; contamination = contaminant bp / dominant reference FULL length x 100 (MAGICC convention; identical denominator for truth and for every tool's target quantity)	fragmentation gradient	balanced_panel_all	s5	42	6522	38807	False
balanced_panel_all|s5	CheckM2 1.0.1	checkm2	42	42	accession	6.3446	4.7716	8.039	-3.5075	-5.8121	-1.2437	8.4537	0.7763	0.8552	2.1052	1.53	2.7428	2.0368	1.4452	2.6861	2.9078	-8.2533	0.348	88.212	0.7563	18.091	0.9675	5.0	True	False	completeness = retained dominant bp / dominant reference FULL length x 100; contamination = contaminant bp / dominant reference FULL length x 100 (MAGICC convention; identical denominator for truth and for every tool's target quantity)	fragmentation gradient	balanced_panel_all	s5	42	6522	38807	False
balanced_panel_all|s5	CoCoPyE 0.5.0	cocopye	42	42	accession	5.3258	3.8912	6.995	4.4785	2.7588	6.3241	7.3526	0.8308	0.9241	11.2717	8.08	14.666	11.2506	8.0279	14.655	15.7158	-269.3026	0.0441	88.212	0.7563	18.091	0.9675	5.0	True	False	completeness = retained dominant bp / dominant reference FULL length x 100; contamination = contaminant bp / dominant reference FULL length x 100 (MAGICC convention; identical denominator for truth and for every tool's target quantity)	fragmentation gradient	balanced_panel_all	s5	42	6522	38807	False
balanced_panel_all|s5	DeepCheck	deepcheck	42	42	accession	8.6542	6.4414	11.1203	-7.2051	-10.0933	-4.4728	11.7855	0.5653	0.8102	1.8877	1.3538	2.4282	1.5829	0.9709	2.2054	2.6066	-6.4358	0.0764	88.212	0.7563	18.091	0.9675	5.0	True	False	completeness = retained dominant bp / dominant reference FULL length x 100; contamination = contaminant bp / dominant reference FULL length x 100 (MAGICC convention; identical denominator for truth and for every tool's target quantity)	fragmentation gradient	balanced_panel_all	s5	42	6522	38807	False
balanced_panel_all|proton	MAGICC V5	magicc	42	42	accession	6.5417	4.3651	9.1818	4.4539	1.4902	7.1945	10.279	0.7014	0.7692	1.0989	0.5625	1.9331	0.7396	0.1375	1.6449	2.5832	-8.5364	0.0997	87.638	0.7187	19.039	0.8466	5.0	True	False	completeness = retained dominant bp / dominant reference FULL length x 100; contamination = contaminant bp / dominant reference FULL length x 100 (MAGICC convention; identical denominator for truth and for every tool's target quantity)	fragmentation gradient	balanced_panel_all	proton	42	5244	38534	False
balanced_panel_all|proton	CheckM2 1.0.1	checkm2	42	42	accession	8.5735	6.4292	10.851	-6.9692	-9.7149	-4.4288	11.2091	0.6449	0.8084	2.3147	1.7283	2.917	2.057	1.4097	2.7314	3.0506	-12.3004	0.0367	87.638	0.7187	19.039	0.8466	5.0	True	False	completeness = retained dominant bp / dominant reference FULL length x 100; contamination = contaminant bp / dominant reference FULL length x 100 (MAGICC convention; identical denominator for truth and for every tool's target quantity)	fragmentation gradient	balanced_panel_all	proton	42	5244	38534	False
balanced_panel_all|proton	CoCoPyE 0.5.0	cocopye	42	42	accession	5.2321	3.7741	6.8527	4.5198	2.9013	6.268	7.2274	0.8524	0.9291	16.3466	12.0232	20.823	16.3459	12.0219	20.8223	21.8081	-678.6976	0.0027	87.638	0.7187	19.039	0.8466	5.0	True	False	completeness = retained dominant bp / dominant reference FULL length x 100; contamination = contaminant bp / dominant reference FULL length x 100 (MAGICC convention; identical denominator for truth and for every tool's target quantity)	fragmentation gradient	balanced_panel_all	proton	42	5244	38534	False
balanced_panel_all|proton	DeepCheck	deepcheck	42	42	accession	10.6456	8.0718	13.3919	-10.1714	-13.1003	-7.3993	13.894	0.4545	0.7992	1.8194	1.3034	2.3724	1.6006	1.0397	2.2045	2.5033	-7.9559	0.0466	87.638	0.7187	19.039	0.8466	5.0	True	False	completeness = retained dominant bp / dominant reference FULL length x 100; contamination = contaminant bp / dominant reference FULL length x 100 (MAGICC convention; identical denominator for truth and for every tool's target quantity)	fragmentation gradient	balanced_panel_all	proton	42	5244	38534	False
balanced_panel_all|mgiseq_2000	MAGICC V5	magicc	42	42	accession	5.6303	3.6515	8.146	3.3837	0.4876	5.8045	9.2743	0.7476	0.7863	1.3206	0.6784	2.3121	1.3169	0.6705	2.3121	2.9752	-1909.8401	0.0085	87.767	0.0397	18.683	0.0689	5.0	True	False	completeness = retained dominant bp / dominant reference FULL length x 100; contamination = contaminant bp / dominant reference FULL length x 100 (MAGICC convention; identical denominator for truth and for every tool's target quantity)	fragmentation gradient	balanced_panel_all	mgiseq_2000	42	2231	74504	False
balanced_panel_all|mgiseq_2000	CheckM2 1.0.1	checkm2	42	42	accession	7.107	4.9042	9.5536	-4.1519	-7.1437	-1.2963	10.5784	0.6716	0.8441	1.7624	1.1077	2.4705	1.7624	1.1077	2.4705	2.8688	-1775.5874	0.2007	87.767	0.0397	18.683	0.0689	5.0	True	False	completeness = retained dominant bp / dominant reference FULL length x 100; contamination = contaminant bp / dominant reference FULL length x 100 (MAGICC convention; identical denominator for truth and for every tool's target quantity)	fragmentation gradient	balanced_panel_all	mgiseq_2000	42	2231	74504	False
balanced_panel_all|mgiseq_2000	CoCoPyE 0.5.0	cocopye	42	42	accession	6.849	4.8671	9.0664	6.1014	3.9037	8.4105	9.7809	0.7193	0.9052	10.1414	6.7246	13.6451	10.1375	6.7185	13.6448	15.2268	-50050.2802	0.2533	87.767	0.0397	18.683	0.0689	5.0	True	False	completeness = retained dominant bp / dominant reference FULL length x 100; contamination = contaminant bp / dominant reference FULL length x 100 (MAGICC convention; identical denominator for truth and for every tool's target quantity)	fragmentation gradient	balanced_panel_all	mgiseq_2000	42	2231	74504	False
balanced_panel_all|mgiseq_2000	DeepCheck	deepcheck	42	42	accession	8.4223	5.8702	11.1923	-6.8818	-10.0422	-3.8394	12.4672	0.5439	0.8506	1.7703	1.2099	2.3615	1.669	1.0692	2.2738	2.6313	-1493.6433	0.3376	87.767	0.0397	18.683	0.0689	5.0	True	False	completeness = retained dominant bp / dominant reference FULL length x 100; contamination = contaminant bp / dominant reference FULL length x 100 (MAGICC convention; identical denominator for truth and for every tool's target quantity)	fragmentation gradient	balanced_panel_all	mgiseq_2000	42	2231	74504	False
balanced_panel_all|mgiseq_t7	MAGICC V5	magicc	42	42	accession	5.8778	3.8282	8.426	3.5786	0.6117	6.1039	9.5262	0.7548	0.7938	1.3726	0.747	2.3614	1.3726	0.747	2.3614	2.9953	-2074.5317	0.0173	86.457	0.0374	19.471	0.0665	5.0	True	False	completeness = retained dominant bp / dominant reference FULL length x 100; contamination = contaminant bp / dominant reference FULL length x 100 (MAGICC convention; identical denominator for truth and for every tool's target quantity)	fragmentation gradient	balanced_panel_all	mgiseq_t7	42	1645	81769	False
balanced_panel_all|mgiseq_t7	CheckM2 1.0.1	checkm2	42	42	accession	7.6642	5.3614	10.1424	-4.6472	-7.7508	-1.7047	11.0866	0.6679	0.8281	1.8035	1.221	2.4194	1.8035	1.221	2.4194	2.6926	-1676.2699	0.1129	86.457	0.0374	19.471	0.0665	5.0	True	False	completeness = retained dominant bp / dominant reference FULL length x 100; contamination = contaminant bp / dominant reference FULL length x 100 (MAGICC convention; identical denominator for truth and for every tool's target quantity)	fragmentation gradient	balanced_panel_all	mgiseq_t7	42	1645	81769	False
balanced_panel_all|mgiseq_t7	CoCoPyE 0.5.0	cocopye	42	42	accession	8.0614	5.5046	10.7397	7.2869	4.504	10.0698	11.9173	0.6163	0.8474	10.6105	7.1567	14.2193	10.6101	7.156	14.219	15.715	-57132.1514	0.2385	86.457	0.0374	19.471	0.0665	5.0	True	False	completeness = retained dominant bp / dominant reference FULL length x 100; contamination = contaminant bp / dominant reference FULL length x 100 (MAGICC convention; identical denominator for truth and for every tool's target quantity)	fragmentation gradient	balanced_panel_all	mgiseq_t7	42	1645	81769	False
balanced_panel_all|mgiseq_t7	DeepCheck	deepcheck	42	42	accession	8.5606	6.0194	11.2451	-7.0382	-10.1649	-3.9626	12.3889	0.5853	0.875	1.6966	1.1532	2.2634	1.5977	1.025	2.1777	2.503	-1448.3778	0.2467	86.457	0.0374	19.471	0.0665	5.0	True	False	completeness = retained dominant bp / dominant reference FULL length x 100; contamination = contaminant bp / dominant reference FULL length x 100 (MAGICC convention; identical denominator for truth and for every tool's target quantity)	fragmentation gradient	balanced_panel_all	mgiseq_t7	42	1645	81769	False
balanced_panel_comp>=50|pacbio	MAGICC V5	magicc	37	37	accession	1.7348	0.4148	4.0164	-1.2296	-3.6533	0.1703	6.4233	0.3166	0.5597	2.0554	1.0296	3.2745	2.0554	1.0296	3.2745	4.1787	-1942.8279	0.0007	97.969	0.0161	7.877	0.0961	5.0	True	False	completeness = retained dominant bp / dominant reference FULL length x 100; contamination = contaminant bp / dominant reference FULL length x 100 (MAGICC convention; identical denominator for truth and for every tool's target quantity)	fragmentation gradient	balanced_panel_comp>=50	pacbio	37	1853991	138	False
balanced_panel_comp>=50|pacbio	CheckM2 1.0.1	checkm2	37	37	accession	0.303	0.1298	0.5673	0.1369	-0.0563	0.425	0.765	0.9903	0.9907	0.4933	0.2949	0.7486	0.4752	0.2709	0.735	0.8806	-85.3218	0.0033	97.969	0.0161	7.877	0.0961	5.0	True	False	completeness = retained dominant bp / dominant reference FULL length x 100; contamination = contaminant bp / dominant reference FULL length x 100 (MAGICC convention; identical denominator for truth and for every tool's target quantity)	fragmentation gradient	balanced_panel_comp>=50	pacbio	37	1853991	138	False
balanced_panel_comp>=50|pacbio	CoCoPyE 0.5.0	cocopye	37	37	accession	1.347	0.6948	2.1848	-0.5985	-1.5032	0.2029	2.6151	0.8867	0.8936	0.9046	0.3579	1.6252	0.8724	0.3265	1.6014	2.1277	-502.9699	0.0061	97.969	0.0161	7.877	0.0961	5.0	True	False	completeness = retained dominant bp / dominant reference FULL length x 100; contamination = contaminant bp / dominant reference FULL length x 100 (MAGICC convention; identical denominator for truth and for every tool's target quantity)	fragmentation gradient	balanced_panel_comp>=50	pacbio	37	1853991	138	False
balanced_panel_comp>=50|pacbio	DeepCheck	deepcheck	37	37	accession	1.3929	1.0177	1.8535	-1.2693	-1.7327	-0.8407	1.91	0.9396	0.9699	0.4581	0.3172	0.6024	0.2257	0.0447	0.4303	0.6337	-43.7024	0.0064	97.969	0.0161	7.877	0.0961	5.0	True	False	completeness = retained dominant bp / dominant reference FULL length x 100; contamination = contaminant bp / dominant reference FULL length x 100 (MAGICC convention; identical denominator for truth and for every tool's target quantity)	fragmentation gradient	balanced_panel_comp>=50	pacbio	37	1853991	138	False
balanced_panel_comp>=50|minion	MAGICC V5	magicc	37	37	accession	4.876	2.86	7.6595	-3.3723	-6.4384	-1.0426	8.9274	-0.0508	0.5193	1.6189	0.7665	2.6314	1.374	0.4898	2.4438	3.3193	-8.6794	0.012	95.339	0.3198	8.829	1.0816	5.0	True	False	completeness = retained dominant bp / dominant reference FULL length x 100; contamination = contaminant bp / dominant reference FULL length x 100 (MAGICC convention; identical denominator for truth and for every tool's target quantity)	fragmentation gradient	balanced_panel_comp>=50	minion	37	313692	702	True
balanced_panel_comp>=50|minion	CheckM2 1.0.1	checkm2	37	37	accession	51.8021	46.6815	56.6597	-51.8021	-56.6597	-46.6815	54.0337	-37.4956	0.1183	3.4137	2.8158	4.0887	3.3735	2.7405	4.0485	3.9335	-12.5924	0.0499	95.339	0.3198	8.829	1.0816	5.0	True	False	completeness = retained dominant bp / dominant reference FULL length x 100; contamination = contaminant bp / dominant reference FULL length x 100 (MAGICC convention; identical denominator for truth and for every tool's target quantity)	fragmentation gradient	balanced_panel_comp>=50	minion	37	313692	702	True
balanced_panel_comp>=50|minion	CoCoPyE 0.5.0	cocopye	37	37	accession	1.5818	0.8826	2.467	-1.0146	-1.9294	-0.2263	2.889	0.89	0.9251	107.7445	96.1397	119.5867	107.7445	96.1397	119.5867	113.9371	-11403.5314	0.0001	95.339	0.3198	8.829	1.0816	5.0	True	False	completeness = retained dominant bp / dominant reference FULL length x 100; contamination = contaminant bp / dominant reference FULL length x 100 (MAGICC convention; identical denominator for truth and for every tool's target quantity)	fragmentation gradient	balanced_panel_comp>=50	minion	37	313692	702	True
balanced_panel_comp>=50|minion	DeepCheck	deepcheck	37	37	accession	57.4668	52.2215	62.1449	-57.4668	-62.1449	-52.2215	59.6021	-45.8388	0.0271	4.2774	3.2858	5.4488	4.1719	3.1041	5.3764	5.3743	-24.3746	0.0039	95.339	0.3198	8.829	1.0816	5.0	True	False	completeness = retained dominant bp / dominant reference FULL length x 100; contamination = contaminant bp / dominant reference FULL length x 100 (MAGICC convention; identical denominator for truth and for every tool's target quantity)	fragmentation gradient	balanced_panel_comp>=50	minion	37	313692	702	True
balanced_panel_comp>=50|illumina	MAGICC V5	magicc	37	37	accession	3.6359	2.1962	5.8737	1.2109	-1.3976	2.9674	6.9676	-6.8536	0.0143	1.4419	0.7649	2.4642	1.4419	0.7649	2.4642	3.0916	-1707.3059	0.0096	97.206	0.0303	2.521	0.0758	5.0	False	False	completeness = retained dominant bp / dominant reference FULL length x 100; contamination = contaminant bp / dominant reference FULL length x 100 (MAGICC convention; identical denominator for truth and for every tool's target quantity)	fragmentation gradient	balanced_panel_comp>=50	illumina	37	10696	13280	False
balanced_panel_comp>=50|illumina	CheckM2 1.0.1	checkm2	37	37	accession	3.1886	2.1709	4.3708	-0.0185	-1.6549	1.4332	4.7194	-2.6031	0.1584	1.1987	0.7065	1.7397	1.1987	0.7065	1.7397	2.0351	-739.2402	0.0475	97.206	0.0303	2.521	0.0758	5.0	False	False	completeness = retained dominant bp / dominant reference FULL length x 100; contamination = contaminant bp / dominant reference FULL length x 100 (MAGICC convention; identical denominator for truth and for every tool's target quantity)	fragmentation gradient	balanced_panel_comp>=50	illumina	37	10696	13280	False
balanced_panel_comp>=50|illumina	CoCoPyE 0.5.0	cocopye	37	37	accession	2.8871	2.2029	3.6847	1.5962	0.459	2.6253	3.7057	-1.2215	0.0034	2.8572	1.48	4.5018	2.8354	1.4579	4.4911	5.5598	-5523.7557	0.005	97.206	0.0303	2.521	0.0758	5.0	False	False	completeness = retained dominant bp / dominant reference FULL length x 100; contamination = contaminant bp / dominant reference FULL length x 100 (MAGICC convention; identical denominator for truth and for every tool's target quantity)	fragmentation gradient	balanced_panel_comp>=50	illumina	37	10696	13280	False
balanced_panel_comp>=50|illumina	DeepCheck	deepcheck	37	37	accession	2.9924	1.9758	4.2282	-1.2677	-2.7796	0.1014	4.5581	-2.361	0.21	0.8867	0.5473	1.2946	0.736	0.3519	1.1591	1.4606	-380.299	0.0608	97.206	0.0303	2.521	0.0758	5.0	False	False	completeness = retained dominant bp / dominant reference FULL length x 100; contamination = contaminant bp / dominant reference FULL length x 100 (MAGICC convention; identical denominator for truth and for every tool's target quantity)	fragmentation gradient	balanced_panel_comp>=50	illumina	37	10696	13280	False
balanced_panel_comp>=50|s5	MAGICC V5	magicc	37	37	accession	5.1146	3.4474	7.3512	2.6686	-0.1311	4.7125	8.0356	-0.3848	0.2609	1.4975	0.8067	2.5207	0.9308	0.1346	1.9904	3.109	-8.5307	0.0109	93.243	0.8043	6.923	1.021	5.0	True	False	completeness = retained dominant bp / dominant reference FULL length x 100; contamination = contaminant bp / dominant reference FULL length x 100 (MAGICC convention; identical denominator for truth and for every tool's target quantity)	fragmentation gradient	balanced_panel_comp>=50	s5	37	6522	24385	False
balanced_panel_comp>=50|s5	CheckM2 1.0.1	checkm2	37	37	accession	5.6011	4.0	7.3289	-2.9159	-5.1887	-0.6517	7.665	-0.26	0.6435	2.0504	1.4168	2.7975	1.9727	1.3161	2.7443	2.9305	-7.4681	0.3613	93.243	0.8043	6.923	1.021	5.0	True	False	completeness = retained dominant bp / dominant reference FULL length x 100; contamination = contaminant bp / dominant reference FULL length x 100 (MAGICC convention; identical denominator for truth and for every tool's target quantity)	fragmentation gradient	balanced_panel_comp>=50	s5	37	6522	24385	False
balanced_panel_comp>=50|s5	CoCoPyE 0.5.0	cocopye	37	37	accession	4.5295	3.2943	5.9084	3.5676	1.9513	5.1202	6.1152	0.198	0.4768	10.542	6.9102	14.2867	10.518	6.9102	14.2524	15.3835	-232.3456	0.0584	93.243	0.8043	6.923	1.021	5.0	True	False	completeness = retained dominant bp / dominant reference FULL length x 100; contamination = contaminant bp / dominant reference FULL length x 100 (MAGICC convention; identical denominator for truth and for every tool's target quantity)	fragmentation gradient	balanced_panel_comp>=50	s5	37	6522	24385	False
balanced_panel_comp>=50|s5	DeepCheck	deepcheck	37	37	accession	7.7797	5.2566	10.366	-6.7019	-9.6606	-3.8451	11.1483	-1.6655	0.6721	1.89	1.2995	2.508	1.5457	0.8788	2.2787	2.6292	-5.8162	0.0774	93.243	0.8043	6.923	1.021	5.0	True	False	completeness = retained dominant bp / dominant reference FULL length x 100; contamination = contaminant bp / dominant reference FULL length x 100 (MAGICC convention; identical denominator for truth and for every tool's target quantity)	fragmentation gradient	balanced_panel_comp>=50	s5	37	6522	24385	False
balanced_panel_comp>=50|proton	MAGICC V5	magicc	37	37	accession	5.3264	3.6858	7.5413	2.9564	0.1524	4.9911	8.0964	-0.2796	0.2597	1.1481	0.5633	2.0754	0.7663	0.1242	1.7086	2.7224	-8.5856	0.0966	92.99	0.7656	7.256	0.8914	5.0	True	False	completeness = retained dominant bp / dominant reference FULL length x 100; contamination = contaminant bp / dominant reference FULL length x 100 (MAGICC convention; identical denominator for truth and for every tool's target quantity)	fragmentation gradient	balanced_panel_comp>=50	proton	37	5244	25649	False
balanced_panel_comp>=50|proton	CheckM2 1.0.1	checkm2	37	37	accession	8.7062	6.4727	11.0316	-7.1203	-9.9544	-4.2782	11.2909	-1.4886	0.5787	2.3396	1.7179	3.0415	2.0471	1.3024	2.8311	3.1322	-11.6887	0.0357	92.99	0.7656	7.256	0.8914	5.0	True	False	completeness = retained dominant bp / dominant reference FULL length x 100; contamination = contaminant bp / dominant reference FULL length x 100 (MAGICC convention; identical denominator for truth and for every tool's target quantity)	fragmentation gradient	balanced_panel_comp>=50	proton	37	5244	25649	False
balanced_panel_comp>=50|proton	CoCoPyE 0.5.0	cocopye	37	37	accession	4.6327	3.27	6.1369	3.8241	2.1546	5.4891	6.5083	0.1731	0.4802	15.7022	11.0511	20.6105	15.7014	11.0503	20.6105	21.6713	-606.4236	0.0014	92.99	0.7656	7.256	0.8914	5.0	True	False	completeness = retained dominant bp / dominant reference FULL length x 100; contamination = contaminant bp / dominant reference FULL length x 100 (MAGICC convention; identical denominator for truth and for every tool's target quantity)	fragmentation gradient	balanced_panel_comp>=50	proton	37	5244	25649	False
balanced_panel_comp>=50|proton	DeepCheck	deepcheck	37	37	accession	10.4985	7.5365	13.3639	-10.1962	-13.1968	-7.1044	13.8767	-2.7589	0.6661	1.8386	1.294	2.4362	1.5978	0.9896	2.2626	2.5353	-7.3135	0.0431	92.99	0.7656	7.256	0.8914	5.0	True	False	completeness = retained dominant bp / dominant reference FULL length x 100; contamination = contaminant bp / dominant reference FULL length x 100 (MAGICC convention; identical denominator for truth and for every tool's target quantity)	fragmentation gradient	balanced_panel_comp>=50	proton	37	5244	25649	False
balanced_panel_comp>=50|mgiseq_2000	MAGICC V5	magicc	37	37	accession	4.5276	2.8315	6.6963	1.9774	-0.7266	3.9722	7.7232	0.0087	0.3682	1.46	0.7448	2.5159	1.46	0.7448	2.5159	3.1666	-2922.8122	0.0024	93.211	0.0304	7.864	0.0594	5.0	True	False	completeness = retained dominant bp / dominant reference FULL length x 100; contamination = contaminant bp / dominant reference FULL length x 100 (MAGICC convention; identical denominator for truth and for every tool's target quantity)	fragmentation gradient	balanced_panel_comp>=50	mgiseq_2000	37	2231	46663	False
balanced_panel_comp>=50|mgiseq_2000	CheckM2 1.0.1	checkm2	37	37	accession	6.75	4.3167	9.4136	-3.6142	-6.8402	-0.6345	10.4887	-0.8282	0.8005	1.7785	1.091	2.5915	1.7785	1.091	2.5915	2.9377	-2515.4931	0.4034	93.211	0.0304	7.864	0.0594	5.0	True	False	completeness = retained dominant bp / dominant reference FULL length x 100; contamination = contaminant bp / dominant reference FULL length x 100 (MAGICC convention; identical denominator for truth and for every tool's target quantity)	fragmentation gradient	balanced_panel_comp>=50	mgiseq_2000	37	2231	46663	False
balanced_panel_comp>=50|mgiseq_2000	CoCoPyE 0.5.0	cocopye	37	37	accession	5.2821	3.6285	7.0601	4.4335	2.5237	6.4694	7.5744	0.0466	0.4118	9.3554	5.6481	13.2126	9.351	5.6372	13.209	14.9587	-65245.0879	0.3666	93.211	0.0304	7.864	0.0594	5.0	True	False	completeness = retained dominant bp / dominant reference FULL length x 100; contamination = contaminant bp / dominant reference FULL length x 100 (MAGICC convention; identical denominator for truth and for every tool's target quantity)	fragmentation gradient	balanced_panel_comp>=50	mgiseq_2000	37	2231	46663	False
balanced_panel_comp>=50|mgiseq_2000	DeepCheck	deepcheck	37	37	accession	7.7213	4.882	10.6501	-5.9726	-9.3318	-2.7505	12.0052	-1.3951	0.8471	1.7126	1.0767	2.437	1.5976	0.9344	2.3507	2.6784	-2090.8581	0.4019	93.211	0.0304	7.864	0.0594	5.0	True	False	completeness = retained dominant bp / dominant reference FULL length x 100; contamination = contaminant bp / dominant reference FULL length x 100 (MAGICC convention; identical denominator for truth and for every tool's target quantity)	fragmentation gradient	balanced_panel_comp>=50	mgiseq_2000	37	2231	46663	False
balanced_panel_comp>=50|mgiseq_t7	MAGICC V5	magicc	37	37	accession	4.8262	3.1095	6.9972	2.2164	-0.4918	4.2619	7.9322	0.4346	0.5703	1.3596	0.7252	2.3818	1.3596	0.7252	2.3818	3.0394	-3435.5686	0.0175	91.778	0.0283	10.694	0.0526	5.0	True	False	completeness = retained dominant bp / dominant reference FULL length x 100; contamination = contaminant bp / dominant reference FULL length x 100 (MAGICC convention; identical denominator for truth and for every tool's target quantity)	fragmentation gradient	balanced_panel_comp>=50	mgiseq_t7	37	1645	52093	False
balanced_panel_comp>=50|mgiseq_t7	CheckM2 1.0.1	checkm2	37	37	accession	7.4545	4.7954	10.2172	-4.6292	-8.0262	-1.4113	11.2035	-0.128	0.8501	1.6479	1.0206	2.3677	1.6479	1.0206	2.3677	2.6209	-2554.255	0.1852	91.778	0.0283	10.694	0.0526	5.0	True	False	completeness = retained dominant bp / dominant reference FULL length x 100; contamination = contaminant bp / dominant reference FULL length x 100 (MAGICC convention; identical denominator for truth and for every tool's target quantity)	fragmentation gradient	balanced_panel_comp>=50	mgiseq_t7	37	1645	52093	False
balanced_panel_comp>=50|mgiseq_t7	CoCoPyE 0.5.0	cocopye	37	37	accession	6.4031	4.1426	8.816	5.5239	3.0958	8.1416	9.7588	0.1442	0.516	9.5627	5.9538	13.3293	9.5623	5.9536	13.329	15.1035	-84859.5481	0.3447	91.778	0.0283	10.694	0.0526	5.0	True	False	completeness = retained dominant bp / dominant reference FULL length x 100; contamination = contaminant bp / dominant reference FULL length x 100 (MAGICC convention; identical denominator for truth and for every tool's target quantity)	fragmentation gradient	balanced_panel_comp>=50	mgiseq_t7	37	1645	52093	False
balanced_panel_comp>=50|mgiseq_t7	DeepCheck	deepcheck	37	37	accession	7.8536	5.0824	10.8268	-6.1255	-9.5498	-2.9712	11.8632	-0.2647	0.8777	1.6134	1.0181	2.2263	1.5012	0.8607	2.1447	2.4796	-2286.2909	0.4063	91.778	0.0283	10.694	0.0526	5.0	True	False	completeness = retained dominant bp / dominant reference FULL length x 100; contamination = contaminant bp / dominant reference FULL length x 100 (MAGICC convention; identical denominator for truth and for every tool's target quantity)	fragmentation gradient	balanced_panel_comp>=50	mgiseq_t7	37	1645	52093	False
balanced_panel_comp>=50_leakage_free|pacbio	MAGICC V5	magicc	14	14	accession	1.0786	0.2743	2.3649	-0.7906	-2.1538	0.1095	2.3803	-59.927	0.0664	1.8655	0.526	3.7551	1.8655	0.526	3.7551	3.8108	-639.4731	0.001	99.805	0.0418	0.316	0.1563	5.0	False	False	completeness = retained dominant bp / dominant reference FULL length x 100; contamination = contaminant bp / dominant reference FULL length x 100 (MAGICC convention; identical denominator for truth and for every tool's target quantity)	fragmentation gradient	balanced_panel_comp>=50_leakage_free	pacbio	14	1853991	30	False
balanced_panel_comp>=50_leakage_free|pacbio	CheckM2 1.0.1	checkm2	14	14	accession	0.1834	0.0498	0.3362	0.1726	0.0339	0.3264	0.3412	-0.2521	0.0748	0.7582	0.2825	1.4169	0.7104	0.2004	1.3756	1.3136	-75.1033	0.0168	99.805	0.0418	0.316	0.1563	5.0	False	False	completeness = retained dominant bp / dominant reference FULL length x 100; contamination = contaminant bp / dominant reference FULL length x 100 (MAGICC convention; identical denominator for truth and for every tool's target quantity)	fragmentation gradient	balanced_panel_comp>=50_leakage_free	pacbio	14	1853991	30	False
balanced_panel_comp>=50_leakage_free|pacbio	CoCoPyE 0.5.0	cocopye	14	14	accession	0.3394	0.1552	0.5278	-0.0284	-0.3006	0.2297	0.4999	-1.6878	0.0177	0.202	0.0	0.4629	0.1185	-0.0835	0.3794	0.4654	-8.5527	0.0119	99.805	0.0418	0.316	0.1563	5.0	False	False	completeness = retained dominant bp / dominant reference FULL length x 100; contamination = contaminant bp / dominant reference FULL length x 100 (MAGICC convention; identical denominator for truth and for every tool's target quantity)	fragmentation gradient	balanced_panel_comp>=50_leakage_free	pacbio	14	1853991	30	False
balanced_panel_comp>=50_leakage_free|pacbio	DeepCheck	deepcheck	14	14	accession	1.016	0.6954	1.3722	-1.016	-1.3722	-0.6954	1.1984	-14.4445	0.0008	0.5009	0.2712	0.7701	0.1836	-0.1381	0.5503	0.6916	-20.0944	0.0134	99.805	0.0418	0.316	0.1563	5.0	False	False	completeness = retained dominant bp / dominant reference FULL length x 100; contamination = contaminant bp / dominant reference FULL length x 100 (MAGICC convention; identical denominator for truth and for every tool's target quantity)	fragmentation gradient	balanced_panel_comp>=50_leakage_free	pacbio	14	1853991	30	False
balanced_panel_comp>=50_leakage_free|minion	MAGICC V5	magicc	14	14	accession	5.5331	2.5148	9.3495	-3.8666	-8.3755	-0.1921	8.6233	-22.9456	0.0868	0.9317	0.2662	2.0333	0.6375	-0.1287	1.8308	2.0591	-7.0335	0.0013	98.904	0.2815	1.829	0.7539	5.0	False	False	completeness = retained dominant bp / dominant reference FULL length x 100; contamination = contaminant bp / dominant reference FULL length x 100 (MAGICC convention; identical denominator for truth and for every tool's target quantity)	fragmentation gradient	balanced_panel_comp>=50_leakage_free	minion	14	313692	218	True
balanced_panel_comp>=50_leakage_free|minion	CheckM2 1.0.1	checkm2	14	14	accession	53.1784	44.6662	60.9239	-53.1784	-60.9239	-44.6662	55.3968	-987.2051	0.0237	3.6192	2.5279	4.8255	3.6192	2.5279	4.8255	4.2498	-33.221	0.0945	98.904	0.2815	1.829	0.7539	5.0	False	False	completeness = retained dominant bp / dominant reference FULL length x 100; contamination = contaminant bp / dominant reference FULL length x 100 (MAGICC convention; identical denominator for truth and for every tool's target quantity)	fragmentation gradient	balanced_panel_comp>=50_leakage_free	minion	14	313692	218	True
balanced_panel_comp>=50_leakage_free|minion	CoCoPyE 0.5.0	cocopye	14	14	accession	0.658	0.2845	1.1446	-0.5465	-1.073	-0.1254	1.0635	0.6358	0.7614	113.0067	94.6709	132.999	113.0067	94.6709	132.999	119.1814	-26912.2284	0.0137	98.904	0.2815	1.829	0.7539	5.0	False	False	completeness = retained dominant bp / dominant reference FULL length x 100; contamination = contaminant bp / dominant reference FULL length x 100 (MAGICC convention; identical denominator for truth and for every tool's target quantity)	fragmentation gradient	balanced_panel_comp>=50_leakage_free	minion	14	313692	218	True
balanced_panel_comp>=50_leakage_free|minion	DeepCheck	deepcheck	14	14	accession	60.8884	52.6802	68.7315	-60.8884	-68.7315	-52.6802	62.7993	-1268.9488	0.0189	3.0878	2.0183	4.1761	2.8089	1.4679	4.0714	3.7342	-25.421	0.0416	98.904	0.2815	1.829	0.7539	5.0	False	False	completeness = retained dominant bp / dominant reference FULL length x 100; contamination = contaminant bp / dominant reference FULL length x 100 (MAGICC convention; identical denominator for truth and for every tool's target quantity)	fragmentation gradient	balanced_panel_comp>=50_leakage_free	minion	14	313692	218	True
balanced_panel_comp>=50_leakage_free|illumina	MAGICC V5	magicc	14	14	accession	3.1765	1.9445	4.7828	2.111	0.27	4.0853	4.1056	-1.4848	0.0081	0.7555	0.3369	1.2227	0.7555	0.3369	1.2227	1.1456	-110.5529	0.0	96.925	0.0701	2.703	0.1126	5.0	False	False	completeness = retained dominant bp / dominant reference FULL length x 100; contamination = contaminant bp / dominant reference FULL length x 100 (MAGICC convention; identical denominator for truth and for every tool's target quantity)	fragmentation gradient	balanced_panel_comp>=50_leakage_free	illumina	14	10696	6733	False
balanced_panel_comp>=50_leakage_free|illumina	CheckM2 1.0.1	checkm2	14	14	accession	2.1265	1.3903	2.9606	1.4689	0.3352	2.6172	2.6159	-0.0088	0.4673	1.8941	0.8976	3.0939	1.8941	0.8976	3.0939	2.8227	-676.2674	0.0	96.925	0.0701	2.703	0.1126	5.0	False	False	completeness = retained dominant bp / dominant reference FULL length x 100; contamination = contaminant bp / dominant reference FULL length x 100 (MAGICC convention; identical denominator for truth and for every tool's target quantity)	fragmentation gradient	balanced_panel_comp>=50_leakage_free	illumina	14	10696	6733	False
balanced_panel_comp>=50_leakage_free|illumina	CoCoPyE 0.5.0	cocopye	14	14	accession	2.4038	1.4169	3.458	2.3814	1.384	3.4443	3.0703	-0.3896	0.4565	2.9545	0.5244	5.9097	2.898	0.4541	5.8859	5.9679	-3026.4876	0.0	96.925	0.0701	2.703	0.1126	5.0	False	False	completeness = retained dominant bp / dominant reference FULL length x 100; contamination = contaminant bp / dominant reference FULL length x 100 (MAGICC convention; identical denominator for truth and for every tool's target quantity)	fragmentation gradient	balanced_panel_comp>=50_leakage_free	illumina	14	10696	6733	False
balanced_panel_comp>=50_leakage_free|illumina	DeepCheck	deepcheck	14	14	accession	1.8513	0.8616	2.9314	-0.3425	-1.8452	0.975	2.7179	-0.089	0.5308	0.9531	0.4023	1.7148	0.8393	0.2239	1.6403	1.5822	-211.7978	0.0376	96.925	0.0701	2.703	0.1126	5.0	False	False	completeness = retained dominant bp / dominant reference FULL length x 100; contamination = contaminant bp / dominant reference FULL length x 100 (MAGICC convention; identical denominator for truth and for every tool's target quantity)	fragmentation gradient	balanced_panel_comp>=50_leakage_free	illumina	14	10696	6733	False
balanced_panel_comp>=50_leakage_free|s5	MAGICC V5	magicc	14	14	accession	5.3249	3.1711	7.5554	4.0623	1.1818	6.923	6.8273	-0.4763	0.1982	0.6493	0.3628	0.9634	-0.0818	-0.5375	0.3726	0.8746	-0.2617	0.0551	92.637	0.9038	5.831	0.808	5.0	True	False	completeness = retained dominant bp / dominant reference FULL length x 100; contamination = contaminant bp / dominant reference FULL length x 100 (MAGICC convention; identical denominator for truth and for every tool's target quantity)	fragmentation gradient	balanced_panel_comp>=50_leakage_free	s5	14	6522	11462	False
balanced_panel_comp>=50_leakage_free|s5	CheckM2 1.0.1	checkm2	14	14	accession	5.3625	3.2656	7.7278	-1.5485	-5.3287	1.6936	6.7777	-0.4549	0.7804	2.8448	1.6406	4.3122	2.7819	1.5555	4.2749	3.8198	-23.0672	0.4356	92.637	0.9038	5.831	0.808	5.0	True	False	completeness = retained dominant bp / dominant reference FULL length x 100; contamination = contaminant bp / dominant reference FULL length x 100 (MAGICC convention; identical denominator for truth and for every tool's target quantity)	fragmentation gradient	balanced_panel_comp>=50_leakage_free	s5	14	6522	11462	False
balanced_panel_comp>=50_leakage_free|s5	CoCoPyE 0.5.0	cocopye	14	14	accession	4.348	2.4825	6.3944	4.0723	2.0272	6.2281	5.7325	-0.0408	0.4863	11.6518	5.2907	19.0368	11.5884	5.1658	18.9527	17.3696	-496.6481	0.2792	92.637	0.9038	5.831	0.808	5.0	True	False	completeness = retained dominant bp / dominant reference FULL length x 100; contamination = contaminant bp / dominant reference FULL length x 100 (MAGICC convention; identical denominator for truth and for every tool's target quantity)	fragmentation gradient	balanced_panel_comp>=50_leakage_free	s5	14	6522	11462	False
balanced_panel_comp>=50_leakage_free|s5	DeepCheck	deepcheck	14	14	accession	6.4156	3.2747	10.0323	-5.2076	-9.3015	-1.5445	8.9396	-1.5311	0.7584	1.8901	1.0291	2.9388	1.6702	0.6684	2.8346	2.6343	-10.4468	0.3443	92.637	0.9038	5.831	0.808	5.0	True	False	completeness = retained dominant bp / dominant reference FULL length x 100; contamination = contaminant bp / dominant reference FULL length x 100 (MAGICC convention; identical denominator for truth and for every tool's target quantity)	fragmentation gradient	balanced_panel_comp>=50_leakage_free	s5	14	6522	11462	False
balanced_panel_comp>=50_leakage_free|proton	MAGICC V5	magicc	14	14	accession	5.3516	3.1211	7.5911	4.1904	1.2488	7.0169	6.875	-0.3386	0.2386	0.5237	0.2721	0.8454	0.0982	-0.2704	0.5118	0.7778	-2.3809	0.0151	92.128	0.6836	6.167	0.439	5.0	True	False	completeness = retained dominant bp / dominant reference FULL length x 100; contamination = contaminant bp / dominant reference FULL length x 100 (MAGICC convention; identical denominator for truth and for every tool's target quantity)	fragmentation gradient	balanced_panel_comp>=50_leakage_free	proton	14	5244	12130	False
balanced_panel_comp>=50_leakage_free|proton	CheckM2 1.0.1	checkm2	14	14	accession	6.2725	3.5748	9.4307	-4.4235	-8.3885	-0.9118	8.2716	-0.9377	0.7665	3.4107	2.4286	4.4179	3.4107	2.4286	4.4179	3.911	-84.4816	0.4932	92.128	0.6836	6.167	0.439	5.0	True	False	completeness = retained dominant bp / dominant reference FULL length x 100; contamination = contaminant bp / dominant reference FULL length x 100 (MAGICC convention; identical denominator for truth and for every tool's target quantity)	fragmentation gradient	balanced_panel_comp>=50_leakage_free	proton	14	5244	12130	False
balanced_panel_comp>=50_leakage_free|proton	CoCoPyE 0.5.0	cocopye	14	14	accession	4.0788	2.0465	6.2719	4.0644	2.037	6.2719	5.7413	0.0665	0.544	15.686	8.5609	23.7852	15.686	8.5609	23.7852	21.1451	-2497.6898	0.2088	92.128	0.6836	6.167	0.439	5.0	True	False	completeness = retained dominant bp / dominant reference FULL length x 100; contamination = contaminant bp / dominant reference FULL length x 100 (MAGICC convention; identical denominator for truth and for every tool's target quantity)	fragmentation gradient	balanced_panel_comp>=50_leakage_free	proton	14	5244	12130	False
balanced_panel_comp>=50_leakage_free|proton	DeepCheck	deepcheck	14	14	accession	8.1597	4.3831	12.4381	-7.9721	-12.3652	-4.1285	11.0564	-2.462	0.7571	2.079	1.1657	3.0737	2.0677	1.1392	3.069	2.7481	-41.2041	0.455	92.128	0.6836	6.167	0.439	5.0	True	False	completeness = retained dominant bp / dominant reference FULL length x 100; contamination = contaminant bp / dominant reference FULL length x 100 (MAGICC convention; identical denominator for truth and for every tool's target quantity)	fragmentation gradient	balanced_panel_comp>=50_leakage_free	proton	14	5244	12130	False
balanced_panel_comp>=50_leakage_free|mgiseq_2000	MAGICC V5	magicc	14	14	accession	4.4308	2.6133	6.2495	3.3505	0.9589	5.7135	5.6271	0.4622	0.6529	0.683	0.3101	1.1011	0.683	0.3101	1.1011	1.0411	-155.0376	0.0092	92.854	0.0578	7.963	0.0865	5.0	True	False	completeness = retained dominant bp / dominant reference FULL length x 100; contamination = contaminant bp / dominant reference FULL length x 100 (MAGICC convention; identical denominator for truth and for every tool's target quantity)	fragmentation gradient	balanced_panel_comp>=50_leakage_free	mgiseq_2000	14	2231	23092	False
balanced_panel_comp>=50_leakage_free|mgiseq_2000	CheckM2 1.0.1	checkm2	14	14	accession	5.252	2.7425	8.2059	-1.9965	-6.097	1.56	7.4279	0.0629	0.882	3.1493	1.7087	4.7623	3.1493	1.7087	4.7623	4.3058	-2667.9729	0.4294	92.854	0.0578	7.963	0.0865	5.0	True	False	completeness = retained dominant bp / dominant reference FULL length x 100; contamination = contaminant bp / dominant reference FULL length x 100 (MAGICC convention; identical denominator for truth and for every tool's target quantity)	fragmentation gradient	balanced_panel_comp>=50_leakage_free	mgiseq_2000	14	2231	23092	False
balanced_panel_comp>=50_leakage_free|mgiseq_2000	CoCoPyE 0.5.0	cocopye	14	14	accession	5.2902	2.7854	8.3979	5.2902	2.7854	8.3979	7.4859	0.0483	0.8119	11.0597	4.5721	18.2341	11.0593	4.5718	18.2341	16.6467	-39891.1936	0.5416	92.854	0.0578	7.963	0.0865	5.0	True	False	completeness = retained dominant bp / dominant reference FULL length x 100; contamination = contaminant bp / dominant reference FULL length x 100 (MAGICC convention; identical denominator for truth and for every tool's target quantity)	fragmentation gradient	balanced_panel_comp>=50_leakage_free	mgiseq_2000	14	2231	23092	False
balanced_panel_comp>=50_leakage_free|mgiseq_2000	DeepCheck	deepcheck	14	14	accession	6.8327	2.9719	11.1241	-5.2778	-10.3694	-0.9022	10.1431	-0.7473	0.865	2.4043	1.1561	3.7803	2.319	1.0119	3.7202	3.4259	-1688.5968	0.4947	92.854	0.0578	7.963	0.0865	5.0	True	False	completeness = retained dominant bp / dominant reference FULL length x 100; contamination = contaminant bp / dominant reference FULL length x 100 (MAGICC convention; identical denominator for truth and for every tool's target quantity)	fragmentation gradient	balanced_panel_comp>=50_leakage_free	mgiseq_2000	14	2231	23092	False
balanced_panel_comp>=50_leakage_free|mgiseq_t7	MAGICC V5	magicc	14	14	accession	4.6682	2.9572	6.4168	3.2773	0.7617	5.7127	5.7213	0.6708	0.7807	0.6944	0.3414	1.0777	0.6944	0.3414	1.0777	1.0137	-187.4059	0.0094	92.084	0.0489	10.347	0.0766	5.0	True	False	completeness = retained dominant bp / dominant reference FULL length x 100; contamination = contaminant bp / dominant reference FULL length x 100 (MAGICC convention; identical denominator for truth and for every tool's target quantity)	fragmentation gradient	balanced_panel_comp>=50_leakage_free	mgiseq_t7	14	1645	23794	False
balanced_panel_comp>=50_leakage_free|mgiseq_t7	CheckM2 1.0.1	checkm2	14	14	accession	5.4113	2.7157	8.7583	-2.7543	-6.91	0.8072	7.7748	0.392	0.9181	2.2611	1.2287	3.4123	2.2611	1.2287	3.4123	3.0738	-1731.2477	0.2074	92.084	0.0489	10.347	0.0766	5.0	True	False	completeness = retained dominant bp / dominant reference FULL length x 100; contamination = contaminant bp / dominant reference FULL length x 100 (MAGICC convention; identical denominator for truth and for every tool's target quantity)	fragmentation gradient	balanced_panel_comp>=50_leakage_free	mgiseq_t7	14	1645	23794	False
balanced_panel_comp>=50_leakage_free|mgiseq_t7	CoCoPyE 0.5.0	cocopye	14	14	accession	6.2002	2.9507	10.6396	6.2002	2.9507	10.6396	9.6603	0.0613	0.7842	10.2605	4.325	16.6787	10.26	4.325	16.6787	15.2576	-42678.7947	0.4234	92.084	0.0489	10.347	0.0766	5.0	True	False	completeness = retained dominant bp / dominant reference FULL length x 100; contamination = contaminant bp / dominant reference FULL length x 100 (MAGICC convention; identical denominator for truth and for every tool's target quantity)	fragmentation gradient	balanced_panel_comp>=50_leakage_free	mgiseq_t7	14	1645	23794	False
balanced_panel_comp>=50_leakage_free|mgiseq_t7	DeepCheck	deepcheck	14	14	accession	6.1636	2.6429	10.345	-4.7447	-9.5614	-0.7012	9.4326	0.1051	0.9199	1.737	0.7561	2.8012	1.6514	0.6447	2.7668	2.5923	-1230.9927	0.5777	92.084	0.0489	10.347	0.0766	5.0	True	False	completeness = retained dominant bp / dominant reference FULL length x 100; contamination = contaminant bp / dominant reference FULL length x 100 (MAGICC convention; identical denominator for truth and for every tool's target quantity)	fragmentation gradient	balanced_panel_comp>=50_leakage_free	mgiseq_t7	14	1645	23794	False
